city,ds,yhat
Chennai,2002-06-16,22.39605765441033
Chennai,2002-08-16,24.137007787832196
Chennai,2002-09-01,25.293333585544552
Chennai,2002-09-16,25.216445194576977
Chennai,2002-10-01,25.570540003874445
Chennai,2002-11-16,23.756147882656496
Chennai,2002-12-01,23.874020175056888
Chennai,2003-01-01,23.083446614851802
Chennai,2003-02-01,23.77222023153146
Chennai,2003-03-01,23.336725589878984
Chennai,2003-03-16,22.487191286696465
Chennai,2003-04-01,22.327205797937243
Chennai,2003-04-26,22.47677111942629
Chennai,2003-05-16,23.62121752854731
Chennai,2003-06-01,24.165291586017847
Chennai,2003-08-31,27.614251154625215
Chennai,2003-12-12,25.752216757084504
Chennai,2003-12-31,25.399779813020324
Chennai,2004-06-15,26.69553907950389
Chennai,2004-07-31,29.541514104408222
Chennai,2005-04-01,27.104637451093325
Chennai,2005-04-05,27.183877047382584
Chennai,2005-06-20,29.35864623720207
Chennai,2005-09-06,32.20120432070992
Chennai,2006-06-10,31.405022216653382
Chennai,2006-06-20,31.860448685368446
Chennai,2006-09-06,34.57912512558123
Chennai,2006-11-30,32.74657842426746
Chennai,2007-02-16,32.51044585396137
Chennai,2007-03-01,32.30342583861855
Chennai,2007-05-16,33.12140019457174
Chennai,2007-06-06,33.31543702231461
Chennai,2008-05-24,35.99579553470601
Chennai,2008-06-06,35.70872595689329
Chennai,2008-07-16,39.17018953600633
Chennai,2008-11-06,37.654599324760646
Chennai,2009-01-29,37.691810316033376
Chennai,2009-07-02,40.16903466809756
Chennai,2010-02-27,40.020633537299574
Chennai,2010-04-01,38.75032392485065
Chennai,2010-09-08,44.14179292071987
Chennai,2010-11-02,42.73787283749448
Chennai,2011-06-25,44.57462795945324
Chennai,2011-07-01,44.965366582668366
Chennai,2012-06-18,45.809684304680744
Chennai,2012-07-25,48.56526664858383
Chennai,2012-08-01,48.16974378116761
Chennai,2012-09-14,49.08427837852545
Chennai,2012-10-27,48.01748795999525
Chennai,2012-11-01,47.29342191646039
Chennai,2013-01-18,47.93276373621829
Chennai,2013-02-16,47.08209385405743
Chennai,2013-03-23,46.09474613986235
Chennai,2013-04-01,45.94117700952593
Chennai,2013-05-11,47.38345549933578
Chennai,2013-06-01,47.8286553873188
Chennai,2013-07-02,49.878880522470304
Chennai,2013-08-01,50.33826607106539
Chennai,2013-09-01,51.428129339581986
Chennai,2013-10-01,51.68969018088452
Chennai,2013-11-01,49.89714907774134
Chennai,2013-12-01,50.00027927077855
Chennai,2013-12-21,49.452247921737346
Chennai,2014-01-04,49.72776494963887
Chennai,2014-02-01,49.876890015185765
Chennai,2014-03-01,49.45070867682725
Chennai,2014-05-13,49.5672686178378
Chennai,2014-06-01,50.289490167682814
Chennai,2014-07-01,52.10879006116365
Chennai,2014-08-01,52.94875522255155
Chennai,2014-08-31,53.749747032628726
Chennai,2014-10-19,53.36560113019256
Chennai,2014-11-01,52.59262933244482
Chennai,2014-12-01,51.812097581795335
Chennai,2014-12-16,51.70950213865781
Chennai,2015-01-17,52.97074071528599
Chennai,2015-02-01,52.3574711572548
Chennai,2015-02-04,51.74005175568642
Chennai,2015-02-16,51.34698541239495
Chennai,2015-03-01,51.92197651560249
Chennai,2015-04-02,50.52613932094624
Chennai,2015-04-15,50.61572262133449
Chennai,2015-05-01,50.68217708009301
Chennai,2015-05-16,52.140627745820694
Chennai,2015-06-16,52.42900931995378
Chennai,2015-07-01,53.99633244484757
Chennai,2015-07-15,55.20845155390341
Chennai,2015-08-01,55.06250946016099
Chennai,2015-08-15,54.64952668887644
Chennai,2015-09-01,55.040520187831554
Chennai,2015-10-01,55.416594076310325
Chennai,2015-10-16,54.710657751494004
Chennai,2015-11-01,54.11950834773761
Chennai,2015-11-16,53.1582041993877
Chennai,2015-12-01,53.27979941311598
Chennai,2015-12-16,52.99042645479463
Chennai,2016-01-01,52.76768651777567
Chennai,2016-01-15,53.719488004050724
Chennai,2016-02-01,52.89493508229282
Chennai,2016-02-17,52.542327054779065
Chennai,2016-03-01,52.447660313950884
Chennai,2016-03-09,51.89974127276687
Chennai,2016-03-16,51.47091722993795
Chennai,2016-03-17,51.216935229437894
Chennai,2016-04-05,51.76847047593553
Chennai,2016-04-09,52.06008277322566
Chennai,2016-04-16,51.833830968855125
Chennai,2016-05-01,52.10248022859139
Chennai,2016-05-17,52.85937792041006
Chennai,2016-06-01,52.88028770544859
Chennai,2016-06-16,53.249897084795734
Chennai,2016-07-01,55.05077704315748
Chennai,2016-07-15,56.205910731235896
Chennai,2016-08-01,55.510006237542136
Chennai,2016-08-15,55.15938870099848
Chennai,2016-09-01,55.82891404819318
Chennai,2016-09-15,56.22394682764421
Chennai,2016-10-01,56.901194286622854
Chennai,2016-10-05,56.42949455182564
Chennai,2016-10-15,56.01381357499636
Chennai,2016-11-06,54.90398974625992
Chennai,2016-11-16,54.279974895074496
Chennai,2016-12-01,54.16682749864878
Chennai,2016-12-17,54.450084052693214
Chennai,2017-01-01,54.55412576244636
Chennai,2017-01-16,55.094528318453165
Chennai,2017-03-05,54.49634980857543
Chennai,2017-04-01,54.112233821894996
Chennai,2017-04-16,54.149675792784706
Chennai,2017-05-01,53.86876397676187
Chennai,2017-05-16,55.28006539661119
Chennai,2017-05-29,55.317935368589
Chennai,2017-06-01,55.261933800136475
Chennai,2017-06-16,56.176366079037045
Chennai,2017-06-19,56.303819418752916
Chennai,2017-06-20,56.5612537469247
Chennai,2017-06-21,56.6809130783197
Chennai,2017-06-22,56.571515365002384
Chennai,2017-06-23,56.9067414177826
Chennai,2017-06-26,57.09985579501975
Chennai,2017-06-27,57.373793961532776
Chennai,2017-06-28,57.50715579967437
Chennai,2017-06-29,57.40857244515919
Chennai,2017-06-30,57.75161918367104
Chennai,2017-07-03,57.94889012503797
Chennai,2017-07-04,58.21724997823064
Chennai,2017-07-05,58.34126296237261
Chennai,2017-07-06,58.22938673099228
Chennai,2017-07-07,58.555034886170205
Chennai,2017-07-10,58.67424536355871
Chennai,2017-07-11,58.90775419731589
Chennai,2017-07-12,58.99253123742371
Chennai,2017-07-13,58.83715209593494
Chennai,2017-07-14,59.11522468879065
Chennai,2017-07-17,59.070445198866935
Chennai,2017-07-18,59.24367735252682
Chennai,2017-07-19,59.26630871543414
Chennai,2017-07-20,59.04758592876429
Chennai,2017-07-21,59.261847668988075
Chennai,2017-07-24,59.03076969491495
Chennai,2017-07-25,59.14636387224526
Chennai,2017-07-26,59.11495639498461
Chennai,2017-07-27,58.84657346117519
Chennai,2017-07-28,59.01628044192207
Chennai,2017-07-31,58.6882892390197
Chennai,2017-08-01,58.785381092625435
Chennai,2017-08-02,58.742861087795255
Chennai,2017-08-04,58.64440306659718
Chennai,2017-08-07,58.37034053805952
Chennai,2017-08-08,58.52558083803896
Chennai,2017-08-09,58.54656699005968
Chennai,2017-08-10,58.342679768274465
Chennai,2017-08-11,58.58812868478374
Chennai,2017-08-14,58.54353090031783
Chennai,2017-08-16,58.82003932076926
Chennai,2017-08-17,58.664278411644396
Chennai,2017-08-18,58.95543639863847
Chennai,2017-08-21,59.02689538804708
Chennai,2017-08-22,59.26266814996298
Chennai,2017-08-23,59.35854157240953
Chennai,2017-08-24,59.22291054974392
Chennai,2017-08-28,59.617663562316466
Chennai,2017-08-29,59.85074705758981
Chennai,2017-08-30,59.940508839564295
Chennai,2017-08-31,59.795893185128506
Chennai,2017-09-01,60.09090158903208
Chennai,2017-09-04,60.137875985337665
Chennai,2017-09-05,60.3564925265806
Chennai,2017-09-06,60.43233203667464
Chennai,2017-09-07,60.27476091662268
Chennai,2017-09-08,60.55812153129993
Chennai,2017-09-11,60.58001299694114
Chennai,2017-09-12,60.79373235126972
Chennai,2017-09-13,60.86624793175945
Chennai,2017-09-14,60.70669163895663
Chennai,2017-09-15,60.98909001049508
Chennai,2017-09-19,61.222636845835396
Chennai,2017-09-20,61.29265726580841
Chennai,2017-09-21,61.128814568296804
Chennai,2017-09-22,61.404670389280625
Chennai,2017-09-25,61.388681659698705
Chennai,2017-09-26,61.58214706702974
Chennai,2017-09-27,61.62951505964361
Chennai,2017-09-28,61.43942598305345
Chennai,2017-09-29,61.685548792162564
Chennai,2017-10-03,61.71487150800936
Chennai,2017-10-04,61.720087884729836
Chennai,2017-10-05,61.48693152939663
Chennai,2017-10-06,61.68972325428356
Chennai,2017-10-09,61.44139151473636
Chennai,2017-10-10,61.556564277703814
Chennai,2017-10-11,61.52710258602315
Chennai,2017-10-12,61.2627868841096
Chennai,2017-10-13,61.43839084487186
Chennai,2017-10-16,61.13549531411
Chennai,2017-10-17,61.242035815300646
Chennai,2017-10-18,61.20873690652643
Chennai,2017-10-24,60.987141494086664
Chennai,2017-10-25,60.97491753448847
Chennai,2017-10-26,60.73408928065169
Chennai,2017-10-30,60.74637724294417
Chennai,2017-10-31,60.89467411545596
Chennai,2017-11-01,60.90407546979595
Chennai,2017-11-02,60.683397685192595
Chennai,2017-11-03,60.90643646345164
Chennai,2017-11-06,60.759189932425926
Chennai,2017-11-07,60.919196909620176
Chennai,2017-11-09,60.727465909137095
Chennai,2017-11-10,60.9588703492478
Chennai,2017-11-13,60.834770274470344
Chennai,2017-11-14,61.002863380895285
Chennai,2017-11-15,61.03132367931778
Chennai,2017-11-16,60.82942026538988
Chennai,2017-11-17,61.07138060612219
Chennai,2017-11-20,60.985317223690245
Chennai,2017-11-21,61.16797350461274
Chennai,2017-11-22,61.21162773932086
Chennai,2017-11-23,61.02525443046019
Chennai,2017-11-24,61.282725076752484
Chennai,2017-11-27,61.238842814216554
Chennai,2017-11-28,61.43257819126277
Chennai,2017-11-29,61.485053182733466
Chennai,2017-11-30,61.30481789051861
Chennai,2017-12-01,61.56536868998664
Chennai,2017-12-05,61.69209496505419
Chennai,2017-12-06,61.72955445480933
Chennai,2017-12-07,61.53085207042214
Chennai,2017-12-08,61.76981329939694
Chennai,2017-12-11,61.63566764937418
Chennai,2017-12-12,61.789490722352326
Chennai,2017-12-13,61.798493646957304
Chennai,2017-12-14,61.572299783583134
Chennai,2017-12-15,61.78562615412377
Chennai,2017-12-18,61.59452097603944
Chennai,2017-12-19,61.73872553084225
Chennai,2017-12-20,61.74395766740149
Chennai,2017-12-21,61.52037163796292
Chennai,2017-12-22,61.743074619480964
Chennai,2017-12-26,61.803411234399945
Chennai,2017-12-27,61.851834435163504
Chennai,2017-12-28,61.67693744616895
Chennai,2017-12-29,61.95299867098618
Chennai,2018-01-01,62.00975331429916
Chennai,2018-01-02,62.252029666189515
Chennai,2018-01-03,62.360202849096154
Chennai,2018-01-05,62.57154688199252
Chennai,2018-01-08,62.75098845185902
Chennai,2018-01-09,63.01834006061413
Chennai,2018-01-10,63.14224188849046
Chennai,2018-01-11,63.03023842895504
Chennai,2018-01-12,63.35489130978634
Chennai,2018-01-15,63.458857111736584
Chennai,2018-01-16,63.68149002329938
Chennai,2018-01-17,63.752017775705355
Chennai,2018-01-18,63.57897776359713
Chennai,2018-01-19,63.83610897070907
Chennai,2018-01-22,63.71255352903777
Chennai,2018-01-23,63.85617435893197
Chennai,2018-01-24,63.84879673314302
Chennai,2018-01-25,63.6005632067676
Chennai,2018-01-29,63.4896346718411
Chennai,2018-01-30,63.5922518886015
Chennai,2018-02-01,63.284544660414554
Chennai,2018-02-02,63.4603627862426
Chennai,2018-02-05,63.193793598917885
Chennai,2018-02-06,63.325420119935224
Chennai,2018-02-07,63.32383222704483
Chennai,2018-02-08,63.09849670011808
Chennai,2018-02-09,63.32361162414357
Chennai,2018-02-12,63.22310776060731
Chennai,2018-02-13,63.410940068295275
Chennai,2018-02-14,63.4633858495409
Chennai,2018-02-15,63.288442275617534
Chennai,2018-02-16,63.55895107335428
Chennai,2018-02-19,63.553479779491596
Chennai,2018-02-20,63.75654753793345
Chennai,2018-02-21,63.81521389423499
Chennai,2018-02-22,63.637367293546795
Chennai,2018-02-23,63.89599115102644
Chennai,2018-02-26,63.80599636691585
Chennai,2018-02-27,63.96736744415232
Chennai,2018-02-28,63.979424993272076
Chennai,2018-03-01,63.751383731767326
Chennai,2018-03-02,63.95764883579663
Chennai,2018-03-05,63.712426610222714
Chennai,2018-03-06,63.827541366791365
Chennai,2018-03-07,63.798346363165635
Chennai,2018-03-08,63.53523122573565
Chennai,2018-03-09,63.71361007059618
Chennai,2018-03-12,63.434934963261504
Chennai,2018-03-13,63.55687030527628
Chennai,2018-03-14,63.54350608955191
Chennai,2018-03-15,63.30488926236364
Chennai,2018-03-16,63.515864263265044
Chennai,2018-03-19,63.37484199028788
Chennai,2018-03-20,63.552208731896
Chennai,2018-03-22,63.41745369645538
Chennai,2018-03-23,63.68736333162527
Chennai,2018-03-26,63.70762822698852
Chennai,2018-03-27,63.92936418096549
Chennai,2018-03-29,63.86309444503696
Chennai,2018-03-30,64.15569585799697
Chennai,2018-04-02,64.19382195403472
Chennai,2018-04-03,64.4049878862877
Chennai,2018-04-04,64.4693757122986
Chennai,2018-04-05,64.29551544195361
Chennai,2018-04-09,64.47751100963012
Chennai,2018-04-10,64.64546932402024
Chennai,2018-04-12,64.4517840297049
Chennai,2018-04-13,64.67504672586686
Chennai,2018-04-16,64.51005345376754
Chennai,2018-04-19,64.46189068481428
Chennai,2018-04-20,64.69408327623509
Chennai,2018-04-23,64.60499007993118
Chennai,2018-04-24,64.7978144983985
Chennai,2018-05-14,66.60227799129969
Chennai,2018-05-15,66.84306747173804
Chennai,2018-05-16,66.93540537808711
Chennai,2018-05-17,66.7881790443127
Chennai,2018-05-18,67.07541179079429
Chennai,2018-05-21,67.0695060950731
Chennai,2018-05-22,67.2615312723858
Chennai,2018-05-23,67.30693929227894
Chennai,2018-05-24,67.11559541375057
Chennai,2018-05-25,67.36241073409602
Chennai,2018-05-26,67.69805180300081
Chennai,2018-05-27,67.80538304323996
Chennai,2018-05-28,67.2646476435569
Chennai,2018-05-29,67.43761090784236
Chennai,2018-05-31,67.27261665584543
Chennai,2018-06-01,67.51953256470713
Chennai,2018-06-02,67.86154394147687
Chennai,2018-06-03,67.98125588222301
Chennai,2018-06-04,67.45854987280917
Chennai,2018-06-05,67.65474189968366
Chennai,2018-06-06,67.71531201965273
Chennai,2018-06-07,67.54966537011848
Chennai,2018-06-08,67.83208191736067
Chennai,2018-06-09,68.21245070116173
Chennai,2018-06-10,68.37273890385934
Chennai,2018-06-11,67.89220052168996
Chennai,2018-06-12,68.13154774143338
Chennai,2018-06-15,68.43881845583405
Chennai,2018-06-17,69.06189790258092
Chennai,2018-06-19,68.89653129243497
Chennai,2018-06-21,68.9459160439841
Chennai,2018-06-22,69.30141039065334
Chennai,2018-06-23,69.75138288597536
Chennai,2018-06-24,69.97737024804617
Chennai,2018-06-25,69.55826477563407
Chennai,2018-06-26,69.8392396050422
Chennai,2018-07-05,70.78637780354298
Chennai,2018-07-06,71.12589110140863
Chennai,2018-07-09,71.29155133815411
Chennai,2018-07-10,71.5421040338925
Chennai,2018-07-12,71.50767504749331
Chennai,2018-07-13,71.80473703871736
Chennai,2018-07-16,71.81937369653413
Chennai,2018-07-19,71.85694265749247
Chennai,2018-07-20,72.09089413090076
Chennai,2018-07-23,71.91537844568317
Chennai,2018-07-24,72.04783846932168
Chennai,2018-07-30,71.66586567652915
Chennai,2018-07-31,71.77092785783032
Chennai,2018-08-02,71.46832957196334
Chennai,2018-08-03,71.64595985381217
Chennai,2018-08-06,71.377887557775
Chennai,2018-08-07,71.50603628411288
Chennai,2018-08-16,71.3962378983778
Chennai,2018-08-17,71.6620606712634
Chennai,2018-08-20,71.66286220500507
Chennai,2018-08-21,71.8769519128742
Chennai,2018-08-24,72.08375361972486
Chennai,2018-08-25,72.46278730718471
Chennai,2018-08-26,72.614968459507
Chennai,2018-08-27,72.11905651006457
Chennai,2018-08-28,72.33542019392097
Chennai,2018-08-29,72.40877611438003
Chennai,2018-08-30,72.24795340519384
Chennai,2018-08-31,72.52684193748661
Chennai,2018-09-03,72.52498655533302
Chennai,2018-09-04,72.72690003222885
Chennai,2018-09-06,72.61080353651533
Chennai,2018-09-07,72.85797734634944
Chennai,2018-09-10,72.76936043155098
Chennai,2018-09-11,72.94573673150653
Chennai,2018-09-12,72.9807649532535
Chennai,2018-09-13,72.78366039712759
Chennai,2018-09-14,73.02854095997753
Chennai,2018-09-15,73.36515072487015
Chennai,2018-09-16,73.47531923464251
Chennai,2018-09-17,72.93816169655086
Chennai,2018-09-18,73.11424363124335
Chennai,2018-09-20,72.94908860837315
Chennai,2018-09-21,73.19017564903127
Chennai,2018-09-23,73.62250474963018
Chennai,2018-09-24,73.0738884220233
Chennai,2018-09-25,73.23526526545979
Chennai,2018-09-27,73.03019447551583
Chennai,2018-09-28,73.24592761736216
Chennai,2018-09-30,73.61716403022659
Chennai,2018-10-01,73.0332784630008
Chennai,2018-10-02,73.15671158620484
Chennai,2018-10-04,72.86966186969737
Chennai,2018-10-05,73.04249683584129
Chennai,2018-10-06,73.30096445917357
Chennai,2018-10-07,73.32731901666027
Chennai,2018-10-08,72.7012695881339
Chennai,2018-10-09,72.78413452127813
Chennai,2018-10-10,72.72156266235557
Chennai,2018-10-11,72.42328178551986
Chennai,2018-10-12,72.56403209060771
Chennai,2018-10-13,72.7942812001921
Chennai,2018-10-14,72.79667173275986
Chennai,2018-10-15,72.1512070292398
Chennai,2018-10-16,72.21939895869986
Chennai,2018-10-18,71.84367816992201
Chennai,2018-10-19,71.97236420187411
Chennai,2018-10-20,72.19502917269736
Chennai,2018-10-22,71.54892533794683
Chennai,2018-10-23,71.62083632126108
Chennai,2018-10-24,71.55497822648675
Chennai,2018-10-25,71.26052402676605
Chennai,2018-10-26,71.41153665995563
Chennai,2018-10-29,71.05998108131165
Chennai,2018-10-30,71.15577182126214
Chennai,2018-10-31,71.11300860930187
Chennai,2018-11-01,70.84051095666698
Chennai,2018-11-02,71.01206274174767
Chennai,2018-11-05,70.71203837208989
Chennai,2018-11-06,70.82152401149565
Chennai,2018-11-12,70.43412059833913
Chennai,2018-11-13,70.55125915322918
Chennai,2018-11-15,70.27525029887481
Chennai,2018-11-16,70.46560589998248
Chennai,2018-11-19,70.22379172516328
Chennai,2018-11-20,70.3543976728565
Chennai,2018-11-21,70.34605343624186
Chennai,2018-11-22,70.10781756893502
Chennai,2018-11-23,70.31365037783424
Chennai,2018-11-26,70.1170943693104
Chennai,2018-11-27,70.26095944706182
Chennai,2018-11-28,70.26418850200815
Chennai,2018-11-29,70.03537929960768
Chennai,2018-11-30,70.24805820281368
Chennai,2018-12-01,70.55142434430799
Chennai,2018-12-02,70.62682874571175
Chennai,2018-12-03,70.05299306430646
Chennai,2018-12-04,70.19019093721872
Chennai,2018-12-05,70.18299856807842
Chennai,2018-12-06,69.940074092361
Chennai,2018-12-07,70.13512262922184
Chennai,2018-12-10,69.86965480024821
Chennai,2018-12-11,69.979307883048
Chennai,2018-12-12,69.94366287987216
Chennai,2018-12-13,69.67217720640284
Chennai,2018-12-14,69.83941006756267
Chennai,2018-12-17,69.50385813031137
Chennai,2018-12-18,69.59751137439484
Chennai,2018-12-19,69.5508834971084
Chennai,2018-12-20,69.27411025260223
Chennai,2018-12-21,69.44231390311653
Chennai,2018-12-24,69.1507124458872
Chennai,2018-12-25,69.2730371950858
Chennai,2018-12-26,69.26181774650016
Chennai,2018-12-27,69.02675086082658
Chennai,2018-12-28,69.2423404639268
Chennai,2018-12-31,69.11833131451128
Chennai,2019-01-02,69.35134962341168
Chennai,2019-01-03,69.1764833599
Chennai,2019-01-04,69.44995806789777
Chennai,2019-01-07,69.4723864362684
Chennai,2019-01-08,69.69111690531403
Chennai,2019-01-09,69.76834610591422
Chennai,2019-01-10,69.61160768538785
Chennai,2019-01-11,69.89340791839352
Chennai,2019-01-14,69.87890989594815
Chennai,2019-01-16,70.09962745071563
Chennai,2019-01-17,69.89159343394036
Chennai,2019-01-18,70.11416914497926
Chennai,2019-01-21,69.88655469931098
Chennai,2019-01-22,69.99435909738199
Chennai,2019-01-23,69.95013042230102
Chennai,2019-01-24,69.66376230364828
Chennai,2019-01-25,69.81031877848453
Chennai,2019-01-28,69.3836686984427
Chennai,2019-01-29,69.43925003875484
Chennai,2019-01-30,69.35166937909743
Chennai,2019-01-31,69.03159949789266
Chennai,2019-02-01,69.15464935779399
Chennai,2019-02-05,68.79362695981114
Chennai,2019-02-06,68.73290211291743
Chennai,2019-02-07,68.4479246372446
Chennai,2019-02-08,68.61318813710237
Chennai,2019-02-11,68.33481235301903
Chennai,2019-02-12,68.46483609252155
Chennai,2019-02-13,68.46062074061064
Chennai,2019-02-14,68.23036135245816
Chennai,2019-02-15,68.44705944126764
Chennai,2019-02-18,68.29013646267356
Chennai,2019-02-19,68.44613304736805
Chennai,2019-02-20,68.45936059212434
Chennai,2019-02-22,68.45366791446236
Chennai,2019-02-25,68.24216771245635
Chennai,2019-02-26,68.36426879723693
Chennai,2019-02-27,68.33722020095222
Chennai,2019-02-28,68.06995461029149
Chennai,2019-03-01,68.23659873051649
Chennai,2019-03-04,67.86755526794076
Chennai,2019-03-05,67.9390002897261
Chennai,2019-03-06,67.86464470039078
Chennai,2019-03-07,67.55475964499844
Chennai,2019-03-08,67.68468365505758
Chennai,2019-03-11,67.25045280625524
Chennai,2019-03-12,67.31733549302322
Chennai,2019-03-13,67.24752205210194
Chennai,2019-03-14,66.9512382221032
Chennai,2019-03-15,67.10353843371492
Chennai,2019-03-18,66.78288741524885
Chennai,2019-03-19,66.90005765787916
Chennai,2019-03-20,66.88481150487226
Chennai,2019-03-21,66.64603605318297
Chennai,2019-03-22,66.85737788663202
Chennai,2019-03-23,67.16798590009574
Chennai,2019-03-24,67.25899246320766
Chennai,2019-03-25,66.70873753633089
Chennai,2019-03-26,66.87695857638016
Chennai,2019-03-27,66.90755268421516
Chennai,2019-03-28,66.7083702804295
Chennai,2019-03-29,66.952196917434
Chennai,2019-04-01,66.85281397338886
Chennai,2019-04-02,67.02065023884816
Chennai,2019-04-03,67.04266082402764
Chennai,2019-04-04,66.82715435615462
Chennai,2019-04-05,67.04758282786389
Chennai,2019-04-08,66.8449185346566
Chennai,2019-04-09,66.9711298479103
Chennai,2019-04-10,66.95007832258369
Chennai,2019-04-11,66.69144457052096
Chennai,2019-04-12,66.87005160959967
Chennai,2019-04-15,66.56269923934389
Chennai,2019-04-16,66.66476201188343
Chennai,2019-04-17,66.62649670553584
Chennai,2019-04-18,66.35825881270995
Chennai,2019-04-19,66.5353459829333
Chennai,2019-04-20,66.8086964250471
Chennai,2019-04-21,66.861322139839
Chennai,2019-04-22,66.27348286763069
Chennai,2019-04-23,66.40682491031616
Chennai,2019-04-24,66.40709261627043
Chennai,2019-04-25,66.18387313094593
Chennai,2019-04-26,66.4115322819183
Chennai,2019-04-27,66.73993786009785
Chennai,2019-04-28,66.85092104515284
Chennai,2019-04-29,66.32348107634158
Chennai,2019-04-30,66.5179564880575
Chennai,2019-05-02,66.41420555766595
Chennai,2019-05-03,66.69737819888793
Chennai,2019-05-04,67.07698605579142
Chennai,2019-05-05,67.23380059584773
Chennai,2019-05-06,66.74589584152042
Chennai,2019-05-07,66.97284052307405
Chennai,2019-05-08,67.05845942757324
Chennai,2019-05-09,66.91062331113821
Chennai,2019-05-10,67.20222415364708
Chennai,2019-05-11,67.5819311014244
Chennai,2019-05-12,67.73067712499716
Chennai,2019-05-13,67.22688098346346
Chennai,2019-05-14,67.43062752638428
Chennai,2019-05-15,67.4864131846819
Chennai,2019-05-16,67.30291652971573
Chennai,2019-05-17,67.55395127416466
Chennai,2019-05-18,67.88919771864354
Chennai,2019-05-19,67.99066337374808
Chennai,2019-05-20,67.4378780752046
Chennai,2019-05-21,67.5920473518248
Chennai,2019-05-22,67.59877160826572
Chennai,2019-05-23,67.36779167690497
Chennai,2019-05-24,67.57391872668362
Chennai,2019-05-25,67.86774508237012
Chennai,2019-05-26,67.93208714280904
Chennai,2019-05-27,67.34716608042135
Chennai,2019-05-28,67.4747503418129
Chennai,2019-05-29,67.46086766315297
Chennai,2019-05-30,67.2155471941283
Chennai,2019-05-31,67.41374965490832
Chennai,2019-06-01,67.7060819061816
Chennai,2019-06-02,67.77524685766133
Chennai,2019-06-03,67.20123404791521
Chennai,2019-06-04,67.34547449498996
Chennai,2019-06-05,67.35356705474298
Chennai,2019-06-06,67.13503636365948
Chennai,2019-06-07,67.3642797504244
Chennai,2019-06-10,67.26423522523604
Chennai,2019-06-11,67.45030319930547
Chennai,2019-06-12,67.5013589255601
Chennai,2019-06-13,67.3263485565664
Chennai,2019-06-14,67.59913302235167
Chennai,2019-06-15,67.96922713528026
Chennai,2019-06-16,68.11827147811167
Chennai,2019-06-18,67.85061977141505
Chennai,2019-06-19,67.93913015963639
Chennai,2019-06-20,67.7995075913067
Chennai,2019-06-21,68.10544710873901
Chennai,2019-06-22,68.50633643533634
Chennai,2019-06-24,68.21649991953795
Chennai,2019-06-25,68.4650979010912
Chennai,2019-06-27,68.45243939208473
Chennai,2019-06-28,68.77349185468009
Chennai,2019-06-29,69.18665159000922
Chennai,2019-06-30,69.37336708187635
Chennai,2019-07-01,68.91242512375271
Chennai,2019-07-02,69.16411251269045
Chennai,2019-07-03,69.27328077149544
Chennai,2019-07-04,69.14810901202277
Chennai,2019-07-05,69.46205299049761
Chennai,2019-07-06,69.86424607050763
Chennai,2019-07-07,70.03596796881672
Chennai,2019-07-08,69.55585334238138
Chennai,2019-07-09,69.78406360000419
Chennai,2019-07-10,69.8650289797711
Chennai,2019-07-11,69.70722079494386
Chennai,2019-07-12,69.98411108121823
Chennai,2019-07-13,70.3449153513287
Chennai,2019-07-15,69.94144030767774
Chennai,2019-07-16,70.1165085113232
Chennai,2019-07-17,70.14110475332573
Chennai,2019-07-18,69.9241846170192
Chennai,2019-07-19,70.13978398906518
Chennai,2019-07-20,70.43775572945046
Chennai,2019-07-22,69.90685381553482
Chennai,2019-07-24,69.98197364824618
Chennai,2019-07-25,69.70591991041591
Chennai,2019-07-26,69.86558082404741
Chennai,2019-07-27,70.11160851375104
Chennai,2019-07-29,69.49176146063508
Chennai,2019-07-30,69.56809660634566
Chennai,2019-07-31,69.5020771458634
Chennai,2019-08-01,69.20390549552518
Chennai,2019-08-02,69.34873793374675
Chennai,2019-08-03,69.58739462554867
Chennai,2019-08-04,69.60280337020465
Chennai,2019-08-05,68.97518267714749
Chennai,2019-08-06,69.06618810152268
Chennai,2019-08-07,69.02162945508667
Chennai,2019-08-08,68.75121938049962
Chennai,2019-08-09,68.92951110150483
Chennai,2019-08-10,69.20662161194473
Chennai,2019-08-11,69.26469110764694
Chennai,2019-08-12,68.68308386898855
Chennai,2019-08-13,68.82255406515429
Chennai,2019-08-14,68.82798358537467
Chennai,2019-08-15,68.6081518391592
Chennai,2019-08-16,68.83669477194339
Chennai,2019-08-17,69.16284878928124
Chennai,2019-08-18,69.26792983651053
Chennai,2019-08-19,68.73055231349494
Chennai,2019-08-20,68.91081081150938
Chennai,2019-08-21,68.9530313520862
Chennai,2019-08-22,68.76555171524026
Chennai,2019-08-23,69.02168783028819
Chennai,2019-08-24,69.37608518874478
Chennai,2019-08-25,69.50438818646955
Chennai,2019-08-26,68.98526658506309
Chennai,2019-08-27,69.17898768388575
Chennai,2019-08-28,69.23015833375173
Chennai,2019-08-29,69.04749321844847
Chennai,2019-08-30,69.30476674618244
Chennai,2019-08-31,69.65154449844593
Chennai,2019-09-01,69.76964488885187
Chennai,2019-09-02,69.2383362565252
Chennai,2019-09-03,69.41849304958137
Chennai,2019-09-04,69.45531855077878
Chennai,2019-09-05,69.2580945862486
Chennai,2019-09-06,69.5011161001181
Chennai,2019-09-07,69.83440704337163
Chennai,2019-09-08,69.94016867593291
Chennai,2019-09-09,69.39796588537902
Chennai,2019-09-10,69.56887547810697
Chennai,2019-09-11,69.59820410798294
Chennai,2019-09-12,69.39523640299421
Chennai,2019-09-13,69.63417119562192
Chennai,2019-09-14,69.96484223113967
Chennai,2019-09-15,70.06917428405593
Chennai,2019-09-16,69.52638002806819
Chennai,2019-09-17,69.69712127601805
Chennai,2019-09-18,69.72624184460005
Chennai,2019-09-19,69.52253213568524
Chennai,2019-09-20,69.75968282712617
Chennai,2019-09-21,70.08702350576802
Chennai,2019-09-22,70.18599661914443
Chennai,2019-09-23,69.63537154191812
Chennai,2019-09-24,69.79542184528566
Chennai,2019-09-25,69.81067253269293
Chennai,2019-09-26,69.58967689397264
Chennai,2019-09-27,69.80597999585747
Chennai,2019-09-28,70.10886434264663
Chennai,2019-09-29,70.17982786946496
Chennai,2019-09-30,69.59779894130693
Chennai,2019-10-01,69.72331141784748
Chennai,2019-10-02,69.70124661452184
Chennai,2019-10-03,69.44514149618817
Chennai,2019-10-04,69.62452274938664
Chennai,2019-10-05,69.88925783568924
Chennai,2019-10-07,69.30077841126452
Chennai,2019-10-08,69.38837218820395
Chennai,2019-10-09,69.32981780808328
Chennai,2019-10-10,69.03476811247238
Chennai,2019-10-11,69.17790599592419
Chennai,2019-10-12,69.4096607276176
Chennai,2019-10-13,69.41265629290756
Chennai,2019-10-14,68.76689731238295
Chennai,2019-10-15,68.83391646247496
Chennai,2019-10-16,68.75949104545175
Chennai,2019-10-17,68.45338926679518
Chennai,2019-10-18,68.59030413747963
Chennai,2019-10-19,68.8205714007346
Chennai,2019-10-20,68.82662245131371
Chennai,2019-10-21,68.1881776414512
Chennai,2019-10-22,68.2664036480239
Chennai,2019-10-23,68.20664222111694
Chennai,2019-10-24,67.91817047648046
Chennai,2019-10-25,68.07515019862024
Chennai,2019-10-26,68.32736206213036
Chennai,2019-10-27,68.35667522166067
Chennai,2019-10-28,67.74225713768544
Chennai,2019-10-29,67.84474679277326
Chennai,2019-10-30,67.80899812236751
Chennai,2019-10-31,67.54385336560496
Chennai,2019-11-01,67.72310339975694
Chennai,2019-11-02,67.99623062923908
Chennai,2019-11-03,68.04488462024668
Chennai,2019-11-04,67.44809517448081
Chennai,2019-11-05,67.56644591425795
Chennai,2019-11-06,67.54481521469937
Chennai,2019-11-07,67.29214429419186
Chennai,2019-11-08,67.48238972313199
Chennai,2019-11-09,67.7652562031559
Chennai,2019-11-10,67.82266016520173
Chennai,2019-11-11,67.2339293020308
Chennai,2019-11-12,67.35996158119198
Chennai,2019-11-13,67.34595108432421
Chennai,2019-11-14,67.10114101439805
Chennai,2019-11-15,67.29976166443069
Chennai,2019-11-16,67.59174971929797
Chennai,2019-11-17,67.65919992719827
Chennai,2019-11-18,67.08188616788141
Chennai,2019-11-19,67.22041848989969
Chennai,2019-11-20,67.21995847168297
Chennai,2019-11-21,66.98963876086934
Chennai,2019-11-22,67.20350206203126
Chennai,2019-11-24,67.59457430966864
Chennai,2019-11-25,67.03261125945993
Chennai,2019-11-26,67.18585041422122
Chennai,2019-11-27,67.19899757104947
Chennai,2019-11-28,66.9807164591495
Chennai,2019-11-29,67.20458512350399
Chennai,2019-11-30,67.51983732947593
Chennai,2019-12-01,67.60783935619773
Chennai,2019-12-02,67.04730695010001
Chennai,2019-12-03,67.19848548494338
Chennai,2019-12-04,67.20590003253919
Chennai,2019-12-05,66.97813492027085
Chennai,2019-12-06,67.18879970208681
Chennai,2019-12-07,67.48727697237209
Chennai,2019-12-08,67.55520207073745
Chennai,2019-12-09,66.97167923033504
Chennai,2019-12-10,67.09745710715431
Chennai,2019-12-11,67.07767040130163
Chennai,2019-12-12,66.82160727113164
Chennai,2019-12-13,67.00365970839307
Chennai,2019-12-14,67.27405265729044
Chennai,2019-12-15,67.31530238276959
Chennai,2019-12-16,66.70740919014483
Chennai,2019-12-17,66.8120080609258
Chennai,2019-12-18,66.77508460403297
Chennai,2019-12-19,66.50671675313079
Chennai,2019-12-20,66.68200012906107
Chennai,2019-12-21,66.9517536003594
Chennai,2019-12-22,66.99895627440574
Chennai,2019-12-23,66.40392170396846
Chennai,2019-12-24,66.52843349122348
Chennai,2019-12-25,66.51845022079783
Chennai,2019-12-26,66.28384058305699
Chennai,2019-12-27,66.49930692062617
Chennai,2019-12-28,66.81509391727975
Chennai,2019-12-29,66.91343371224193
Chennai,2019-12-30,66.37373313533061
Chennai,2019-12-31,66.55672701573911
Chennai,2020-01-01,66.60720513071193
Chennai,2020-01-02,66.43377316174676
Chennai,2020-01-03,66.70980528110032
Chennai,2020-01-04,67.08418437601163
Chennai,2020-01-05,67.23787132197586
Chennai,2020-01-06,66.74885352620777
Chennai,2020-01-07,66.97660503055567
Chennai,2020-01-08,67.06475559434283
Chennai,2020-01-09,66.92088283918906
Chennai,2020-01-10,67.21749328811093
Chennai,2020-01-11,67.6027874988113
Chennai,2020-01-12,67.75715905454028
Chennai,2020-01-13,67.25843162997253
Chennai,2020-01-14,67.4660566898951
Chennai,2020-01-15,67.52387811481721
Chennai,2020-01-16,67.33992300854388
Chennai,2020-01-17,67.58737539045379
Chennai,2020-01-18,67.91532808022248
Chennai,2020-01-19,68.0052628059874
Chennai,2020-01-20,67.43626317518952
Chennai,2020-01-21,67.56918363231516
Chennai,2020-01-22,67.54938139465672
Chennai,2020-01-23,67.28647143128839
Chennai,2020-01-24,67.45526209030888
Chennai,2020-01-25,67.70646765310542
Chennai,2020-01-26,67.72314886053124
Chennai,2020-01-27,67.08588708002718
Chennai,2020-01-28,67.15691625584114
Chennai,2020-01-29,67.08282061186308
Chennai,2020-01-30,66.77425908447233
Chennai,2020-01-31,66.90687491124376
Chennai,2020-02-01,67.13198736086166
Chennai,2020-02-02,67.13301722170502
Chennai,2020-02-03,66.49065214044151
Chennai,2020-02-04,66.56697621234721
Chennai,2020-02-05,66.50913593007489
Chennai,2020-02-06,66.22618314322091
Chennai,2020-02-07,66.39289367779405
Chennai,2020-02-08,66.65951769693659
Chennai,2020-02-09,66.70823308135085
Chennai,2020-02-10,66.11834315285931
Chennai,2020-02-11,66.25044230107993
Chennai,2020-02-12,66.24915663061917
Chennai,2020-02-13,66.02291950553081
Chennai,2020-02-14,66.24493909649493
Chennai,2020-02-15,66.56395341049551
Chennai,2020-02-16,66.6607227694279
Chennai,2020-02-17,66.11326407654592
Chennai,2020-02-18,66.28104946522663
Chennai,2020-02-19,66.30777557522804
Chennai,2020-02-20,66.10116257784374
Chennai,2020-02-21,66.33393943748929
Chennai,2020-02-22,66.6546104257447
Chennai,2020-02-23,66.74395255747615
Chennai,2020-02-24,66.1802481658839
Chennai,2020-02-25,66.32347526732612
Chennai,2020-02-26,66.31806219405537
Chennai,2020-02-27,66.07266601972886
Chennai,2020-02-28,66.26113182803479
Chennai,2020-02-29,66.5332285474564
Chennai,2020-03-01,66.57111185356476
Chennai,2020-03-02,65.95451928977504
Chennai,2020-03-03,66.04492126830806
Chennai,2020-03-04,65.98823548971694
Chennai,2020-03-05,65.69456538668943
Chennai,2020-03-06,65.83912071453814
Chennai,2020-03-07,66.08166391372087
Chennai,2020-03-08,66.09669937417058
Chennai,2020-03-09,65.46488030945999
Chennai,2020-03-10,65.5483889834515
Chennai,2020-03-11,65.49363279355273
Chennai,2020-03-12,65.21097042140362
Chennai,2020-03-13,65.37562648182497
Chennai,2020-03-14,65.63839156311084
Chennai,2020-03-15,65.68205908861754
Chennai,2020-03-16,65.08660481317409
Chennai,2020-03-17,65.2133329955726
Chennai,2020-03-18,65.20759687257784
Chennai,2020-03-19,64.9785538333635
Chennai,2020-03-20,65.20011292281556
Chennai,2020-03-21,65.52167066427054
Chennai,2020-03-22,65.62458565391604
Chennai,2020-03-23,65.08739671447398
Chennai,2020-03-24,65.27000760321957
Chennai,2020-03-25,65.31644486205562
Chennai,2020-03-26,65.13464820728436
Chennai,2020-03-27,65.39745014986356
Chennai,2020-03-28,65.75333998770154
Chennai,2020-03-29,65.88296188462368
Chennai,2020-03-30,65.36435121666545
Chennai,2020-03-31,65.5571317203277
Chennai,2020-04-01,65.60527972820945
Chennai,2020-04-02,65.41691475272171
Chennai,2020-04-03,65.66527313978932
Chennai,2020-04-04,66.01015500802156
Chennai,2020-04-05,66.12232016143862
Chennai,2020-04-06,65.58078642897074
Chennai,2020-04-07,65.74630483835517
Chennai,2020-04-08,65.76409304866574
Chennai,2020-04-09,65.54359227533676
Chennai,2020-04-10,65.75940534981858
Chennai,2020-04-11,66.0620122178826
Chennai,2020-04-12,66.13421393163581
Chennai,2020-04-13,65.55631079667566
Chennai,2020-04-14,65.69023878899819
Chennai,2020-04-15,65.68227216251549
Chennai,2020-04-16,65.44275315430824
Chennai,2020-04-17,65.64700712203818
Chennai,2020-04-18,65.94603998778872
Chennai,2020-04-19,66.02296947732452
Chennai,2020-04-20,65.45819610343952
Chennai,2020-04-21,65.61353814236915
Chennai,2020-04-22,65.63493850358105
Chennai,2020-04-23,65.43220422695063
Chennai,2020-04-24,65.67993662256096
Chennai,2020-04-25,66.02824847249882
Chennai,2020-04-26,66.15921920710748
Chennai,2020-04-27,65.65209332339889
Chennai,2020-04-28,65.86744552903332
Chennai,2020-04-29,65.94991968405735
Chennai,2020-04-30,65.80800140696394
Chennai,2020-05-01,66.11498147791144
Chennai,2020-05-02,66.51970558517618
Chennai,2020-05-03,66.70306048687894
Chennai,2020-05-04,66.24726302902863
Chennai,2020-05-05,66.50786500139019
Chennai,2020-05-06,66.62869987294987
Chennai,2020-05-07,66.51761118224994
Chennai,2020-05-08,66.84742912281426
Chennai,2020-05-09,67.26672865568429
Chennai,2020-05-10,67.4563190997258
Chennai,2020-05-11,66.99446969591732
Chennai,2020-05-12,67.24109406535402
Chennai,2020-05-13,67.34050028886575
Chennai,2020-05-14,67.20116635513422
Chennai,2020-05-15,67.49669821389502
Chennai,2020-05-16,67.87656630025654
Chennai,2020-05-17,68.02257112501074
Chennai,2020-05-18,67.51404312060707
Chennai,2020-05-19,67.7120003847312
Chennai,2020-05-20,67.76187177948592
Chennai,2020-05-21,67.57324585026257
Chennai,2020-05-22,67.82080348543022
Chennai,2020-05-23,68.1550308160957
Chennai,2020-05-24,68.25866351618164
Chennai,2020-05-25,67.71186817553625
Chennai,2020-05-26,67.87638477728511
Chennai,2020-05-27,67.89823802408796
Chennai,2020-05-28,67.68747815622899
Chennai,2020-05-29,67.91910925132389
Chennai,2020-05-30,68.24382884086515
Chennai,2020-05-31,68.34439297818395
Chennai,2020-06-01,67.80088595019086
Chennai,2020-06-02,67.97484457322601
Chennai,2020-06-03,68.01198129467987
Chennai,2020-06-04,67.8219389029816
Chennai,2020-06-05,68.07923432722923
Chennai,2020-06-06,68.43398744950056
Chennai,2020-06-07,68.56838539898786
Chennai,2020-06-08,68.06188721946063
Chennai,2020-06-09,68.2753920963305
Chennai,2020-06-10,68.35397800753387
Chennai,2020-06-11,68.20667055322292
Chennai,2020-06-12,68.507399086575
Chennai,2020-06-13,68.90573578411936
Chennai,2020-06-14,69.08336792141688
Chennai,2020-06-15,68.61930812781847
Chennai,2020-06-16,68.87406577579094
Chennai,2020-06-17,68.99238642362799
Chennai,2020-06-18,68.88301920251543
Chennai,2020-06-19,69.21966948062882
Chennai,2020-06-20,69.65173271847755
Chennai,2020-06-21,69.8607601114093
Chennai,2020-06-22,69.42566116461771
Chennai,2020-06-23,69.70686675549207
Chennai,2020-06-24,69.84906001445839
Chennai,2020-06-25,69.7609353258731
Chennai,2020-06-26,70.11614317454658
Chennai,2020-06-27,70.5640171223387
Chennai,2020-06-28,70.7860338189416
Chennai,2020-06-29,70.36101147164082
Chennai,2020-06-30,70.64927052593343
Chennai,2020-07-01,70.79536402248038
Chennai,2020-07-02,70.70783799006998
Chennai,2020-07-03,71.06017958264952
Chennai,2020-07-04,71.5015491434184
Chennai,2020-07-05,71.7132469446566
Chennai,2020-07-06,71.2739197798447
Chennai,2020-07-07,71.54373087140787
Chennai,2020-07-08,71.66710021407621
Chennai,2020-07-09,71.55247533164726
Chennai,2020-07-10,71.87328974879229
Chennai,2020-07-11,72.27870494381997
Chennai,2020-07-12,72.45008611770005
Chennai,2020-07-13,71.96621656065048
Chennai,2020-07-14,72.18747371627586
Chennai,2020-07-15,72.25857374479381
Chennai,2020-07-16,72.08834430108273
Chennai,2020-07-17,72.35068263337469
Chennai,2020-07-18,72.69529464668987
Chennai,2020-07-19,72.8041652239155
Chennai,2020-07-20,72.25676462576432
Chennai,2020-07-21,72.4142141921874
Chennai,2020-07-22,72.4220183496249
Chennai,2020-07-23,72.18982291807713
Chennai,2020-07-24,72.39235717000088
Chennai,2020-07-25,72.68015568969109
Chennai,2020-07-26,72.73601077737638
Chennai,2020-07-27,72.14016070421853
Chennai,2020-07-28,72.25443754495981
Chennai,2020-07-29,72.22498210091588
Chennai,2020-07-30,71.96198640419743
Chennai,2020-07-31,72.14062172558044
Chennai,2020-08-01,72.41174856376125
Chennai,2020-08-02,72.45835973467737
Chennai,2020-08-03,71.86076217477216
Chennai,2020-08-04,71.98072141587892
Chennai,2020-08-05,71.96417639063097
Chennai,2020-08-06,71.72098511556209
Chennai,2020-08-07,71.92585913773146
Chennai,2020-08-08,72.22908309338565
Chennai,2020-08-09,72.31297027818253
Chennai,2020-08-10,71.75705953929467
Chennai,2020-08-11,71.92227706725005
Chennai,2020-08-12,71.95367030066222
Chennai,2020-08-13,71.76017399183056
Chennai,2020-08-14,72.01556578045367
Chennai,2020-08-15,72.36920706145399
Chennai,2020-08-16,72.50251947592815
Chennai,2020-08-17,71.99420177382441
Chennai,2020-08-18,72.20441008919452
Chennai,2020-08-19,72.27750834485187
Chennai,2020-08-20,72.12184839302958
Chennai,2020-08-21,72.41073686595485
Chennai,2020-08-22,72.79318422786713
Chennai,2020-08-23,72.95038615078839
Chennai,2020-08-24,72.46094184959897
Chennai,2020-08-25,72.68503240146572
Chennai,2020-08-26,72.76716584833683
Chennai,2020-08-27,72.61594886631676
Chennai,2020-08-28,72.90504224328608
Chennai,2020-08-29,73.28389600614541
Chennai,2020-08-30,73.43421474195411
Chennai,2020-08-31,72.93515823024545
Chennai,2020-09-01,73.14750093890588
Chennai,2020-09-02,73.21635773973809
Chennai,2020-09-03,73.05093619861137
Chennai,2020-09-04,73.32547324958529
Chennai,2020-09-05,73.68995264256023
Chennai,2020-09-06,73.82655422099026
Chennai,2020-09-07,73.31484060827374
Chennai,2020-09-08,73.5159052520488
Chennai,2020-09-09,73.57508950334804
Chennai,2020-09-10,73.40172932098751
Chennai,2020-09-11,73.6700895539222
Chennai,2020-09-12,74.03008223836815
Chennai,2020-09-13,74.16371991623424
Chennai,2020-09-14,73.65030940795248
Chennai,2020-09-15,73.85060975259405
Chennai,2020-09-16,73.90956167231961
Chennai,2020-09-17,73.73604875789759
Chennai,2020-09-18,74.00384787268287
Chennai,2020-09-19,74.36236470865765
Chennai,2020-09-20,74.49310496522332
Chennai,2020-09-21,73.97488603159955
Chennai,2020-09-22,74.16801233375813
Chennai,2020-09-23,74.21702116784094
Chennai,2020-09-24,74.03045871477866
Chennai,2020-09-25,74.2818432795316
Chennai,2020-09-26,74.62041129627127
Chennai,2020-09-27,74.72759625134408
Chennai,2020-09-28,74.18224516894024
Chennai,2020-09-29,74.34479567422751
Chennai,2020-09-30,74.36002040389585
Chennai,2020-10-01,74.1367985022089
Chennai,2020-10-02,74.34907138325651
Chennai,2020-10-03,74.6465785275754
Chennai,2020-10-04,74.71132377419846
Chennai,2020-10-05,74.12277713514874
Chennai,2020-10-06,74.24203559025815
Chennai,2020-10-07,74.21455012280032
Chennai,2020-10-08,73.94987925689234
Chennai,2020-10-09,74.12262681656478
Chennai,2020-10-10,74.38316021365999
Chennai,2020-10-11,74.41406024793204
Chennai,2020-10-12,73.79530793605963
Chennai,2020-10-13,73.88843226961527
Chennai,2020-10-14,73.83922654355993
Chennai,2020-10-15,73.5574938248172
Chennai,2020-10-16,73.71797950745402
Chennai,2020-10-17,73.97108739953951
Chennai,2020-10-18,73.99933037032827
Chennai,2020-10-19,73.38252102564398
Chennai,2020-10-20,73.48192617060765
Chennai,2020-10-21,73.44299247259613
Chennai,2020-10-22,73.17510358500837
Chennai,2020-10-23,73.35252629872203
Chennai,2020-10-24,73.62514172811612
Chennai,2020-10-25,73.67491207717174
Chennai,2020-10-26,73.08108794085435
Chennai,2020-10-27,73.20437937466495
Chennai,2020-10-28,73.18969762210808
Chennai,2020-10-29,72.94592725701511
Chennai,2020-10-30,73.14688583947111
Chennai,2020-10-31,73.44206667428966
Chennai,2020-11-01,73.51311486320718
Chennai,2020-11-02,72.93904132643837
Chennai,2020-11-03,73.08039783071621
Chennai,2020-11-04,73.0820198079859
Chennai,2020-11-05,72.85279670972925
Chennai,2020-11-06,73.06662707801793
Chennai,2020-11-07,73.37315409644636
Chennai,2020-11-08,73.45423207287502
Chennai,2020-11-09,72.88912886884079
Chennai,2020-11-10,73.03868771991944
Chennai,2020-11-11,73.04805569333259
Chennai,2020-11-12,72.82643903034182
Chennai,2020-11-13,73.04804308147413
Chennai,2020-11-14,73.36279313210184
Chennai,2020-11-15,73.45278709481569
Chennai,2020-11-16,72.89748558110372
Chennai,2020-11-17,73.05786325076882
Chennai,2020-11-18,73.07912908109039
Chennai,2020-11-19,72.87047612690418
Chennai,2020-11-20,73.10601871993897
Chennai,2020-11-21,73.43551355301842
Chennai,2020-11-22,73.54081567556909
Chennai,2020-11-23,73.00107486172965
Chennai,2020-11-24,73.17689609741072
Chennai,2020-11-25,73.2130715786585
Chennai,2020-11-26,73.01834445180322
Chennai,2020-11-27,73.26636182139869
Chennai,2020-11-28,73.60641297981567
Chennai,2020-11-29,73.71990333816333
Chennai,2020-11-30,73.18556893451648
Chennai,2020-12-01,73.3636546598371
Chennai,2020-12-02,73.39866298600421
Chennai,2020-12-03,73.19913283583045
Chennai,2020-12-04,73.4386055665846
Chennai,2020-12-05,73.76637352070266
Chennai,2020-12-06,73.86396119416133
Chennai,2020-12-07,73.31034355523424
Chennai,2020-12-08,73.46612440894906
Chennai,2020-12-09,73.4762814547284
Chennai,2020-12-10,73.24993765455363
Chennai,2020-12-11,73.4613159784466
Chennai,2020-12-12,73.76047319357163
Chennai,2020-12-13,73.82976307355774
Chennai,2020-12-14,73.24903399302627
Chennai,2020-12-15,73.37978433036174
Chennai,2020-12-16,73.36788293562508
Chennai,2020-12-17,73.12331495565817
Chennai,2020-12-18,73.3211108045154
Chennai,2020-12-19,73.61205469310737
Chennai,2020-12-20,73.67912384698772
Chennai,2020-12-21,73.10266411228496
Chennai,2020-12-22,73.24452606861993
Chennai,2020-12-23,73.25076954134944
Chennai,2020-12-24,73.0313973604809
Chennai,2020-12-25,73.26127661183034
Chennai,2020-12-26,73.5908441385962
Chennai,2020-12-27,73.70254764132798
Chennai,2020-12-28,73.17602816118618
Chennai,2020-12-29,73.37226801116132
Chennai,2020-12-30,73.43631185307885
Chennai,2020-12-31,73.27702143586515
Chennai,2021-01-01,73.56802177817134
Chennai,2021-01-02,73.95843497122515
Chennai,2021-01-03,74.12935226190876
Chennai,2021-01-04,73.65904942489921
Chennai,2021-01-05,73.90716864453876
Chennai,2021-01-06,74.01747371484748
Chennai,2021-01-07,73.8976381623569
Chennai,2021-01-08,74.22022316768107
Chennai,2021-01-09,74.63344058340631
Chennai,2021-01-10,74.8176508836633
Chennai,2021-01-11,74.35060030682045
Chennai,2021-01-12,74.59161976361122
Chennai,2021-01-13,74.68439178896793
Chennai,2021-01-14,74.53674474659906
Chennai,2021-01-15,74.82163091367595
Chennai,2021-01-16,75.18788365046913
Chennai,2021-01-17,75.31670355790334
Chennai,2021-01-18,74.78687811241744
Chennai,2021-01-19,74.95895773448805
Chennai,2021-01-20,74.97799510047541
Chennai,2021-01-21,74.75330757271746
Chennai,2021-01-22,74.95942015891865
Delhi,2002-07-01,23.44310857331474
Delhi,2002-08-16,24.106515264783635
Delhi,2002-09-01,24.43317536954722
Delhi,2002-09-16,24.650084523205873
Delhi,2002-10-17,23.50836410026745
Delhi,2002-11-16,23.088885586872383
Delhi,2002-12-01,23.431126529119723
Delhi,2003-01-03,22.779468236032596
Delhi,2003-02-01,22.942106076274065
Delhi,2003-03-01,22.26689054683133
Delhi,2003-03-16,22.511124086457762
Delhi,2003-04-16,21.912471059437564
Delhi,2003-04-26,21.782752530831484
Delhi,2003-05-16,22.2382297469137
Delhi,2003-06-01,23.906415010631896
Delhi,2003-10-16,25.86853479622423
Delhi,2003-12-12,24.809054827464628
Delhi,2003-12-31,24.767869202861604
Delhi,2004-06-15,26.790494812468918
Delhi,2004-11-04,28.556718067963637
Delhi,2005-04-01,26.50216742966872
Delhi,2005-04-05,26.938413397719675
Delhi,2005-06-20,29.48887904197877
Delhi,2006-06-05,30.41049166872438
Delhi,2006-06-10,30.871816665990426
Delhi,2006-06-20,32.109021189583736
Delhi,2006-09-06,33.35627225459433
Delhi,2006-12-01,32.13160477959054
Delhi,2007-02-16,31.397416261613714
Delhi,2007-03-01,31.79037345353815
Delhi,2007-05-16,31.678195646257
Delhi,2008-02-15,33.783964806862166
Delhi,2008-05-24,34.81534121582067
Delhi,2008-06-06,35.27999169431945
Delhi,2008-07-16,38.24387958526148
Delhi,2008-12-06,36.97897465166285
Delhi,2009-01-29,37.54592487659218
Delhi,2009-07-02,40.335493813380815
Delhi,2010-02-27,38.9645650784905
Delhi,2010-06-26,42.22061971174223
Delhi,2010-09-08,43.08130623552628
Delhi,2010-11-02,43.146930177161025
Delhi,2011-06-25,44.473412662616056
Delhi,2011-07-01,44.92618614357649
Delhi,2012-07-25,48.1493043719374
Delhi,2012-08-01,48.403288194101
Delhi,2012-09-14,48.46904904764425
Delhi,2012-10-27,47.7875909712538
Delhi,2012-11-01,47.75952618310845
Delhi,2013-01-18,47.81838360078858
Delhi,2013-02-16,45.846159886595736
Delhi,2013-03-23,45.46951276912231
Delhi,2013-04-01,45.60580690839321
Delhi,2013-05-11,45.930673564074965
Delhi,2013-06-01,47.0715476678407
Delhi,2013-07-02,50.06496486689355
Delhi,2013-08-01,50.98324727776415
Delhi,2013-09-01,50.719025408866656
Delhi,2013-10-01,50.559958904051086
Delhi,2013-11-01,50.0702779400767
Delhi,2013-12-01,49.70400081615622
Delhi,2013-12-21,48.56743703067714
Delhi,2014-01-04,49.29221282281105
Delhi,2014-02-01,49.18575358045091
Delhi,2014-03-01,48.542385506105916
Delhi,2014-05-13,48.579644788205684
Delhi,2014-06-01,50.19042299978448
Delhi,2014-07-01,52.36797269925309
Delhi,2014-08-01,53.28373593765608
Delhi,2014-08-31,53.05430279929451
Delhi,2014-10-19,53.005805449511726
Delhi,2014-11-01,52.576063062419394
Delhi,2014-12-01,51.23524425831608
Delhi,2014-12-16,51.21148534802892
Delhi,2015-01-17,52.697968019934265
Delhi,2015-02-04,51.027764929022936
Delhi,2015-02-06,50.937348175028696
Delhi,2015-02-16,50.50105574033814
Delhi,2015-03-01,51.669897377068004
Delhi,2015-04-02,50.39169636073744
Delhi,2015-04-15,50.45128333293299
Delhi,2015-05-01,50.042220661118876
Delhi,2015-05-16,50.773422713423585
Delhi,2015-06-16,52.75468361861842
Delhi,2015-07-01,53.98031632307806
Delhi,2015-07-15,54.48578532342494
Delhi,2015-08-01,55.295502556076244
Delhi,2015-08-15,54.839489216775824
Delhi,2015-09-01,54.29502456087056
Delhi,2015-10-01,54.52934833933578
Delhi,2015-10-16,53.72430434855256
Delhi,2015-11-01,54.93395584758009
Delhi,2015-11-16,53.215165245069024
Delhi,2015-12-01,53.017511617932975
Delhi,2015-12-16,52.31843435861407
Delhi,2016-01-01,52.6569314179846
Delhi,2016-01-15,53.886516526975335
Delhi,2016-02-01,52.839885222207144
Delhi,2016-02-17,51.671007516287666
Delhi,2016-03-01,52.30853956294019
Delhi,2016-03-09,51.71869268004516
Delhi,2016-03-16,51.35629382697648
Delhi,2016-03-17,51.50948793204939
Delhi,2016-04-05,51.95419723434953
Delhi,2016-04-16,51.86997533545871
Delhi,2016-05-01,52.12668900273919
Delhi,2016-05-17,52.26551447872766
Delhi,2016-06-01,52.57176628841314
Delhi,2016-06-16,53.89780178799241
Delhi,2016-07-01,55.379451332146274
Delhi,2016-07-15,55.850779836079965
Delhi,2016-08-01,56.42557867022058
Delhi,2016-08-15,55.89489781573258
Delhi,2016-09-01,55.38654822004617
Delhi,2016-09-15,56.371909366422734
Delhi,2016-10-01,55.7244549121656
Delhi,2016-10-05,55.155903404135465
Delhi,2016-10-15,55.06723126898809
Delhi,2016-11-06,55.94383176405775
Delhi,2016-11-16,54.291392024158796
Delhi,2016-12-01,54.18367572501296
Delhi,2016-12-17,53.958313397405355
Delhi,2017-01-01,55.15492523186525
Delhi,2017-01-16,55.63574305077641
Delhi,2017-03-05,54.910634166076875
Delhi,2017-04-01,53.89748563724855
Delhi,2017-04-16,54.99422245867252
Delhi,2017-05-01,53.75895687301433
Delhi,2017-05-16,54.7881988527684
Delhi,2017-05-30,55.57117003110614
Delhi,2017-06-01,55.483714304317246
Delhi,2017-06-16,56.62525838059185
Delhi,2017-06-19,56.996103772802584
Delhi,2017-06-20,57.38618735942496
Delhi,2017-06-21,57.14150482943789
Delhi,2017-06-22,57.463992900545655
Delhi,2017-06-23,57.50504175699165
Delhi,2017-06-26,57.84767853403426
Delhi,2017-06-27,58.215578079068244
Delhi,2017-06-28,57.942956805942515
Delhi,2017-06-29,58.23233485447895
Delhi,2017-06-30,58.23580141307323
Delhi,2017-07-03,58.447192555025936
Delhi,2017-07-04,58.768253327578364
Delhi,2017-07-05,58.44885255305162
Delhi,2017-07-06,58.692461171279064
Delhi,2017-07-07,58.65207690497018
Delhi,2017-07-10,58.75139842366128
Delhi,2017-07-11,59.04374074884344
Delhi,2017-07-12,58.700697132425184
Delhi,2017-07-13,58.9259769515857
Delhi,2017-07-14,58.8726619661629
Delhi,2017-07-17,58.96408205742584
Delhi,2017-07-18,59.26283942914737
Delhi,2017-07-19,58.92977055941054
Delhi,2017-07-20,59.16783205469311
Delhi,2017-07-21,59.12926330874811
Delhi,2017-07-24,59.26742517820582
Delhi,2017-07-25,59.57939213429469
Delhi,2017-07-26,59.256781334392336
Delhi,2017-07-27,59.50168686264428
Delhi,2017-07-28,59.465572029763095
Delhi,2017-07-31,59.57874984227769
Delhi,2017-08-01,59.87031722767839
Delhi,2017-08-02,59.521029703350564
Delhi,2017-08-04,59.65827093918654
Delhi,2017-08-07,59.62555589842805
Delhi,2017-08-08,59.88994331335503
Delhi,2017-08-09,59.51144564653197
Delhi,2017-08-10,59.69340611828784
Delhi,2017-08-11,59.588782894964694
Delhi,2017-08-14,59.48099390879345
Delhi,2017-08-16,59.28337047527091
Delhi,2017-08-17,59.43409688016116
Delhi,2017-08-18,59.306460317918265
Delhi,2017-08-21,59.18520669120236
Delhi,2017-08-22,59.419842973553514
Delhi,2017-08-23,59.02783121382573
Delhi,2017-08-24,59.21323364018119
Delhi,2017-08-28,59.18617950503249
Delhi,2017-08-29,59.492184600303794
Delhi,2017-08-30,59.17540493422947
Delhi,2017-08-31,59.43844537546384
Delhi,2017-09-01,59.433109311332636
Delhi,2017-09-04,59.71504126475619
Delhi,2017-09-05,60.0875073763702
Delhi,2017-09-06,59.830512359723826
Delhi,2017-09-07,60.145401183657626
Delhi,2017-09-08,60.18287183750428
Delhi,2017-09-11,60.53073453666477
Delhi,2017-09-12,60.90266671641289
Delhi,2017-09-13,60.63361639561551
Delhi,2017-09-14,60.925124729526516
Delhi,2017-09-15,60.928320650924555
Delhi,2017-09-19,61.41828500170632
Delhi,2017-09-20,61.0742893456088
Delhi,2017-09-21,61.28665540611841
Delhi,2017-09-22,61.208088679836024
Delhi,2017-09-25,61.150646564959374
Delhi,2017-09-26,61.37728729981352
Delhi,2017-09-27,60.96254226729858
Delhi,2017-09-28,61.11079383387059
Delhi,2017-09-29,60.97594434877359
Delhi,2017-10-03,61.01571090544959
Delhi,2017-10-04,60.59500768624896
Delhi,2017-10-05,60.74805113811051
Delhi,2017-10-06,60.62843439742839
Delhi,2017-10-09,60.56036923470279
Delhi,2017-10-10,60.819936392330064
Delhi,2017-10-11,60.45486440756529
Delhi,2017-10-12,60.66810934476394
Delhi,2017-10-13,60.61183640091073
Delhi,2017-10-16,60.73785380159241
Delhi,2017-10-17,61.05859063221498
Delhi,2017-10-18,60.75063218075458
Delhi,2017-10-24,61.55400616605217
Delhi,2017-10-25,61.2495194259827
Delhi,2017-10-26,61.509054918349754
Delhi,2017-10-30,61.60990672723075
Delhi,2017-10-31,61.90027940270456
Delhi,2017-11-01,61.54805485682503
Delhi,2017-11-02,61.75618862310331
Delhi,2017-11-03,61.677248645824506
Delhi,2017-11-06,61.63959951398458
Delhi,2017-11-07,61.878783387942185
Delhi,2017-11-09,61.64391569258995
Delhi,2017-11-10,61.52720422616978
Delhi,2017-11-13,61.41452470219305
Delhi,2017-11-14,61.642656058563034
Delhi,2017-11-15,61.238866631966516
Delhi,2017-11-16,61.40691349326274
Delhi,2017-11-17,61.299868144839564
Delhi,2017-11-20,61.250281502915215
Delhi,2017-11-21,61.50830543404428
Delhi,2017-11-22,61.137352208323925
Delhi,2017-11-23,61.34019702974875
Delhi,2017-11-24,61.26890696372386
Delhi,2017-11-27,61.322516261784834
Delhi,2017-11-28,61.610570687498985
Delhi,2017-11-29,61.26617215648718
Delhi,2017-11-30,61.49149319768654
Delhi,2017-12-01,61.438136763131475
Delhi,2017-12-05,61.80224202420165
Delhi,2017-12-06,61.45157210567473
Delhi,2017-12-07,61.66659493461068
Delhi,2017-12-08,61.599526510731195
Delhi,2017-12-11,61.623529208177885
Delhi,2017-12-12,61.89065916993514
Delhi,2017-12-13,61.521845143736755
Delhi,2017-12-14,61.72072499869959
Delhi,2017-12-15,61.640474856016866
Delhi,2017-12-18,61.65131858994371
Delhi,2017-12-19,61.92523017798842
Delhi,2017-12-20,61.569642027086566
Delhi,2017-12-21,61.78847541995421
Delhi,2017-12-22,61.735016645579286
Delhi,2017-12-26,62.19115817982686
Delhi,2017-12-27,61.891860994238016
Delhi,2017-12-28,62.17073504438149
Delhi,2017-12-29,62.18000083320879
Delhi,2018-01-01,62.5027160253399
Delhi,2018-01-02,62.88919087352031
Delhi,2018-01-03,62.64705690107034
Delhi,2018-01-05,63.0329175254465
Delhi,2018-01-08,63.44330021054804
Delhi,2018-01-09,63.83954732844137
Delhi,2018-01-10,63.59638732102025
Delhi,2018-01-11,63.91513586342998
Delhi,2018-01-12,63.946615014001914
Delhi,2018-01-15,64.22085825890707
Delhi,2018-01-16,64.55154408274036
Delhi,2018-01-17,64.23412004014396
Delhi,2018-01-18,64.47101598931762
Delhi,2018-01-19,64.41432811887344
Delhi,2018-01-22,64.40078367798762
Delhi,2018-01-23,64.63305848698198
Delhi,2018-01-24,64.21871781405306
Delhi,2018-01-25,64.36181978847029
Delhi,2018-01-29,63.97760189198592
Delhi,2018-01-30,64.15309605301967
Delhi,2018-02-01,63.80097727041296
Delhi,2018-02-02,63.63216671048881
Delhi,2018-02-05,63.3959806612604
Delhi,2018-02-06,63.59511142077267
Delhi,2018-02-07,63.16875393224062
Delhi,2018-02-08,63.32071482682377
Delhi,2018-02-09,63.20401383281701
Delhi,2018-02-12,63.16212907386272
Delhi,2018-02-13,63.43389266593798
Delhi,2018-02-14,63.08156385930515
Delhi,2018-02-15,63.30741126129081
Delhi,2018-02-16,63.26295215249174
Delhi,2018-02-19,63.41409025644787
Delhi,2018-02-20,63.73827755720748
Delhi,2018-02-21,63.430789270892035
Delhi,2018-02-22,63.69319092626426
Delhi,2018-02-23,63.67649778495273
Delhi,2018-02-26,63.85633875165292
Delhi,2018-02-27,64.1723268896265
Delhi,2018-02-28,63.848477269429814
Delhi,2018-03-01,64.08706603834388
Delhi,2018-03-02,64.0399797043538
Delhi,2018-03-05,64.09979101388885
Delhi,2018-03-06,64.37014875839152
Delhi,2018-03-07,63.99998072016488
Delhi,2018-03-08,64.19284717496213
Delhi,2018-03-09,64.10188351797575
Delhi,2018-03-12,64.0524951979959
Delhi,2018-03-13,64.29716304594001
Delhi,2018-03-14,63.907922553548445
Delhi,2018-03-15,64.08884314457833
Delhi,2018-03-16,63.99338722447488
Delhi,2018-03-19,63.9756855046644
Delhi,2018-03-20,64.24518436968246
Delhi,2018-03-22,64.10469035342588
Delhi,2018-03-23,64.0506197928641
Delhi,2018-03-26,64.1749815767783
Delhi,2018-03-27,64.49406319589387
Delhi,2018-03-29,64.4491193006816
Delhi,2018-03-30,64.43877961017257
Delhi,2018-04-02,64.66635323730895
Delhi,2018-04-03,65.00789785897699
Delhi,2018-04-04,64.71409410639343
Delhi,2018-04-05,64.98680689467731
Delhi,2018-04-09,65.16459228716064
Delhi,2018-04-10,65.47955940483952
Delhi,2018-04-12,65.38952169847578
Delhi,2018-04-13,65.33948544504392
Delhi,2018-04-16,65.39263032009431
Delhi,2018-04-19,65.48859829864617
Delhi,2018-04-20,65.40176824354612
Delhi,2018-04-23,65.37581954607846
Delhi,2018-04-24,65.63204823407841
Delhi,2018-05-14,66.30010079129619
Delhi,2018-05-15,66.65929823743734
Delhi,2018-05-16,66.3840530663732
Delhi,2018-05-17,66.67652996961445
Delhi,2018-05-18,66.68840325794386
Delhi,2018-05-21,66.95209286640811
Delhi,2018-05-22,67.29791434524998
Delhi,2018-05-23,67.00608579155225
Delhi,2018-05-24,67.27959512036038
Delhi,2018-05-25,67.27099532734086
Delhi,2018-05-26,67.45521530374978
Delhi,2018-05-27,68.26460203435325
Delhi,2018-05-28,67.47335414691172
Delhi,2018-05-29,67.80174417772656
Delhi,2018-05-31,67.75793326287145
Delhi,2018-06-01,67.74259863807833
Delhi,2018-06-02,67.92478667934951
Delhi,2018-06-03,68.73720374455351
Delhi,2018-06-04,67.95426563830507
Delhi,2018-06-05,68.29631379803153
Delhi,2018-06-06,68.00886427607144
Delhi,2018-06-07,68.29538863616969
Delhi,2018-06-08,68.30867687905412
Delhi,2018-06-09,68.52364113429304
Delhi,2018-06-10,69.37235726902858
Delhi,2018-06-11,68.6285043953202
Delhi,2018-06-12,69.01159948823994
Delhi,2018-06-15,69.14975891296835
Delhi,2018-06-17,70.29003828680702
Delhi,2018-06-19,69.99163748872286
Delhi,2018-06-21,70.11719128129931
Delhi,2018-06-22,70.1839641537068
Delhi,2018-06-23,70.44415016219187
Delhi,2018-06-24,71.32871635438087
Delhi,2018-06-25,70.61043668906188
Delhi,2018-06-26,70.99262850267242
Delhi,2018-07-05,71.60915004933331
Delhi,2018-07-06,71.58241383246398
Delhi,2018-07-09,71.71714098560749
Delhi,2018-07-10,72.01927864540095
Delhi,2018-07-12,71.91811098819534
Delhi,2018-07-13,71.8717034793368
Delhi,2018-07-16,71.97947701384861
Delhi,2018-07-19,72.1960936099622
Delhi,2018-07-20,72.16184188175619
Delhi,2018-07-23,72.31554790407458
Delhi,2018-07-24,72.63410515660131
Delhi,2018-07-30,72.69535088153192
Delhi,2018-07-31,73.00124937085155
Delhi,2018-08-02,72.89569333166772
Delhi,2018-08-03,72.83794667552267
Delhi,2018-08-06,72.85936844283029
Delhi,2018-08-07,73.11329952652358
Delhi,2018-08-16,72.52608387682795
Delhi,2018-08-17,72.37641214214526
Delhi,2018-08-20,72.177989894771
Delhi,2018-08-21,72.38337098361198
Delhi,2018-08-24,71.99628344361524
Delhi,2018-08-25,72.08405761122746
Delhi,2018-08-26,72.80970627258792
Delhi,2018-08-27,71.94751747659919
Delhi,2018-08-28,72.21754724297192
Delhi,2018-08-29,71.86487680080947
Delhi,2018-08-30,72.09240465815748
Delhi,2018-08-31,72.05222335482972
Delhi,2018-09-03,72.23631616357727
Delhi,2018-09-04,72.57919120888577
Delhi,2018-09-06,72.58354370913341
Delhi,2018-09-07,72.57959205137303
Delhi,2018-09-10,72.81599041819754
Delhi,2018-09-11,73.15493336920805
Delhi,2018-09-12,72.85481694210463
Delhi,2018-09-13,73.11702510300528
Delhi,2018-09-14,73.09249291209474
Delhi,2018-09-15,73.2545531624341
Delhi,2018-09-16,74.03401457666477
Delhi,2018-09-17,73.20363069007772
Delhi,2018-09-18,73.48235595070666
Delhi,2018-09-20,73.30317795093964
Delhi,2018-09-21,73.20040757211103
Delhi,2018-09-23,73.97800779626965
Delhi,2018-09-24,73.06519517755991
Delhi,2018-09-25,73.26335091034969
Delhi,2018-09-27,72.93483653619752
Delhi,2018-09-28,72.76617440584901
Delhi,2018-09-30,73.43570266709405
Delhi,2018-10-01,72.48265279070951
Delhi,2018-10-02,72.65072825604199
Delhi,2018-10-04,72.2940666832536
Delhi,2018-10-05,72.12752904096563
Delhi,2018-10-06,72.16265080165694
Delhi,2018-10-07,72.83244810608522
Delhi,2018-10-08,71.91150100584227
Delhi,2018-10-09,72.12017344076871
Delhi,2018-10-10,71.70386923420347
Delhi,2018-10-11,71.86582296422881
Delhi,2018-10-12,71.75847549996529
Delhi,2018-10-13,71.85629255850266
Delhi,2018-10-14,72.59082300550011
Delhi,2018-10-15,71.73515641951815
Delhi,2018-10-16,72.00817664805759
Delhi,2018-10-18,71.87405192337033
Delhi,2018-10-19,71.80704226733972
Delhi,2018-10-20,71.93908420217062
Delhi,2018-10-22,71.86435537661947
Delhi,2018-10-23,72.14815984043841
Delhi,2018-10-24,71.79573549992688
Delhi,2018-10-25,72.0087614601404
Delhi,2018-10-26,71.93843723171508
Delhi,2018-10-29,71.93462714643961
Delhi,2018-10-30,72.18299213735521
Delhi,2018-10-31,71.78900041854394
Delhi,2018-11-01,71.95537276605354
Delhi,2018-11-02,71.83444718915995
Delhi,2018-11-05,71.66738020489497
Delhi,2018-11-06,71.86166032054976
Delhi,2018-11-12,71.10187991454072
Delhi,2018-11-13,71.27621624764329
Delhi,2018-11-15,70.92952487222645
Delhi,2018-11-16,70.765583883246
Delhi,2018-11-19,70.54157353767083
Delhi,2018-11-20,70.74082001098776
Delhi,2018-11-21,70.31108528661176
Delhi,2018-11-22,70.45532797127944
Delhi,2018-11-23,70.32578825232461
Delhi,2018-11-26,70.20824706892923
Delhi,2018-11-27,70.44083606276534
Delhi,2018-11-28,70.04189183451894
Delhi,2018-11-29,70.2136197565381
Delhi,2018-11-30,70.10762503612959
Delhi,2018-12-01,70.19775405843903
Delhi,2018-12-02,70.91517063870675
Delhi,2018-12-03,70.03282625572379
Delhi,2018-12-04,70.26972066733775
Delhi,2018-12-05,69.87019217495849
Delhi,2018-12-06,70.03673557465062
Delhi,2018-12-07,69.92139693396527
Delhi,2018-12-10,69.80001554377449
Delhi,2018-12-11,70.01787535858837
Delhi,2018-12-12,69.59909185216745
Delhi,2018-12-13,69.7471447837913
Delhi,2018-12-14,69.61507130135074
Delhi,2018-12-17,69.46344742753423
Delhi,2018-12-18,69.68067685493854
Delhi,2018-12-19,69.26712744449934
Delhi,2018-12-20,69.42676207714435
Delhi,2018-12-21,69.31294296013218
Delhi,2018-12-24,69.25676101812037
Delhi,2018-12-25,69.5186693959998
Delhi,2018-12-26,69.15543045683971
Delhi,2018-12-27,69.37026733073361
Delhi,2018-12-28,69.31564649361293
Delhi,2018-12-31,69.45012910276539
Delhi,2019-01-02,69.47427680938011
Delhi,2019-01-03,69.74735044508968
Delhi,2019-01-04,69.74617818646159
Delhi,2019-01-07,69.99992176197851
Delhi,2019-01-08,70.34808875192354
Delhi,2019-01-09,70.0589337314711
Delhi,2019-01-10,70.33372184436278
Delhi,2019-01-11,70.32318368403361
Delhi,2019-01-14,70.48153974024969
Delhi,2019-01-16,70.42392580789443
Delhi,2019-01-17,70.62652785803265
Delhi,2019-01-18,70.53592064552775
Delhi,2019-01-21,70.41981631696554
Delhi,2019-01-22,70.61663086081003
Delhi,2019-01-23,70.16571664104384
Delhi,2019-01-24,70.27087437862883
Delhi,2019-01-25,70.08554234285464
Delhi,2019-01-28,69.71704932881501
Delhi,2019-01-29,69.8449658525733
Delhi,2019-01-30,69.33472783112293
Delhi,2019-01-31,69.39104382911111
Delhi,2019-02-01,69.16805445281948
Delhi,2019-02-05,68.89490472001222
Delhi,2019-02-06,68.40557282502904
Delhi,2019-02-07,68.49343974000257
Delhi,2019-02-08,68.31179324505128
Delhi,2019-02-11,68.07279358379314
Delhi,2019-02-12,68.27904345407858
Delhi,2019-02-13,67.86175407325041
Delhi,2019-02-14,68.02344557644544
Delhi,2019-02-15,67.91586393128911
Delhi,2019-02-18,67.88568518889296
Delhi,2019-02-19,68.15256385196987
Delhi,2019-02-20,67.78946171628075
Delhi,2019-02-22,67.92906232686342
Delhi,2019-02-25,67.96166335523306
Delhi,2019-02-26,68.23126985953607
Delhi,2019-02-27,67.86209945855695
Delhi,2019-02-28,68.05622010685894
Delhi,2019-03-01,67.96529361549072
Delhi,2019-03-04,67.89497358529563
Delhi,2019-03-05,68.12162028747137
Delhi,2019-03-06,67.70719340688935
Delhi,2019-03-07,67.85504653761662
Delhi,2019-03-08,67.71812973822907
Delhi,2019-03-11,67.52379301528536
Delhi,2019-03-12,67.71745418956688
Delhi,2019-03-13,67.27578301401246
Delhi,2019-03-14,67.40285467970457
Delhi,2019-03-15,67.25217245867785
Delhi,2019-03-18,67.06143030926567
Delhi,2019-03-19,67.2712428773572
Delhi,2019-03-20,66.85272976591406
Delhi,2019-03-21,67.00942142984259
Delhi,2019-03-22,66.89411965407783
Delhi,2019-03-23,66.9817044208087
Delhi,2019-03-24,67.7041797010661
Delhi,2019-03-25,66.83511800554626
Delhi,2019-03-26,67.09390074430475
Delhi,2019-03-27,66.72499418138642
Delhi,2019-03-28,66.93075939901937
Delhi,2019-03-29,66.86284563622782
Delhi,2019-04-01,66.92519646885476
Delhi,2019-04-02,67.21437933590708
Delhi,2019-04-03,66.86959465072158
Delhi,2019-04-04,67.09267221642013
Delhi,2019-04-05,67.03489580118965
Delhi,2019-04-08,67.0835835306255
Delhi,2019-04-09,67.35406309301342
Delhi,2019-04-10,66.9841985071043
Delhi,2019-04-11,67.17647335004744
Delhi,2019-04-12,67.08296097189165
Delhi,2019-04-15,67.00435076791305
Delhi,2019-04-16,67.22924526567475
Delhi,2019-04-17,66.81408941292037
Delhi,2019-04-18,66.96249154492754
Delhi,2019-04-19,66.82761425988902
Delhi,2019-04-20,66.88497238683486
Delhi,2019-04-21,67.56746336214206
Delhi,2019-04-22,66.64979025985828
Delhi,2019-04-23,66.85267507971652
Delhi,2019-04-24,66.42210276273461
Delhi,2019-04-25,66.56209514533893
Delhi,2019-04-26,66.4260651060453
Delhi,2019-04-27,66.48960982531754
Delhi,2019-04-28,67.18554053237314
Delhi,2019-04-29,66.28830897905331
Delhi,2019-04-30,66.51822814041537
Delhi,2019-05-02,66.29914122118291
Delhi,2019-05-03,66.20608093841952
Delhi,2019-05-04,66.31624854851724
Delhi,2019-05-05,67.06148895450886
Delhi,2019-05-06,66.21524058461483
Delhi,2019-05-07,66.49678120463552
Delhi,2019-05-08,66.15050858372737
Delhi,2019-05-09,66.37875430521429
Delhi,2019-05-10,66.33317998233856
Delhi,2019-05-11,66.48761375503385
Delhi,2019-05-12,67.27312337241442
Delhi,2019-05-13,66.4624850335486
Delhi,2019-05-14,66.7744444465005
Delhi,2019-05-15,66.4530093887678
Delhi,2019-05-16,66.70027177974288
Delhi,2019-05-17,66.66780833469198
Delhi,2019-05-18,66.82951758130284
Delhi,2019-05-19,67.61668954584393
Delhi,2019-05-20,66.8024673812239
Delhi,2019-05-21,67.10609759111995
Delhi,2019-05-22,66.77220842284258
Delhi,2019-05-23,67.00361477864051
Delhi,2019-05-24,66.95269920956576
Delhi,2019-05-25,67.09422722032637
Delhi,2019-05-26,67.86039377159021
Delhi,2019-05-27,67.0252608344244
Delhi,2019-05-28,67.30898326043499
Delhi,2019-05-29,66.95706315026084
Delhi,2019-05-30,67.17313170379869
Delhi,2019-05-31,67.11030864350309
Delhi,2019-06-01,67.24399803716639
Delhi,2019-06-02,68.00691787000966
Delhi,2019-06-03,67.17352365244895
Delhi,2019-06-04,67.46422367802668
Delhi,2019-06-05,67.124626380936
Delhi,2019-06-06,67.35831895261721
Delhi,2019-06-07,67.3182273896939
Delhi,2019-06-10,67.47621843577339
Delhi,2019-06-11,67.80538135611646
Delhi,2019-06-12,67.50642190019506
Delhi,2019-06-13,67.78205045310574
Delhi,2019-06-14,67.78426585006805
Delhi,2019-06-15,67.98717906244589
Delhi,2019-06-16,68.82207509456217
Delhi,2019-06-18,68.42537762115734
Delhi,2019-06-19,68.15657181174547
Delhi,2019-06-20,68.45743178454015
Delhi,2019-06-21,68.47933019773147
Delhi,2019-06-22,68.69587545574137
Delhi,2019-06-24,68.7783621355479
Delhi,2019-06-25,69.1357402704225
Delhi,2019-06-27,69.13592000361494
Delhi,2019-06-28,69.13269193284695
Delhi,2019-06-29,69.31863227463677
Delhi,2019-06-30,70.12530326954464
Delhi,2019-07-01,69.32615389887724
Delhi,2019-07-02,69.64076061121418
Delhi,2019-07-03,69.31409852243526
Delhi,2019-07-04,69.5493278120314
Delhi,2019-07-05,69.49917283760439
Delhi,2019-07-06,69.63872471825273
Delhi,2019-07-07,70.40047836924404
Delhi,2019-07-08,69.55876129803904
Delhi,2019-07-09,69.83395163764841
Delhi,2019-07-10,69.47172579255616
Delhi,2019-07-11,69.67583484884418
Delhi,2019-07-12,69.59945997975107
Delhi,2019-07-13,69.71800578116198
Delhi,2019-07-15,69.6121627022746
Delhi,2019-07-16,69.88233432586414
Delhi,2019-07-17,69.52001664488975
Delhi,2019-07-18,69.72851211500006
Delhi,2019-07-19,69.66041983053712
Delhi,2019-07-20,69.79044403686791
Delhi,2019-07-22,69.7138656602406
Delhi,2019-07-24,69.65328435196307
Delhi,2019-07-25,69.87602140421278
Delhi,2019-07-26,69.81987522016955
Delhi,2019-07-27,69.95865344888085
Delhi,2019-07-29,69.88681585237809
Delhi,2019-07-30,70.16761870200865
Delhi,2019-07-31,69.80974120095232
Delhi,2019-08-01,70.01520525271008
Delhi,2019-08-02,69.93551763427796
Delhi,2019-08-03,70.0445125021628
Delhi,2019-08-04,70.77342723261711
Delhi,2019-08-05,69.89537068504873
Delhi,2019-08-06,70.12958033780004
Delhi,2019-08-07,69.72070764194197
Delhi,2019-08-08,69.8716297381241
Delhi,2019-08-09,69.73483680979842
Delhi,2019-08-10,69.78525312241256
Delhi,2019-08-11,70.45528838318849
Delhi,2019-08-12,69.51927907299763
Delhi,2019-08-13,69.69771682720555
Delhi,2019-08-14,69.23650388915841
Delhi,2019-08-15,69.33973449378887
Delhi,2019-08-16,69.16105218415366
Delhi,2019-08-17,69.17644183975557
Delhi,2019-08-18,69.81925376235564
Delhi,2019-08-19,68.86462014668611
Delhi,2019-08-20,69.03366163670833
Delhi,2019-08-21,68.5727245477264
Delhi,2019-08-22,68.68614808714725
Delhi,2019-08-23,68.52761195896731
Delhi,2019-08-24,68.58120627509813
Delhi,2019-08-25,69.27160696302684
Delhi,2019-08-26,68.3733457017016
Delhi,2019-08-27,68.6067433726529
Delhi,2019-08-28,68.21716175264866
Delhi,2019-08-29,68.40778962370271
Delhi,2019-08-30,68.33101328720562
Delhi,2019-08-31,68.46123004457623
Delhi,2019-09-01,69.2299015772544
Delhi,2019-09-02,68.41000695254037
Delhi,2019-09-03,68.72029218035436
Delhi,2019-09-04,68.40455596823709
Delhi,2019-09-05,68.66446993817503
Delhi,2019-09-06,68.65098250948287
Delhi,2019-09-07,68.83716424055612
Delhi,2019-09-08,69.65329082408118
Delhi,2019-09-09,68.87132277256322
Delhi,2019-09-10,69.20917809480434
Delhi,2019-09-11,68.91003706596538
Delhi,2019-09-12,69.17517690320166
Delhi,2019-09-13,69.15538520314173
Delhi,2019-09-14,69.3238096983594
Delhi,2019-09-15,70.11104040962938
Delhi,2019-09-16,69.28958323398746
Delhi,2019-09-17,69.57812139354763
Delhi,2019-09-18,69.22080409034264
Delhi,2019-09-19,69.42006053476705
Delhi,2019-09-20,69.32798866421072
Delhi,2019-09-21,69.41917666345374
Delhi,2019-09-22,70.12575399928191
Delhi,2019-09-23,69.22183171153115
Delhi,2019-09-24,69.42772913786294
Delhi,2019-09-25,68.98922720252256
Delhi,2019-09-26,69.11034723604557
Delhi,2019-09-27,68.94470543769586
Delhi,2019-09-28,68.96830186462327
Delhi,2019-09-29,69.61454139207909
Delhi,2019-09-30,68.6586470611183
Delhi,2019-10-01,68.82186359204012
Delhi,2019-10-02,68.35069170784314
Delhi,2019-10-03,68.44965264973845
Delhi,2019-10-04,68.27688061613061
Delhi,2019-10-05,68.30416563665014
Delhi,2019-10-07,68.03333815724228
Delhi,2019-10-08,68.23063623012953
Delhi,2019-10-09,67.80227758181718
Delhi,2019-10-10,67.95177003306732
Delhi,2019-10-11,67.83183269858546
Delhi,2019-10-12,67.91720826177311
Delhi,2019-10-13,68.63971508182733
Delhi,2019-10-14,67.77269879514057
Delhi,2019-10-15,68.03528027480888
Delhi,2019-10-16,67.67163954006793
Delhi,2019-10-17,67.8838338323259
Delhi,2019-10-18,67.82319902573819
Delhi,2019-10-19,67.96319214165867
Delhi,2019-10-20,68.73447115232213
Delhi,2019-10-21,67.90937111675788
Delhi,2019-10-22,68.20617297191126
Delhi,2019-10-23,67.86840412014894
Delhi,2019-10-24,68.09766867958045
Delhi,2019-10-25,68.04505632302522
Delhi,2019-10-26,68.18398734601577
Delhi,2019-10-27,68.9452901358137
Delhi,2019-10-28,68.10167018635171
Delhi,2019-10-29,68.37196719601982
Delhi,2019-10-30,68.00043970995424
Delhi,2019-10-31,68.18957559175371
Delhi,2019-11-01,68.09147775673719
Delhi,2019-11-02,68.18068338837689
Delhi,2019-11-03,68.88921345194257
Delhi,2019-11-04,67.99101233751148
Delhi,2019-11-05,68.20617488484733
Delhi,2019-11-06,67.78020097868756
Delhi,2019-11-07,67.91677671995019
Delhi,2019-11-08,67.76913230209836
Delhi,2019-11-09,67.81283547138624
Delhi,2019-11-10,68.48081798662832
Delhi,2019-11-11,67.54779544244929
Delhi,2019-11-12,67.73447815840544
Delhi,2019-11-13,67.28681367981142
Delhi,2019-11-14,67.4087601526884
Delhi,2019-11-15,67.25364085267307
Delhi,2019-11-16,67.29693878807863
Delhi,2019-11-17,67.9713287243551
Delhi,2019-11-18,67.05110687396208
Delhi,2019-11-19,67.25641539660695
Delhi,2019-11-20,66.83250243940034
Delhi,2019-11-21,66.98251596163283
Delhi,2019-11-22,66.85888136842655
Delhi,2019-11-24,67.64591373560276
Delhi,2019-11-25,66.76154956626016
Delhi,2019-11-26,67.00218364196337
Delhi,2019-11-27,66.61212151208196
Delhi,2019-11-28,66.79363835748651
Delhi,2019-11-29,66.6983797762814
Delhi,2019-11-30,66.80020209051564
Delhi,2019-12-01,67.53024836462463
Delhi,2019-12-02,66.66141921356191
Delhi,2019-12-03,66.91263478763581
Delhi,2019-12-04,66.52812716757315
Delhi,2019-12-05,66.7102611551317
Delhi,2019-12-06,66.61093252859668
Delhi,2019-12-07,66.70440156887413
Delhi,2019-12-08,67.42235821237188
Delhi,2019-12-09,66.53837817527133
Delhi,2019-12-10,66.77216679727728
Delhi,2019-12-11,66.36883028546467
Delhi,2019-12-12,66.53167286561491
Delhi,2019-12-13,66.41356949491298
Delhi,2019-12-14,66.48977257462776
Delhi,2019-12-15,67.19294968499231
Delhi,2019-12-16,66.29761236982334
Delhi,2019-12-17,66.52433340269008
Delhi,2019-12-18,66.11899288284732
Delhi,2019-12-19,66.28555230403812
Delhi,2019-12-20,66.17740683826213
Delhi,2019-12-21,66.27017479980415
Delhi,2019-12-22,66.9967217638664
Delhi,2019-12-23,66.13157973410225
Delhi,2019-12-24,66.39515906312407
Delhi,2019-12-25,66.03299364511766
Delhi,2019-12-26,66.24851858898812
Delhi,2019-12-27,66.19443057192277
Delhi,2019-12-28,66.34548968939656
Delhi,2019-12-29,67.13356002310395
Delhi,2019-12-30,66.33204897005308
Delhi,2019-12-31,66.66014259555668
Delhi,2020-01-01,66.36207700798562
Delhi,2020-01-02,66.63994437415822
Delhi,2020-01-03,66.64508313122973
Delhi,2020-01-04,66.85091052748189
Delhi,2020-01-05,67.68799419424678
Delhi,2020-01-06,66.92852113652177
Delhi,2020-01-07,67.29056258154301
Delhi,2020-01-08,67.01737212164667
Delhi,2020-01-09,67.31021607336336
Delhi,2020-01-10,67.31978483915651
Delhi,2020-01-11,67.51904289328846
Delhi,2020-01-12,68.3383134772526
Delhi,2020-01-13,67.54975699736146
Delhi,2020-01-14,67.87163944639046
Delhi,2020-01-15,67.54763003849708
Delhi,2020-01-16,67.77962601900356
Delhi,2020-01-17,67.71915371461739
Delhi,2020-01-18,67.84020364517045
Delhi,2020-01-19,68.57429608639805
Delhi,2020-01-20,67.69493647776407
Delhi,2020-01-21,67.92185748779538
Delhi,2020-01-22,67.50028749407488
Delhi,2020-01-23,67.63374407258104
Delhi,2020-01-24,67.47540224556627
Delhi,2020-01-25,67.50089602800081
Delhi,2020-01-26,68.14335039981374
Delhi,2020-01-27,67.17780383800161
Delhi,2020-01-28,67.32541894634433
Delhi,2020-01-29,66.83272163425428
Delhi,2020-01-30,66.90436808685938
Delhi,2020-01-31,66.69448986151097
Delhi,2020-02-01,66.67947616176946
Delhi,2020-02-02,67.29299084079692
Delhi,2020-02-03,66.31038459687066
Delhi,2020-02-04,66.45290012376657
Delhi,2020-02-05,65.96713909571332
Delhi,2020-02-06,66.05714867667277
Delhi,2020-02-07,65.8764608984818
Delhi,2020-02-08,65.90066062906438
Delhi,2020-02-09,66.5624209216562
Delhi,2020-02-10,65.63593748121261
Delhi,2020-02-11,65.84115950865628
Delhi,2020-02-12,65.42305691337242
Delhi,2020-02-13,65.58442250129056
Delhi,2020-02-14,65.47725867987704
Delhi,2020-02-15,65.57560679643814
Delhi,2020-02-16,66.31061560707569
Delhi,2020-02-17,65.45500818908022
Delhi,2020-02-18,65.72734383988589
Delhi,2020-02-19,65.37131426939784
Delhi,2020-02-20,65.58857205853994
Delhi,2020-02-21,65.53014035444671
Delhi,2020-02-22,65.66926142388242
Delhi,2020-02-23,66.43648015512314
Delhi,2020-02-24,65.60412150981426
Delhi,2020-02-25,65.89055826021112
Delhi,2020-02-26,65.53950821815653
Delhi,2020-02-27,65.75285893777752
Delhi,2020-02-28,65.68206898028635
Delhi,2020-02-29,65.80100358635691
Delhi,2020-03-01,66.54100117034622
Delhi,2020-03-02,65.67533005466191
Delhi,2020-03-03,65.92343227895684
Delhi,2020-03-04,65.53019426073959
Delhi,2020-03-05,65.69874291713471
Delhi,2020-03-06,65.58181700676208
Delhi,2020-03-07,65.66446845859868
Delhi,2020-03-08,66.36940969333257
Delhi,2020-03-09,65.47112929448554
Delhi,2020-03-10,65.6902113106086
Delhi,2020-03-11,65.27257972768624
Delhi,2020-03-12,65.42227109064962
Delhi,2020-03-13,65.29278556025164
Delhi,2020-03-14,65.35987539838726
Delhi,2020-03-15,66.05656836713322
Delhi,2020-03-16,65.1575864298439
Delhi,2020-03-17,65.38355743596635
Delhi,2020-03-18,64.98026027096357
Delhi,2020-03-19,65.15140262797166
Delhi,2020-03-20,65.04998153715796
Delhi,2020-03-21,65.15108539515899
Delhi,2020-03-22,65.8869346349591
Delhi,2020-03-23,65.03132099403274
Delhi,2020-03-24,65.30384255645116
Delhi,2020-03-25,64.94917448145826
Delhi,2020-03-26,65.16987395665173
Delhi,2020-03-27,65.11776885864101
Delhi,2020-03-28,65.26678819108382
Delhi,2020-03-29,66.04803076491415
Delhi,2020-03-30,65.23423141548908
Delhi,2020-03-31,65.54402129765026
Delhi,2020-04-01,65.22122157964655
Delhi,2020-04-02,65.46766853950618
Delhi,2020-04-03,65.43461908157661
Delhi,2020-04-04,65.60821086170753
Delhi,2020-04-05,66.40669067300519
Delhi,2020-04-06,65.60273522080732
Delhi,2020-04-07,65.9150956940534
Delhi,2020-04-08,65.58788797315907
Delhi,2020-04-09,65.82341007872523
Delhi,2020-04-10,65.77353608172538
Delhi,2020-04-11,65.91254445701622
Delhi,2020-04-12,66.6721774320753
Delhi,2020-04-13,65.8260908856625
Delhi,2020-04-14,66.0940917629922
Delhi,2020-04-15,65.72140290896658
Delhi,2020-04-16,65.9114540442735
Delhi,2020-04-17,65.81724874596564
Delhi,2020-04-18,65.91416606363771
Delhi,2020-04-19,66.63499396523451
Delhi,2020-04-20,65.7543547864053
Delhi,2020-04-21,65.99292023194604
Delhi,2020-04-22,65.59665636115695
Delhi,2020-04-23,65.7695977482671
Delhi,2020-04-24,65.66520107065968
Delhi,2020-04-25,65.75913706285534
Delhi,2020-04-26,66.48431824546371
Delhi,2020-04-27,65.6153227218861
Delhi,2020-04-28,65.87261161088306
Delhi,2020-04-29,65.50178046736819
Delhi,2020-04-30,65.70634370582547
Delhi,2020-05-01,65.63910201004856
Delhi,2020-05-02,65.7749513122203
Delhi,2020-05-03,66.54593031897582
Delhi,2020-05-04,65.73012134216643
Delhi,2020-05-05,66.04252663696373
Delhi,2020-05-06,65.72770963593894
Delhi,2020-05-07,65.98814984812799
Delhi,2020-05-08,65.97563559302141
Delhi,2020-05-09,66.16409756688809
Delhi,2020-05-10,66.98467961641778
Delhi,2020-05-11,66.2102059469788
Delhi,2020-05-12,66.55944126331953
Delhi,2020-05-13,66.27638314587622
Delhi,2020-05-14,66.56308467509798
Delhi,2020-05-15,66.57105635680072
Delhi,2020-05-16,66.7741050952861
Delhi,2020-05-17,67.60340646995435
Delhi,2020-05-18,66.83196952070809
Delhi,2020-05-19,67.17889061542161
Delhi,2020-05-20,66.88863587369069
Delhi,2020-05-21,67.1638504213435
Delhi,2020-05-22,67.15674387546115
Delhi,2020-05-23,67.34191022902425
Delhi,2020-05-24,68.15137887873905
Delhi,2020-05-25,67.35905654201153
Delhi,2020-05-26,67.68495721669166
Delhi,2020-05-27,67.37446026320939
Delhi,2020-05-28,67.631095498952
Delhi,2020-05-29,67.60790531466785
Delhi,2020-05-30,67.78024307641672
Delhi,2020-05-31,68.5808025860282
Delhi,2020-06-01,67.78404390074876
Delhi,2020-06-02,68.11040805946446
Delhi,2020-06-03,67.80556369057103
Delhi,2020-06-04,68.07318417493441
Delhi,2020-06-05,68.0663055729758
Delhi,2020-06-06,68.26012417945623
Delhi,2020-06-07,69.08703101166863
Delhi,2020-06-08,68.32104339297784
Delhi,2020-06-09,68.68203104440059
Delhi,2020-06-10,68.41497685980846
Delhi,2020-06-11,68.72277118479943
Delhi,2020-06-12,68.7575893751378
Delhi,2020-06-13,68.99371100137398
Delhi,2020-06-14,69.86257745679312
Delhi,2020-06-15,69.13724754431315
Delhi,2020-06-16,69.53664784570825
Delhi,2020-06-17,69.30485743153213
Delhi,2020-06-18,69.64392512242983
Delhi,2020-06-19,69.70526849142588
Delhi,2020-06-20,69.96251242545921
Delhi,2020-06-21,70.84656350679367
Delhi,2020-06-22,70.13007935784265
Delhi,2020-06-23,70.53172939626245
Delhi,2020-06-24,70.29548628675512
Delhi,2020-06-25,70.62344612017249
Delhi,2020-06-26,70.66722642628612
Delhi,2020-06-27,70.90079985216528
Delhi,2020-06-28,71.75555988431627
Delhi,2020-06-29,71.00477796531229
Delhi,2020-06-30,71.36784875510776
Delhi,2020-07-01,71.08956320891056
Delhi,2020-07-02,71.37290796239311
Delhi,2020-07-03,71.37044065370826
Delhi,2020-07-04,71.55709958948418
Delhi,2020-07-05,72.36524473924939
Delhi,2020-07-06,71.5690900425173
Delhi,2020-07-07,71.88892441224951
Delhi,2020-07-08,71.57036173086966
Delhi,2020-07-09,71.81711892672838
Delhi,2020-07-10,71.78237231549397
Delhi,2020-07-11,71.94155111241108
Delhi,2020-07-12,72.72736552941193
Delhi,2020-07-13,71.91422979070008
Delhi,2020-07-14,72.22247771023443
Delhi,2020-07-15,71.89761129060896
Delhi,2020-07-16,72.14308149328222
Delhi,2020-07-17,72.11165132343433
Delhi,2020-07-18,72.27819999126899
Delhi,2020-07-19,73.07476531993913
Delhi,2020-07-20,72.2749843952953
Delhi,2020-07-21,72.59832967637686
Delhi,2020-07-22,72.28938052500968
Delhi,2020-07-23,72.55062873925972
Delhi,2020-07-24,72.53386761813897
Delhi,2020-07-25,72.71302266815138
Delhi,2020-07-26,73.5192204509696
Delhi,2020-07-27,72.72525489389515
Delhi,2020-07-28,73.04984762219871
Delhi,2020-07-29,72.73694164243261
Delhi,2020-07-30,72.98852637836757
Delhi,2020-07-31,72.9560430650631
Delhi,2020-08-01,73.11322816412236
Delhi,2020-08-02,73.89119093807159
Delhi,2020-08-03,73.06288423988592
Delhi,2020-08-04,73.34736491395431
Delhi,2020-08-05,72.98908308263113
Delhi,2020-08-06,73.1906983749044
Delhi,2020-08-07,73.10447226694393
Delhi,2020-08-08,73.20509446798708
Delhi,2020-08-09,73.92473986025955
Delhi,2020-08-10,73.03751551155139
Delhi,2020-08-11,73.26369470090853
Delhi,2020-08-12,72.84897784419341
Delhi,2020-08-13,72.99727904308756
Delhi,2020-08-14,72.8620881325827
Delhi,2020-08-15,72.9192668873994
Delhi,2020-08-16,73.60207662685654
Delhi,2020-08-17,72.68559745427386
Delhi,2020-08-18,72.8909367574754
Delhi,2020-08-19,72.46446749558025
Delhi,2020-08-20,72.61059557036401
Delhi,2020-08-21,72.48310665413813
Delhi,2020-08-22,72.55795154101521
Delhi,2020-08-23,73.26826756703497
Delhi,2020-08-24,72.3887965321853
Delhi,2020-08-25,72.64009683398602
Delhi,2020-08-26,72.26779030404474
Delhi,2020-08-27,72.47534289535407
Delhi,2020-08-28,72.4154293280466
Delhi,2020-08-29,72.56274038807642
Delhi,2020-08-30,73.3490299519237
Delhi,2020-08-31,72.54756160886075
Delhi,2020-09-01,72.87735195250585
Delhi,2020-09-02,72.58245033343816
Delhi,2020-09-03,72.86475347564811
Delhi,2020-09-04,72.87540429147583
Delhi,2020-09-05,73.08763280652673
Delhi,2020-09-06,73.93183549311023
Delhi,2020-09-07,73.18005213605883
Delhi,2020-09-08,73.55023659920502
Delhi,2020-09-09,73.28556064211138
Delhi,2020-09-10,73.58724862393898
Delhi,2020-09-11,73.60599195307833
Delhi,2020-09-12,73.81480081931157
Delhi,2020-09-13,74.6440892426929
Delhi,2020-09-14,73.8661524152399
Delhi,2020-09-15,74.1994326766491
Delhi,2020-09-16,73.88781336771656
Delhi,2020-09-17,74.13343861182585
Delhi,2020-09-18,74.08810821114697
Delhi,2020-09-19,74.22610562937888
Delhi,2020-09-20,74.97925562717408
Delhi,2020-09-21,74.1213711431078
Delhi,2020-09-22,74.37248644834237
Delhi,2020-09-23,73.97811656014639
Delhi,2020-09-24,74.14204174309208
Delhi,2020-09-25,74.01766708218817
Delhi,2020-09-26,74.080815897633
Delhi,2020-09-27,74.7647543472872
Delhi,2020-09-28,73.84460755330984
Delhi,2020-09-29,74.04156497123437
Delhi,2020-09-30,73.60211560735554
Delhi,2020-10-01,73.73081245017373
Delhi,2020-10-02,73.58161654090263
Delhi,2020-10-03,73.63067978743403
Delhi,2020-10-04,74.3113640887284
Delhi,2020-10-05,73.39865720846761
Delhi,2020-10-06,73.6133830980119
Delhi,2020-10-07,73.20144713634826
Delhi,2020-10-08,73.36661539848384
Delhi,2020-10-09,73.26187801288728
Delhi,2020-10-10,73.36225524706366
Delhi,2020-10-11,74.09984333289896
Delhi,2020-10-12,73.24825983892887
Delhi,2020-10-13,73.52688559624221
Delhi,2020-10-14,73.18014290751319
Delhi,2020-10-15,73.41030838475773
Delhi,2020-10-16,73.36890970113363
Delhi,2020-10-17,73.52956412913974
Delhi,2020-10-18,74.32305513699023
Delhi,2020-10-19,73.5218061539571
Delhi,2020-10-20,73.84414787532383
Delhi,2020-10-21,73.53361827470673
Delhi,2020-10-22,73.79179319517773
Delhi,2020-10-23,73.76969642830802
Delhi,2020-10-24,73.94064688383705
Delhi,2020-10-25,74.73533896406545
Delhi,2020-10-26,73.92631521152092
Delhi,2020-10-27,74.23222767374273
Delhi,2020-10-28,73.89712733936885
Delhi,2020-10-29,74.12327981141922
Delhi,2020-10-30,74.06255652188237
Delhi,2020-10-31,74.1892595756307
Delhi,2020-11-01,74.93517690162733
Delhi,2020-11-02,74.07402740825506
Delhi,2020-11-03,74.32569326400515
Delhi,2020-11-04,73.93547936792831
Delhi,2020-11-05,74.10689890132993
Delhi,2020-11-06,73.9930349886542
Delhi,2020-11-07,74.06933726016497
Delhi,2020-11-08,74.76865066299526
Delhi,2020-11-09,73.86563683416013
Delhi,2020-11-10,74.08098570744286
Delhi,2020-11-11,73.66065788977743
Delhi,2020-11-12,73.80865708005565
Delhi,2020-11-13,73.67838284084378
Delhi,2020-11-14,73.74542269326133
Delhi,2020-11-15,74.44258095036767
Delhi,2020-11-16,73.54430456178159
Delhi,2020-11-17,73.77090349206014
Delhi,2020-11-18,73.36780591510309
Delhi,2020-11-19,73.5383471465272
Delhi,2020-11-20,73.43514218501555
Delhi,2020-11-21,73.53290031579898
Delhi,2020-11-22,74.26347861004838
Delhi,2020-11-23,73.40033396090908
Delhi,2020-11-24,73.6627705121248
Delhi,2020-11-25,73.29522207657013
Delhi,2020-11-26,73.50006778005799
Delhi,2020-11-27,73.42903012992146
Delhi,2020-11-28,73.55601332149995
Delhi,2020-11-29,74.31217802312983
Delhi,2020-11-30,73.47041174850796
Delhi,2020-12-01,73.74959121460874
Delhi,2020-12-02,73.39387590978394
Delhi,2020-12-03,73.60553082882537
Delhi,2020-12-04,73.53632739660839
Delhi,2020-12-05,73.66038032051586
Delhi,2020-12-06,74.40921664593516
Delhi,2020-12-07,73.5562362631986
Delhi,2020-12-08,73.82096050588218
Delhi,2020-12-09,73.44830840342514
Delhi,2020-12-10,73.6413989712793
Delhi,2020-12-11,73.55292906470119
Delhi,2020-12-12,73.65798510655559
Delhi,2020-12-13,74.389085585661
Delhi,2020-12-14,73.520614233189
Delhi,2020-12-15,73.77304119740819
Delhi,2020-12-16,73.3921724646915
Delhi,2020-12-17,73.58192658323232
Delhi,2020-12-18,73.4956888606904
Delhi,2020-12-19,73.6091019476686
Delhi,2020-12-20,74.35509024682035
Delhi,2020-12-21,73.50827852702209
Delhi,2020-12-22,73.78920245189512
Delhi,2020-12-23,73.44355156721204
Delhi,2020-12-24,73.6749440003937
Delhi,2020-12-25,73.63628313537049
Delhi,2020-12-26,73.8025551592962
Delhi,2020-12-27,74.6058647983438
Delhi,2020-12-28,73.81986939454731
Delhi,2020-12-29,74.1640087058049
Delhi,2020-12-30,73.88277055398868
Delhi,2020-12-31,74.17849107199416
Delhi,2021-01-01,74.20273923929703
Delhi,2021-01-02,74.42914397080531
Delhi,2021-01-03,75.28846040097278
Delhi,2021-01-04,74.55303481219818
Delhi,2021-01-05,74.94106487514232
Delhi,2021-01-06,74.69589461659277
Delhi,2021-01-07,75.01884217820539
Delhi,2021-01-08,75.06060940585057
Delhi,2021-01-09,75.29413093766026
Delhi,2021-01-10,76.14965890297786
Delhi,2021-01-11,75.39924223108741
Delhi,2021-01-12,75.76099687735513
Delhi,2021-01-13,75.47840612126704
Delhi,2021-01-14,75.75314884360816
Delhi,2021-01-15,75.73650477557472
Delhi,2021-01-16,75.90219445130002
Delhi,2021-01-17,76.68145014885646
Delhi,2021-01-18,75.8474770969496
Delhi,2021-01-19,76.11970163292165
Delhi,2021-01-20,75.7430459356819
Delhi,2021-01-21,75.92072779057243
Delhi,2021-01-22,75.80563499703621
Mumbai,2002-07-01,22.920855811048554
Mumbai,2002-08-16,23.51788380396225
Mumbai,2002-09-01,25.04344816404381
Mumbai,2002-10-01,24.50970537058528
Mumbai,2002-10-17,23.834215684440284
Mumbai,2002-11-16,22.841842724883563
Mumbai,2003-01-01,22.877072461761937
Mumbai,2003-01-03,22.56973915814468
Mumbai,2003-02-01,23.464638618855666
Mumbai,2003-03-01,22.655431494472577
Mumbai,2003-04-01,21.492193991055508
Mumbai,2003-04-16,21.615622338024195
Mumbai,2003-04-26,22.29283189448193
Mumbai,2003-05-16,22.143897293176064
Mumbai,2003-08-31,27.415233951536678
Mumbai,2003-10-16,26.253387866637006
Mumbai,2003-12-12,24.80504782985146
Mumbai,2003-12-31,25.254311260555998
Mumbai,2004-07-31,29.560984744715203
Mumbai,2004-11-04,28.532647819065332
Mumbai,2005-04-01,25.82899199152346
Mumbai,2005-04-05,26.489062021307767
Mumbai,2005-09-06,31.738109922875836
Mumbai,2006-06-05,30.38689917563603
Mumbai,2006-06-10,31.27738062513046
Mumbai,2006-06-20,31.587700662059476
Mumbai,2006-11-30,32.126501443721764
Mumbai,2006-12-01,31.48656636645893
Mumbai,2007-02-16,31.38058495577673
Mumbai,2007-03-01,32.01507988722955
Mumbai,2007-06-06,32.861397546202674
Mumbai,2008-02-15,33.81367535613684
Mumbai,2008-05-24,35.6600283700165
Mumbai,2008-06-06,34.90664119073279
Mumbai,2008-11-06,38.06288425814528
Mumbai,2008-12-06,37.77696362940138
Mumbai,2009-01-29,37.92287778268087
Mumbai,2009-07-02,40.356348242267934
Mumbai,2010-04-01,38.67023295850963
Mumbai,2010-06-26,42.489431526216485
Mumbai,2010-09-08,43.89031831054275
Mumbai,2010-11-02,43.120565671884854
Mumbai,2011-06-25,44.77834936877234
Mumbai,2011-07-01,44.364255291445446
Mumbai,2012-07-25,48.29401463599899
Mumbai,2012-08-01,48.34850091763969
Mumbai,2012-09-14,48.78371506142674
Mumbai,2012-10-27,48.67104218342986
Mumbai,2013-01-01,47.31585358224451
Mumbai,2013-01-18,47.621924350253316
Mumbai,2013-02-16,47.01511863346786
Mumbai,2013-03-23,46.087861491211974
Mumbai,2013-04-01,45.65227888148727
Mumbai,2013-05-11,47.25456458620156
Mumbai,2013-05-23,47.417621174933565
Mumbai,2013-06-01,47.958415915412125
Mumbai,2013-07-02,49.904708675961025
Mumbai,2013-08-01,51.069378964203416
Mumbai,2013-09-01,51.77412728222147
Mumbai,2013-10-01,51.204026305568505
Mumbai,2013-11-01,49.91155265801851
Mumbai,2013-12-01,49.97250584636377
Mumbai,2013-12-21,50.139315304771806
Mumbai,2014-01-04,50.42551124407086
Mumbai,2014-02-01,50.159012617834435
Mumbai,2014-03-01,49.3654701030625
Mumbai,2014-05-13,49.257624424457155
Mumbai,2014-06-01,50.78766508489055
Mumbai,2014-07-01,52.21354465511162
Mumbai,2014-08-01,52.79190980802516
Mumbai,2014-08-31,54.14382835069937
Mumbai,2014-10-19,53.77776049376678
Mumbai,2014-11-01,53.414169797642096
Mumbai,2014-12-01,51.3098532564229
Mumbai,2014-12-16,52.10606678254391
Mumbai,2015-01-17,53.541101807330044
Mumbai,2015-02-04,51.69382166076763
Mumbai,2015-02-16,51.20387184573893
Mumbai,2015-03-01,52.2080557472456
Mumbai,2015-04-02,50.727995380334754
Mumbai,2015-04-15,50.60680808962746
Mumbai,2015-05-01,50.29917525787819
Mumbai,2015-05-16,52.08644920228129
Mumbai,2015-06-16,52.659794519965786
Mumbai,2015-07-01,54.065662769618214
Mumbai,2015-07-15,54.92362072265321
Mumbai,2015-08-01,55.74614190740468
Mumbai,2015-08-15,55.59778829991171
Mumbai,2015-09-01,55.035464794790435
Mumbai,2015-10-01,55.52907844457522
Mumbai,2015-10-16,53.89552374265292
Mumbai,2015-11-01,55.40515268650764
Mumbai,2015-11-16,52.86233324847062
Mumbai,2015-12-01,52.907514863566455
Mumbai,2015-12-16,53.39680413375648
Mumbai,2016-01-01,52.9612092245573
Mumbai,2016-01-15,53.74513924268958
Mumbai,2016-01-19,54.31233633542802
Mumbai,2016-02-01,53.218311788984906
Mumbai,2016-02-17,52.42016405595553
Mumbai,2016-03-01,52.40487348615871
Mumbai,2016-03-09,51.84559789358893
Mumbai,2016-03-16,51.47786316052967
Mumbai,2016-03-17,51.736996326788905
Mumbai,2016-04-05,51.813157284558855
Mumbai,2016-04-16,52.40011604845287
Mumbai,2016-05-01,52.945640638471446
Mumbai,2016-05-17,52.79087254522644
Mumbai,2016-06-01,53.00193950248415
Mumbai,2016-06-15,53.666169071636034
Mumbai,2016-06-16,54.04533843331297
Mumbai,2016-07-01,54.878176634566145
Mumbai,2016-07-15,55.684153914945746
Mumbai,2016-08-01,56.231814355499964
Mumbai,2016-08-15,56.06384607169234
Mumbai,2016-09-01,56.391463969634685
Mumbai,2016-09-15,57.28182977102599
Mumbai,2016-10-01,56.964746634181175
Mumbai,2016-10-05,55.93397169264574
Mumbai,2016-10-15,56.11021042696743
Mumbai,2016-11-06,56.10460170951418
Mumbai,2016-11-16,53.96955385719541
Mumbai,2016-12-01,54.39043439850864
Mumbai,2016-12-17,55.419675615084834
Mumbai,2017-01-01,55.96467056922114
Mumbai,2017-01-16,55.79058659481723
Mumbai,2017-03-05,55.140069735211554
Mumbai,2017-04-01,54.4136489290405
Mumbai,2017-04-16,55.11294859861687
Mumbai,2017-05-01,54.28196816017851
Mumbai,2017-05-16,55.27321692385629
Mumbai,2017-06-01,55.947218745076825
Mumbai,2017-06-16,56.08948219140031
Mumbai,2017-06-19,56.785430305197124
Mumbai,2017-06-20,57.03994383586604
Mumbai,2017-06-21,57.02556002269716
Mumbai,2017-06-22,57.43253870514795
Mumbai,2017-06-23,56.84279301915981
Mumbai,2017-06-26,57.58324088261629
Mumbai,2017-06-27,57.84371747783414
Mumbai,2017-06-28,57.83065405428838
Mumbai,2017-06-29,58.23429305298355
Mumbai,2017-06-30,57.63660283566677
Mumbai,2017-07-03,58.327200890470074
Mumbai,2017-07-04,58.56325781877065
Mumbai,2017-07-05,58.522456213170116
Mumbai,2017-07-06,58.89546370186543
Mumbai,2017-07-07,58.264712893709515
Mumbai,2017-07-10,58.84658487579617
Mumbai,2017-07-11,59.04495282331059
Mumbai,2017-07-12,58.96659768673036
Mumbai,2017-07-13,59.3026751224729
Mumbai,2017-07-14,58.6360732145968
Mumbai,2017-07-17,59.120741003792716
Mumbai,2017-07-18,59.29116869443187
Mumbai,2017-07-19,59.18744859515732
Mumbai,2017-07-20,59.500838416731774
Mumbai,2017-07-21,58.81425618073913
Mumbai,2017-07-24,59.25447426730966
Mumbai,2017-07-25,59.41467485129578
Mumbai,2017-07-26,59.30259521566768
Mumbai,2017-07-27,59.609170263182385
Mumbai,2017-07-28,58.916965057829714
Mumbai,2017-07-31,59.34373001312226
Mumbai,2017-08-01,59.49935824177008
Mumbai,2017-08-02,59.3821020100214
Mumbai,2017-08-04,58.983242870064686
Mumbai,2017-08-07,59.3805700051243
Mumbai,2017-08-08,59.54755757349163
Mumbai,2017-08-09,59.440482314042946
Mumbai,2017-08-10,59.750221685961726
Mumbai,2017-08-11,59.05941212685934
Mumbai,2017-08-14,59.48243380816471
Mumbai,2017-08-16,59.51655623293784
Mumbai,2017-08-17,59.81644006588933
Mumbai,2017-08-18,59.11851744070064
Mumbai,2017-08-21,59.54149442023252
Mumbai,2017-08-22,59.70316399334367
Mumbai,2017-08-23,59.59710918031201
Mumbai,2017-08-24,59.914881173331565
Mumbai,2017-08-28,59.75796099791778
Mumbai,2017-08-29,59.95925750955903
Mumbai,2017-08-30,59.8958380350173
Mumbai,2017-08-31,60.2585284016208
Mumbai,2017-09-01,59.629688328161606
Mumbai,2017-09-04,60.28642390531927
Mumbai,2017-09-05,60.530245350029936
Mumbai,2017-09-06,60.50579725659107
Mumbai,2017-09-07,60.902883809616775
Mumbai,2017-09-08,60.30289470131326
Mumbai,2017-09-11,61.004509544366904
Mumbai,2017-09-12,61.24719341930951
Mumbai,2017-09-13,61.2128242628583
Mumbai,2017-09-14,61.591020666696274
Mumbai,2017-09-15,60.96317316726917
Mumbai,2017-09-19,61.71311303303759
Mumbai,2017-09-20,61.61275420520925
Mumbai,2017-09-21,61.91993402926579
Mumbai,2017-09-22,61.217262907154236
Mumbai,2017-09-25,61.550732838709806
Mumbai,2017-09-26,61.65741717612595
Mumbai,2017-09-27,61.484255795023685
Mumbai,2017-09-28,61.72336261389915
Mumbai,2017-09-29,60.958672774153264
Mumbai,2017-10-03,61.23313249366489
Mumbai,2017-10-04,61.04306464666338
Mumbai,2017-10-05,61.27590867771553
Mumbai,2017-10-06,60.51561310618569
Mumbai,2017-10-09,60.7843512138982
Mumbai,2017-10-10,60.90614360189229
Mumbai,2017-10-11,60.765726535629774
Mumbai,2017-10-12,61.05418252929487
Mumbai,2017-10-13,60.354033685308856
Mumbai,2017-10-16,60.81470503108505
Mumbai,2017-10-17,60.9988433627784
Mumbai,2017-10-18,60.917249219655844
Mumbai,2017-10-24,61.353894747283306
Mumbai,2017-10-25,61.27252788337972
Mumbai,2017-10-26,61.60910282765089
Mumbai,2017-10-30,61.38513310177929
Mumbai,2017-10-31,61.52804579279727
Mumbai,2017-11-01,61.38841422370256
Mumbai,2017-11-02,61.65716901304594
Mumbai,2017-11-03,60.917192184748075
Mumbai,2017-11-06,61.14869361831882
Mumbai,2017-11-07,61.22588413355773
Mumbai,2017-11-09,61.241739380633824
Mumbai,2017-11-10,60.45711983194657
Mumbai,2017-11-13,60.616137886859164
Mumbai,2017-11-14,60.692046811073816
Mumbai,2017-11-15,60.50294766007667
Mumbai,2017-11-16,60.74121856823742
Mumbai,2017-11-17,59.990759646834
Mumbai,2017-11-20,60.31412117012318
Mumbai,2017-11-21,60.46179443657297
Mumbai,2017-11-22,60.35064707766312
Mumbai,2017-11-23,60.6714531313781
Mumbai,2017-11-24,60.00641427807848
Mumbai,2017-11-27,60.58582477738555
Mumbai,2017-11-28,60.813056376442205
Mumbai,2017-11-29,60.77591618629696
Mumbai,2017-11-30,61.16378905444828
Mumbai,2017-12-01,60.557671265294765
Mumbai,2017-12-05,61.50227831254811
Mumbai,2017-12-06,61.47332520984691
Mumbai,2017-12-07,61.859028049854786
Mumbai,2017-12-08,61.24091353221338
Mumbai,2017-12-11,61.85321104274157
Mumbai,2017-12-12,62.05760952781094
Mumbai,2017-12-13,61.98283769080907
Mumbai,2017-12-14,62.3200752798585
Mumbai,2017-12-15,61.65240409906669
Mumbai,2017-12-18,62.12476081357479
Mumbai,2017-12-19,62.290145163762105
Mumbai,2017-12-20,62.18222350772638
Mumbai,2017-12-21,62.49314842643163
Mumbai,2017-12-22,61.80676714769783
Mumbai,2017-12-26,62.452841474515715
Mumbai,2017-12-27,62.367448823872444
Mumbai,2017-12-28,62.708104038885374
Mumbai,2017-12-29,62.05778119524661
Mumbai,2018-01-01,62.6585997086462
Mumbai,2018-01-02,62.888012825550994
Mumbai,2018-01-03,62.85177724967662
Mumbai,2018-01-05,62.633843511839
Mumbai,2018-01-08,63.334965155249336
Mumbai,2018-01-09,63.58310993592279
Mumbai,2018-01-10,63.55675343456037
Mumbai,2018-01-11,63.94529522650538
Mumbai,2018-01-12,63.32987541482408
Mumbai,2018-01-15,63.94395540052011
Mumbai,2018-01-16,64.14462818149416
Mumbai,2018-01-17,64.06272662010255
Mumbai,2018-01-18,64.38864969870585
Mumbai,2018-01-19,63.704708337041616
Mumbai,2018-01-22,64.09145308817325
Mumbai,2018-01-23,64.21404710550176
Mumbai,2018-01-24,64.05547113952663
Mumbai,2018-01-25,64.30762447593035
Mumbai,2018-01-29,63.77117005846764
Mumbai,2018-01-30,63.85336048239706
Mumbai,2018-02-01,63.89447070496181
Mumbai,2018-02-02,63.129613612875524
Mumbai,2018-02-05,63.36988911516616
Mumbai,2018-02-06,63.47751900285983
Mumbai,2018-02-07,63.32082861316915
Mumbai,2018-02-08,63.5911011645909
Mumbai,2018-02-09,62.87110421581946
Mumbai,2018-02-12,63.26536465630873
Mumbai,2018-02-13,63.42632879618956
Mumbai,2018-02-14,63.32176231677887
Mumbai,2018-02-15,63.64169957908971
Mumbai,2018-02-16,62.967754510395366
Mumbai,2018-02-19,63.46892332053986
Mumbai,2018-02-20,63.65271685455696
Mumbai,2018-02-21,63.56383194339748
Mumbai,2018-02-22,63.89214441725917
Mumbai,2018-02-23,63.21930421179381
Mumbai,2018-02-26,63.68330958985297
Mumbai,2018-02-27,63.84311184461637
Mumbai,2018-02-28,63.725737056366164
Mumbai,2018-03-01,64.02201151978419
Mumbai,2018-03-02,63.314612253852346
Mumbai,2018-03-05,63.670647414297584
Mumbai,2018-03-06,63.79662876913632
Mumbai,2018-03-07,63.6482161090525
Mumbai,2018-03-08,63.91714034323119
Mumbai,2018-03-09,63.18687552433306
Mumbai,2018-03-12,63.50721909671752
Mumbai,2018-03-13,63.633527839958816
Mumbai,2018-03-14,63.49178787113155
Mumbai,2018-03-15,63.77363021877895
Mumbai,2018-03-16,63.06227514540542
Mumbai,2018-03-19,63.470671655583374
Mumbai,2018-03-20,63.63463833080959
Mumbai,2018-03-22,63.85774606745659
Mumbai,2018-03-23,63.18995855746236
Mumbai,2018-03-26,63.72646566506595
Mumbai,2018-03-27,63.929420570722186
Mumbai,2018-03-29,64.22048093649886
Mumbai,2018-03-30,63.580497416216964
Mumbai,2018-04-02,64.17121508685324
Mumbai,2018-04-03,64.38199354920793
Mumbai,2018-04-04,64.31939123353433
Mumbai,2018-04-05,64.67375791252122
Mumbai,2018-04-09,64.57620980627331
Mumbai,2018-04-10,64.76772518761646
Mumbai,2018-04-12,65.01706341705815
Mumbai,2018-04-13,64.34881368993757
Mumbai,2018-04-16,64.83902810369742
Mumbai,2018-04-19,65.24305000106834
Mumbai,2018-04-20,64.56945827364655
Mumbai,2018-04-23,65.06736539509399
Mumbai,2018-04-24,65.2539795034583
Mumbai,2018-05-14,66.49717200830328
Mumbai,2018-05-15,66.72155593318733
Mumbai,2018-05-16,66.67181273479383
Mumbai,2018-05-17,67.03852973014922
Mumbai,2018-05-18,66.40405172550092
Mumbai,2018-05-21,66.98922476033975
Mumbai,2018-05-22,67.19324689710449
Mumbai,2018-05-23,67.12271454132664
Mumbai,2018-05-24,67.46874476029087
Mumbai,2018-05-25,66.81421051657617
Mumbai,2018-05-26,67.92385482859817
Mumbai,2018-05-27,68.37667308663593
Mumbai,2018-05-28,67.34804805718473
Mumbai,2018-05-29,67.5394443117708
Mumbai,2018-05-31,67.79875883533035
Mumbai,2018-06-01,67.14126327631645
Mumbai,2018-06-02,68.25166204470472
Mumbai,2018-06-03,68.7090900842731
Mumbai,2018-06-04,67.6890010851847
Mumbai,2018-06-05,67.89286079895436
Mumbai,2018-06-06,67.82893863592102
Mumbai,2018-06-07,68.18854187187011
Mumbai,2018-06-08,67.5546089768539
Mumbai,2018-06-09,68.69182255310173
Mumbai,2018-06-10,69.17899253447275
Mumbai,2018-06-11,68.19119413789467
Mumbai,2018-06-12,68.42946723308924
Mumbai,2018-06-15,68.2023696143749
Mumbai,2018-06-17,69.90219113602976
Mumbai,2018-06-19,69.22408278746121
Mumbai,2018-06-21,69.65623878676934
Mumbai,2018-06-22,69.0874583115706
Mumbai,2018-06-23,70.28648539858705
Mumbai,2018-06-24,70.83121751526944
Mumbai,2018-06-25,69.89587516389562
Mumbai,2018-06-26,70.16613215760346
Mumbai,2018-07-02,70.72406796629062
Mumbai,2018-07-05,71.3366898788534
Mumbai,2018-07-06,70.72119860663838
Mumbai,2018-07-09,71.34891997539471
Mumbai,2018-07-10,71.5622916376899
Mumbai,2018-07-12,71.84912515661024
Mumbai,2018-07-13,71.19650382246579
Mumbai,2018-07-16,71.72029789366488
Mumbai,2018-07-19,72.13501434939839
Mumbai,2018-07-20,71.4590304397766
Mumbai,2018-07-23,71.92881171666507
Mumbai,2018-07-24,72.09832297779994
Mumbai,2018-07-30,72.08237189722121
Mumbai,2018-07-31,72.24760962676457
Mumbai,2018-08-02,72.45085708964685
Mumbai,2018-08-03,71.76188863805022
Mumbai,2018-08-06,72.19192877504622
Mumbai,2018-08-07,72.34631992670664
Mumbai,2018-08-16,72.49472624674236
Mumbai,2018-08-17,71.78086822681882
Mumbai,2018-08-20,72.15094687599398
Mumbai,2018-08-21,72.29318993112652
Mumbai,2018-08-24,71.76624120275456
Mumbai,2018-08-25,72.84029390576691
Mumbai,2018-08-26,73.2647131416755
Mumbai,2018-08-27,72.2148892009568
Mumbai,2018-08-28,72.39215140319946
Mumbai,2018-08-29,72.30455315855544
Mumbai,2018-08-30,72.64310116269378
Mumbai,2018-08-31,71.99034555349598
Mumbai,2018-09-03,72.57865237395534
Mumbai,2018-09-04,72.80140756314138
Mumbai,2018-09-06,73.13556440515826
Mumbai,2018-09-07,72.50139759465756
Mumbai,2018-09-10,73.11005371000756
Mumbai,2018-09-11,73.32507814423145
Mumbai,2018-09-12,73.26469378484691
Mumbai,2018-09-13,73.61845350696673
Mumbai,2018-09-14,72.96764616042186
Mumbai,2018-09-15,74.07544537108548
Mumbai,2018-09-16,74.51932665089979
Mumbai,2018-09-17,73.47323650740447
Mumbai,2018-09-18,73.63731945811091
Mumbai,2018-09-20,73.80794215138759
Mumbai,2018-09-21,73.08726538772399
Mumbai,2018-09-23,74.4881410278614
Mumbai,2018-09-24,73.36380998260444
Mumbai,2018-09-25,73.4496718892564
Mumbai,2018-09-27,73.46979993111631
Mumbai,2018-09-28,72.67973975054748
Mumbai,2018-09-30,73.96028758525406
Mumbai,2018-10-01,72.78735540671377
Mumbai,2018-10-02,72.83362844052434
Mumbai,2018-10-04,72.80438845737756
Mumbai,2018-10-05,72.00539392683619
Mumbai,2018-10-06,72.97729178707606
Mumbai,2018-10-07,73.29993448060603
Mumbai,2018-10-08,72.14935478872923
Mumbai,2018-10-09,72.22744194682532
Mumbai,2018-10-10,72.04271970243751
Mumbai,2018-10-11,72.28657110179861
Mumbai,2018-10-12,71.54182687732073
Mumbai,2018-10-13,72.57287817087563
Mumbai,2018-10-14,72.95806437191301
Mumbai,2018-10-15,71.8718205599854
Mumbai,2018-10-16,72.01439108660917
Mumbai,2018-10-18,72.19634869666761
Mumbai,2018-10-19,71.49276898267341
Mumbai,2018-10-20,72.5588644804382
Mumbai,2018-10-22,71.90451904271633
Mumbai,2018-10-23,72.0567200438073
Mumbai,2018-10-24,71.93446286307763
Mumbai,2018-10-25,72.2270685832665
Mumbai,2018-10-26,71.51563611364074
Mumbai,2018-10-29,71.84140680582395
Mumbai,2018-10-30,71.94615591154432
Mumbai,2018-10-31,71.76865899711173
Mumbai,2018-11-01,71.9995183434432
Mumbai,2018-11-02,71.22128540974798
Mumbai,2018-11-05,71.33268240251374
Mumbai,2018-11-06,71.36710005804849
Mumbai,2018-11-12,70.4585411282548
Mumbai,2018-11-13,70.47699809175995
Mumbai,2018-11-15,70.40524257979624
Mumbai,2018-11-16,69.5916671118322
Mumbai,2018-11-19,69.71802171319725
Mumbai,2018-11-20,69.79845996153733
Mumbai,2018-11-21,69.61983018704787
Mumbai,2018-11-22,69.87323686922986
Mumbai,2018-11-23,69.14120694699123
Mumbai,2018-11-26,69.52510596006977
Mumbai,2018-11-27,69.68986139135512
Mumbai,2018-11-28,69.59194220537022
Mumbai,2018-11-29,69.92088057576775
Mumbai,2018-11-30,69.25777326054946
Mumbai,2018-12-01,70.36543876129683
Mumbai,2018-12-02,70.82084550778931
Mumbai,2018-12-03,69.79729446736347
Mumbai,2018-12-04,69.99416175366417
Mumbai,2018-12-05,69.91773778273698
Mumbai,2018-12-06,70.25750619215617
Mumbai,2018-12-07,69.59477799570526
Mumbai,2018-12-10,70.07859812958708
Mumbai,2018-12-11,70.24101933302617
Mumbai,2018-12-12,70.12420816669194
Mumbai,2018-12-13,70.41905876891762
Mumbai,2018-12-14,69.70838198865012
Mumbai,2018-12-17,70.0456638889083
Mumbai,2018-12-18,70.16338423156583
Mumbai,2018-12-19,70.00626688568849
Mumbai,2018-12-20,70.26640278692928
Mumbai,2018-12-21,69.5276238171443
Mumbai,2018-12-24,69.82734094958485
Mumbai,2018-12-25,69.94931190802887
Mumbai,2018-12-26,69.80481585894269
Mumbai,2018-12-27,70.08556817825489
Mumbai,2018-12-28,69.37479320193394
Mumbai,2018-12-31,69.7936849176869
Mumbai,2019-01-02,69.86788420003545
Mumbai,2019-01-03,70.19798584516926
Mumbai,2019-01-04,69.53522978491702
Mumbai,2019-01-07,70.07571212654148
Mumbai,2019-01-08,70.27386407191048
Mumbai,2019-01-09,70.1993774059782
Mumbai,2019-01-10,70.5416355595895
Mumbai,2019-01-11,69.88171736108588
Mumbai,2019-01-14,70.37176350318684
Mumbai,2019-01-16,70.41383248501825
Mumbai,2019-01-17,70.7024774258984
Mumbai,2019-01-18,69.98160539256547
Mumbai,2019-01-21,70.25676989725169
Mumbai,2019-01-22,70.3409733193264
Mumbai,2019-01-23,70.14297621784807
Mumbai,2019-01-24,70.3544529564066
Mumbai,2019-01-25,69.55894773019308
Mumbai,2019-01-28,69.63939117250449
Mumbai,2019-01-29,69.67245463429141
Mumbai,2019-01-30,69.43181536852224
Mumbai,2019-01-31,69.60982534242103
Mumbai,2019-02-01,68.7904900962282
Mumbai,2019-02-05,68.90637399311397
Mumbai,2019-02-06,68.68914771729561
Mumbai,2019-02-07,68.89834098455611
Mumbai,2019-02-08,68.11697416017577
Mumbai,2019-02-11,68.32787949138958
Mumbai,2019-02-12,68.42875697535727
Mumbai,2019-02-13,68.26496403302822
Mumbai,2019-02-14,68.52670396252934
Mumbai,2019-02-15,67.79572900393994
Mumbai,2019-02-18,68.1336827704288
Mumbai,2019-02-19,68.26580566523506
Mumbai,2019-02-20,68.12658144197529
Mumbai,2019-02-22,67.68504341441388
Mumbai,2019-02-25,68.0107296708769
Mumbai,2019-02-26,68.12566198813441
Mumbai,2019-02-27,67.96370813253806
Mumbai,2019-02-28,68.21548833958283
Mumbai,2019-03-01,67.46347462527807
Mumbai,2019-03-04,67.6830187864305
Mumbai,2019-03-05,67.76205244307802
Mumbai,2019-03-06,67.5657338842829
Mumbai,2019-03-07,67.78569190274098
Mumbai,2019-03-08,67.00532678500561
Mumbai,2019-03-11,67.16827530851025
Mumbai,2019-03-12,67.2398073987941
Mumbai,2019-03-13,67.04223291794318
Mumbai,2019-03-14,67.26728050135448
Mumbai,2019-03-15,66.49829005385949
Mumbai,2019-03-18,66.73018859355966
Mumbai,2019-03-19,66.83466618674888
Mumbai,2019-03-20,66.67390529013782
Mumbai,2019-03-21,66.93883194936961
Mumbai,2019-03-22,66.21192334579631
Mumbai,2019-03-23,67.25733264611746
Mumbai,2019-03-24,67.6532862874752
Mumbai,2019-03-25,66.57423781847623
Mumbai,2019-03-26,66.72058454044347
Mumbai,2019-03-27,66.5994840995026
Mumbai,2019-03-28,66.90111476670863
Mumbai,2019-03-29,66.20729530692515
Mumbai,2019-04-01,66.64222736561828
Mumbai,2019-04-02,66.80285008637277
Mumbai,2019-04-03,66.69085856859161
Mumbai,2019-04-04,66.99650375930668
Mumbai,2019-04-05,66.3018011692834
Mumbai,2019-04-08,66.70834389009275
Mumbai,2019-04-09,66.85261383574942
Mumbai,2019-04-10,66.72185552898627
Mumbai,2019-04-11,67.00701446186649
Mumbai,2019-04-12,66.29082611621178
Mumbai,2019-04-15,66.634109801796
Mumbai,2019-04-16,66.75996612408731
Mumbai,2019-04-17,66.61314787589103
Mumbai,2019-04-18,66.88510961745982
Mumbai,2019-04-19,66.15901217687107
Mumbai,2019-04-20,67.19982714444077
Mumbai,2019-04-21,67.58671088202394
Mumbai,2019-04-22,66.4951328015827
Mumbai,2019-04-23,66.6265648335356
Mumbai,2019-04-24,66.48926993630421
Mumbai,2019-04-25,66.77453409169215
Mumbai,2019-04-26,66.06525838354848
Mumbai,2019-04-27,67.12607169488498
Mumbai,2019-04-28,67.5357146871525
Mumbai,2019-04-29,66.4691795263767
Mumbai,2019-04-30,66.62741196133534
Mumbai,2019-05-02,66.83198619939206
Mumbai,2019-05-03,66.15134109468738
Mumbai,2019-05-04,67.24022252520842
Mumbai,2019-05-05,67.67680665358849
Mumbai,2019-05-06,66.63555358388709
Mumbai,2019-05-07,66.81692101168716
Mumbai,2019-05-08,66.72817647116665
Mumbai,2019-05-09,67.05965209457894
Mumbai,2019-05-10,66.39335799369817
Mumbai,2019-05-11,67.49311436182131
Mumbai,2019-05-12,67.93695258266348
Mumbai,2019-05-13,66.89926949895467
Mumbai,2019-05-14,67.08054120382896
Mumbai,2019-05-15,66.98813370410636
Mumbai,2019-05-16,67.31255446270582
Mumbai,2019-05-17,66.6360610518919
Mumbai,2019-05-18,67.72278716434364
Mumbai,2019-05-19,68.15113643805286
Mumbai,2019-05-20,67.09592843406944
Mumbai,2019-05-21,67.25810332767536
Mumbai,2019-05-22,67.14552287891553
Mumbai,2019-05-23,67.44921183314925
Mumbai,2019-05-24,66.75195631243163
Mumbai,2019-05-25,67.81841951692702
Mumbai,2019-05-26,68.2275254429053
Mumbai,2019-05-27,67.15459511898538
Mumbai,2019-05-28,67.30104208157364
Mumbai,2019-05-29,67.17516478646938
Mumbai,2019-05-30,67.4683802954251
Mumbai,2019-05-31,66.76381577995684
Mumbai,2019-06-01,67.82641837443595
Mumbai,2019-06-02,68.23533409086087
Mumbai,2019-06-03,67.1660403593106
Mumbai,2019-06-04,67.3200389468872
Mumbai,2019-06-05,67.2056469666139
Mumbai,2019-06-06,67.51423031363653
Mumbai,2019-06-07,66.82879605418431
Mumbai,2019-06-10,67.30879993430436
Mumbai,2019-06-11,67.49449014458405
Mumbai,2019-06-12,67.41402312074325
Mumbai,2019-06-13,67.75830774752667
Mumbai,2019-06-14,67.10985901192457
Mumbai,2019-06-15,68.23291771894745
Mumbai,2019-06-16,68.70584078829661
Mumbai,2019-06-18,67.92572138752152
Mumbai,2019-06-19,67.880625862562
Mumbai,2019-06-20,68.25834338107802
Mumbai,2019-06-21,67.64088874399265
Mumbai,2019-06-22,68.79203620516813
Mumbai,2019-06-24,68.30817519716578
Mumbai,2019-06-25,68.54767439664784
Mumbai,2019-06-27,68.90128859706257
Mumbai,2019-06-28,68.28748239991215
Mumbai,2019-06-29,69.4376178441304
Mumbai,2019-06-30,69.92964577113403
Mumbai,2019-07-01,68.9378995420609
Mumbai,2019-07-02,69.16280676051042
Mumbai,2019-07-03,69.1117541489719
Mumbai,2019-07-04,69.47516780864845
Mumbai,2019-07-05,68.83528867472235
Mumbai,2019-07-06,69.95623983444851
Mumbai,2019-07-07,70.4164179474591
Mumbai,2019-07-08,69.39063674451023
Mumbai,2019-07-09,69.57982916369973
Mumbai,2019-07-10,69.49184568221774
Mumbai,2019-07-11,69.8176930707443
Mumbai,2019-07-12,69.14013003112336
Mumbai,2019-07-13,70.22378019998119
Mumbai,2019-07-15,69.58657842005378
Mumbai,2019-07-16,69.74229802359014
Mumbai,2019-07-17,69.62285747698087
Mumbai,2019-07-18,69.91953753582307
Mumbai,2019-07-19,69.21530464136458
Mumbai,2019-07-20,70.2749202694858
Mumbai,2019-07-22,69.59774744880944
Mumbai,2019-07-24,69.60446584098443
Mumbai,2019-07-25,69.88987629620355
Mumbai,2019-07-26,69.17638812111296
Mumbai,2019-07-27,70.22845908966613
Mumbai,2019-07-29,69.53994724617324
Mumbai,2019-07-30,69.67511383190453
Mumbai,2019-07-31,69.53785158483944
Mumbai,2019-08-01,69.81887334760523
Mumbai,2019-08-02,69.10054851616223
Mumbai,2019-08-03,70.14703300866886
Mumbai,2019-08-04,70.5366695186681
Mumbai,2019-08-05,69.4441421414776
Mumbai,2019-08-06,69.57019162377203
Mumbai,2019-08-07,69.42242842796647
Mumbai,2019-08-08,69.69158742228801
Mumbai,2019-08-09,68.96014020135462
Mumbai,2019-08-10,69.99242503497045
Mumbai,2019-08-11,70.36704463941606
Mumbai,2019-08-12,69.25901584605307
Mumbai,2019-08-13,69.36947747179042
Mumbai,2019-08-14,69.20649370677714
Mumbai,2019-08-15,69.46129702277854
Mumbai,2019-08-16,68.71688686458731
Mumbai,2019-08-17,69.73814444048817
Mumbai,2019-08-18,70.10421417792226
Mumbai,2019-08-19,68.99063633642987
Mumbai,2019-08-20,69.09903753473071
Mumbai,2019-08-21,68.93791698383666
Mumbai,2019-08-22,69.19887291749228
Mumbai,2019-08-23,68.46518596900216
Mumbai,2019-08-24,69.51054822211087
Mumbai,2019-08-25,69.90554924533231
Mumbai,2019-08-26,68.82568340435346
Mumbai,2019-08-27,68.97240615724222
Mumbai,2019-08-28,68.85391710806836
Mumbai,2019-08-29,69.16138657888769
Mumbai,2019-08-30,68.4775425750895
Mumbai,2019-08-31,69.56677896885742
Mumbai,2019-09-01,70.00753585497742
Mumbai,2019-09-02,68.97443682372197
Mumbai,2019-09-03,69.16799001393252
Mumbai,2019-09-04,69.09539069043088
Mumbai,2019-09-05,69.44676963180045
Mumbai,2019-09-06,68.80380371523944
Mumbai,2019-09-07,69.92984897186429
Mumbai,2019-09-08,70.40234646478375
Mumbai,2019-09-09,69.3949850970213
Mumbai,2019-09-10,69.60742755506043
Mumbai,2019-09-11,69.54613647170238
Mumbai,2019-09-12,69.90064444847287
Mumbai,2019-09-13,69.25218371045358
Mumbai,2019-09-14,70.3638351020743
Mumbai,2019-09-15,70.81294627667613
Mumbai,2019-09-16,69.77330276734648
Mumbai,2019-09-17,69.94485781847625
Mumbai,2019-09-18,69.83455783927187
Mumbai,2019-09-19,70.13260700947569
Mumbai,2019-09-20,69.4210868181661
Mumbai,2019-09-21,70.46409037270816
Mumbai,2019-09-22,70.84012157931191
Mumbai,2019-09-23,69.72424324762177
Mumbai,2019-09-24,69.81778047327708
Mumbai,2019-09-25,69.62911673369476
Mumbai,2019-09-26,69.84992688826782
Mumbai,2019-09-27,69.06376359641209
Mumbai,2019-09-28,70.03615777729718
Mumbai,2019-09-29,70.34698403443718
Mumbai,2019-09-30,69.17257593391703
Mumbai,2019-10-01,69.21539831957297
Mumbai,2019-10-02,68.98481490180629
Mumbai,2019-10-03,69.17329606310845
Mumbai,2019-10-04,68.36968109096975
Mumbai,2019-10-05,69.33517098219997
Mumbai,2019-10-07,68.48971474560278
Mumbai,2019-10-08,68.55711228702918
Mumbai,2019-10-09,68.3607469225665
Mumbai,2019-10-10,68.59228222222923
Mumbai,2019-10-11,67.83484630772175
Mumbai,2019-10-12,68.85313760662847
Mumbai,2019-10-13,69.22580540489271
Mumbai,2019-10-14,68.12758986323016
Mumbai,2019-10-15,68.2590282144255
Mumbai,2019-10-16,68.1272646766675
Mumbai,2019-10-17,68.4223081039397
Mumbai,2019-10-18,67.7256534468592
Mumbai,2019-10-19,68.80042694487179
Mumbai,2019-10-20,69.22380502105757
Mumbai,2019-10-21,68.16919058755619
Mumbai,2019-10-22,68.33595256211929
Mumbai,2019-10-23,68.23026527936057
Mumbai,2019-10-24,68.5413910533025
Mumbai,2019-10-25,67.85032130779095
Mumbai,2019-10-26,68.91993566418034
Mumbai,2019-10-27,69.327428565993
Mumbai,2019-10-28,68.24648690839774
Mumbai,2019-10-29,68.37702439135772
Mumbai,2019-10-30,68.22600936074348
Mumbai,2019-10-31,68.48372963582936
Mumbai,2019-11-01,67.73241013832168
Mumbai,2019-11-02,68.73634325829224
Mumbai,2019-11-03,69.07428221743949
Mumbai,2019-11-04,67.92158169659304
Mumbai,2019-11-05,67.97989234406553
Mumbai,2019-11-06,67.75794690349657
Mumbai,2019-11-07,67.94778248611578
Mumbai,2019-11-08,67.13331585539062
Mumbai,2019-11-09,68.08043271193229
Mumbai,2019-11-10,68.36934226442045
Mumbai,2019-11-11,67.17668232534179
Mumbai,2019-11-12,67.20518244170994
Mumbai,2019-11-13,66.96442359119816
Mumbai,2019-11-14,67.14703963848204
Mumbai,2019-11-15,66.33727794971396
Mumbai,2019-11-16,67.30108052938365
Mumbai,2019-11-17,67.6184371777572
Mumbai,2019-11-18,66.46549595536757
Mumbai,2019-11-19,66.5442383118667
Mumbai,2019-11-20,66.36325716128404
Mumbai,2019-11-21,66.61398259181432
Mumbai,2019-11-22,65.87927202440217
Mumbai,2019-11-24,67.3250762951438
Mumbai,2019-11-25,66.25834251711069
Mumbai,2019-11-26,66.42354383612927
Mumbai,2019-11-27,66.32752272606047
Mumbai,2019-11-28,66.6600125476339
Mumbai,2019-11-29,66.00226863559128
Mumbai,2019-11-30,67.11722191845487
Mumbai,2019-12-01,67.58190474661428
Mumbai,2019-12-02,66.56963238422352
Mumbai,2019-12-03,66.77974576384813
Mumbai,2019-12-04,66.71845204357957
Mumbai,2019-12-05,67.07510614198952
Mumbai,2019-12-06,66.4308486518554
Mumbai,2019-12-07,67.54875957345006
Mumbai,2019-12-08,68.00627756441051
Mumbai,2019-12-09,66.97736835490922
Mumbai,2019-12-10,67.16224828637806
Mumbai,2019-12-11,67.06820002987676
Mumbai,2019-12-12,67.38582431877288
Mumbai,2019-12-13,66.69764388189814
Mumbai,2019-12-14,67.7682199083346
Mumbai,2019-12-15,68.17653171320816
Mumbai,2019-12-16,67.0981042819523
Mumbai,2019-12-17,67.23469070999073
Mumbai,2019-12-18,67.09504765467767
Mumbai,2019-12-19,67.37114866969954
Mumbai,2019-12-20,66.64675259168128
Mumbai,2019-12-21,67.68748821621381
Mumbai,2019-12-22,68.07320673821874
Mumbai,2019-12-23,66.98008731834305
Mumbai,2019-12-24,67.11030333825607
Mumbai,2019-12-25,66.97278785512127
Mumbai,2019-12-26,67.2594433573465
Mumbai,2019-12-27,66.55371305582614
Mumbai,2019-12-28,67.62067484428619
Mumbai,2019-12-29,68.03940913510048
Mumbai,2019-12-30,66.98512550675227
Mumbai,2019-12-31,67.15885515459787
Mumbai,2020-01-01,67.06824695448505
Mumbai,2020-01-02,67.40381142913915
Mumbai,2020-01-03,66.74752895019303
Mumbai,2020-01-04,67.86298234234633
Mumbai,2020-01-05,68.3277640935174
Mumbai,2020-01-06,67.31564206308765
Mumbai,2020-01-07,67.5262897180825
Mumbai,2020-01-08,67.46611769145085
Mumbai,2020-01-09,67.8245500704138
Mumbai,2020-01-10,67.18266092494639
Mumbai,2020-01-11,68.30333053267816
Mumbai,2020-01-12,68.76367091476654
Mumbai,2020-01-13,67.73720415338083
Mumbai,2020-01-14,67.92359918048163
Mumbai,2020-01-15,67.82950374170535
Mumbai,2020-01-16,68.14481494347719
Mumbai,2020-01-17,67.45130407951713
Mumbai,2020-01-18,68.5127555267868
Mumbai,2020-01-19,68.90736980197053
Mumbai,2020-01-20,67.80991485461902
Mumbai,2020-01-21,67.92143200504842
Mumbai,2020-01-22,67.7500340420251
Mumbai,2020-01-23,67.98713977104946
Mumbai,2020-01-24,67.2160616399741
Mumbai,2020-01-25,68.20210718596154
Mumbai,2020-01-26,68.52494534734728
Mumbai,2020-01-27,67.36072264291799
Mumbai,2020-01-28,67.41173650308968
Mumbai,2020-01-29,67.18720407236174
Mumbai,2020-01-30,67.37947148599743
Mumbai,2020-01-31,66.5725808498325
Mumbai,2020-02-01,67.53235614523905
Mumbai,2020-02-02,67.83875944522926
Mumbai,2020-02-03,66.66800264386498
Mumbai,2020-02-04,66.72222203623194
Mumbai,2020-02-05,66.51025399696849
Mumbai,2020-02-06,66.72385641478061
Mumbai,2020-02-07,65.94629296013261
Mumbai,2020-02-08,66.94244069501053
Mumbai,2020-02-09,67.29117191637668
Mumbai,2020-02-10,66.16749471737478
Mumbai,2020-02-11,66.27225883390702
Mumbai,2020-02-12,66.11296418026313
Mumbai,2020-02-13,66.3800159877502
Mumbai,2020-02-14,65.65534254340022
Mumbai,2020-02-15,66.70253540932396
Mumbai,2020-02-16,67.09926209365194
Mumbai,2020-02-17,66.01943492412141
Mumbai,2020-02-18,66.16294201202084
Mumbai,2020-02-19,66.0364771221259
Mumbai,2020-02-20,66.32981187990283
Mumbai,2020-02-21,65.62442594705463
Mumbai,2020-02-22,66.6836548041556
Mumbai,2020-02-23,67.08510499840462
Mumbai,2020-02-24,66.00282062401575
Mumbai,2020-02-25,66.13700706701458
Mumbai,2020-02-26,65.99484909542191
Mumbai,2020-02-27,66.26676710426693
Mumbai,2020-02-28,65.53502762579087
Mumbai,2020-02-29,66.56386830993796
Mumbai,2020-03-01,66.93188787030054
Mumbai,2020-03-02,65.81418545355146
Mumbai,2020-03-03,65.91205618892238
Mumbai,2020-03-04,65.73378073840175
Mumbai,2020-03-05,65.97085339261997
Mumbai,2020-03-06,65.20656553446743
Mumbai,2020-03-07,66.2137255291268
Mumbai,2020-03-08,66.5641652322787
Mumbai,2020-03-09,65.43371994492023
Mumbai,2020-03-10,65.5242871937932
Mumbai,2020-03-11,65.34460343172769
Mumbai,2020-03-12,65.58646327425295
Mumbai,2020-03-13,64.83329824160921
Mumbai,2020-03-14,65.85027591905806
Mumbai,2020-03-15,66.21667057202515
Mumbai,2020-03-16,65.10799003824468
Mumbai,2020-03-17,65.22566583448595
Mumbai,2020-03-18,65.0778442953888
Mumbai,2020-03-19,65.35562310566362
Mumbai,2020-03-20,64.64164969220549
Mumbai,2020-03-21,65.70024183675334
Mumbai,2020-03-22,66.10978095892403
Mumbai,2020-03-23,65.04486228686042
Mumbai,2020-03-24,65.20600824564117
Mumbai,2020-03-25,65.10048228734662
Mumbai,2020-03-26,65.41854695882596
Mumbai,2020-03-27,64.74208215120866
Mumbai,2020-03-28,65.83472342444539
Mumbai,2020-03-29,66.2742704553087
Mumbai,2020-03-30,65.23484949945666
Mumbai,2020-03-31,65.41663595244373
Mumbai,2020-04-01,65.32667407416604
Mumbai,2020-04-02,65.65513760094035
Mumbai,2020-04-03,64.98394720496454
Mumbai,2020-04-04,66.08707399214127
Mumbai,2020-04-05,66.53243327991962
Mumbai,2020-04-06,65.4945447733631
Mumbai,2020-04-07,65.67407356851068
Mumbai,2020-04-08,65.57863540730838
Mumbai,2020-04-09,65.89904112782145
Mumbai,2020-04-10,65.21789671773507
Mumbai,2020-04-11,66.29971943258526
Mumbai,2020-04-12,66.72332068208569
Mumbai,2020-04-13,65.66394029770817
Mumbai,2020-04-14,65.82293903647113
Mumbai,2020-04-15,65.70858718159957
Mumbai,2020-04-16,66.01229376622092
Mumbai,2020-04-17,65.3171931662871
Mumbai,2020-04-18,66.38824980829166
Mumbai,2020-04-19,66.80463191971774
Mumbai,2020-04-20,65.7418390965847
Mumbai,2020-04-21,65.90139063907219
Mumbai,2020-04-22,65.7916125462309
Mumbai,2020-04-23,66.10386766224731
Mumbai,2020-04-24,65.42114562574014
Mumbai,2020-04-25,66.50817321636838
Mumbai,2020-04-26,66.9437958246982
Mumbai,2020-04-27,65.90311457391657
Mumbai,2020-04-28,66.08718576229663
Mumbai,2020-04-29,66.00382020782736
Mumbai,2020-04-30,66.34382665854652
Mumbai,2020-05-01,65.68961558110404
Mumbai,2020-05-02,66.805323581228
Mumbai,2020-05-03,67.26920884837632
Mumbai,2020-05-04,66.26132705844456
Mumbai,2020-05-05,66.47666798417558
Mumbai,2020-05-06,66.42254236945159
Mumbai,2020-05-07,66.78931075071773
Mumbai,2020-05-08,66.15899646126518
Mumbai,2020-05-09,67.29541768903012
Mumbai,2020-05-10,67.77658886365302
Mumbai,2020-05-11,66.77687550847398
Mumbai,2020-05-12,66.99670889777566
Mumbai,2020-05-13,66.94339784067506
Mumbai,2020-05-14,67.30738156715856
Mumbai,2020-05-15,66.67083991326626
Mumbai,2020-05-16,67.79782101551531
Mumbai,2020-05-17,68.26663693254322
Mumbai,2020-05-18,67.25201149449924
Mumbai,2020-05-19,67.4547869029475
Mumbai,2020-05-20,67.38272659796301
Mumbai,2020-05-21,67.726758570793
Mumbai,2020-05-22,67.06957552526964
Mumbai,2020-05-23,68.17575230272845
Mumbai,2020-05-24,68.62413118792685
Mumbai,2020-05-25,67.58995958699593
Mumbai,2020-05-26,67.77458677884368
Mumbai,2020-05-27,67.68625742094001
Mumbai,2020-05-28,68.01634613575301
Mumbai,2020-05-29,67.34794971112916
Mumbai,2020-05-30,68.44599749452487
Mumbai,2020-05-31,68.88963042267778
Mumbai,2020-06-01,67.85433378748363
Mumbai,2020-06-02,68.0416299574465
Mumbai,2020-06-03,67.95986904007725
Mumbai,2020-06-04,68.30046177675405
Mumbai,2020-06-05,67.64647120562366
Mumbai,2020-06-06,68.76272360583687
Mumbai,2020-06-07,69.22818940547099
Mumbai,2020-06-08,68.21811857683919
Mumbai,2020-06-09,68.4337372218219
Mumbai,2020-06-10,68.38304299994911
Mumbai,2020-06-11,68.75704366919402
Mumbai,2020-06-12,68.13835519008458
Mumbai,2020-06-13,69.2913198121007
Mumbai,2020-06-14,69.79439472190143
Mumbai,2020-06-15,68.82229566612162
Mumbai,2020-06-16,69.07570213326035
Mumbai,2020-06-17,69.06206162243753
Mumbai,2020-06-18,69.47183713844814
Mumbai,2020-06-19,68.88711422829617
Mumbai,2020-06-20,70.0717278392451
Mumbai,2020-06-21,70.60365943694003
Mumbai,2020-06-22,69.65718865484291
Mumbai,2020-06-23,69.93260591975029
Mumbai,2020-06-24,69.93702344495416
Mumbai,2020-06-25,70.36062860067906
Mumbai,2020-06-26,69.78529585563626
Mumbai,2020-06-27,70.97471746148851
Mumbai,2020-06-28,71.50680322145467
Mumbai,2020-06-29,70.55583353894393
Mumbai,2020-06-30,70.82217213204905
Mumbai,2020-07-01,70.81307577068927
Mumbai,2020-07-02,71.21894503564779
Mumbai,2020-07-03,70.62193230994849
Mumbai,2020-07-04,71.78606721764179
Mumbai,2020-07-05,72.28964992665418
Mumbai,2020-07-06,71.307396611434
Mumbai,2020-07-07,71.54014359282863
Mumbai,2020-07-08,71.49564766902512
Mumbai,2020-07-09,71.8648268189249
Mumbai,2020-07-10,71.2303576922857
Mumbai,2020-07-11,72.35679032359636
Mumbai,2020-07-12,72.82293072184666
Mumbai,2020-07-13,71.80397587598416
Mumbai,2020-07-14,72.00120794029505
Mumbai,2020-07-15,71.92278535740857
Mumbai,2020-07-16,72.2599753345292
Mumbai,2020-07-17,71.59574430578994
Mumbai,2020-07-18,72.69486701403876
Mumbai,2020-07-19,73.13630503257345
Mumbai,2020-07-20,72.0953394010175
Mumbai,2020-07-21,72.27326423564259
Mumbai,2020-07-22,72.17817912483781
Mumbai,2020-07-23,72.50122473257417
Mumbai,2020-07-24,71.82517820198215
Mumbai,2020-07-25,72.91456890282596
Mumbai,2020-07-26,73.34806520548982
Mumbai,2020-07-27,72.30061677139341
Mumbai,2020-07-28,72.47315899248161
Mumbai,2020-07-29,72.37341712412226
Mumbai,2020-07-30,72.6921542349549
Mumbai,2020-07-31,72.01177924029378
Mumbai,2020-08-01,73.09647521935642
Mumbai,2020-08-02,73.52459834589651
Mumbai,2020-08-03,72.47083156914287
Mumbai,2020-08-04,72.63589933417265
Mumbai,2020-08-05,72.52738056205901
Mumbai,2020-08-06,72.83596371826684
Mumbai,2020-08-07,72.14405997908506
Mumbai,2020-08-08,73.21593448610602
Mumbai,2020-08-09,73.6301058622388
Mumbai,2020-08-10,72.56149803014
Mumbai,2020-08-11,72.7111505914156
Mumbai,2020-08-12,72.58702502402336
Mumbai,2020-08-13,72.88025063301531
Mumbai,2020-08-14,72.17372643981996
Mumbai,2020-08-15,73.23223924189013
Mumbai,2020-08-16,73.63484831972093
Mumbai,2020-08-17,72.55702119153386
Mumbai,2020-08-18,72.70032708055172
Mumbai,2020-08-19,72.57322579705459
Mumbai,2020-08-20,72.86729644179651
Mumbai,2020-08-21,72.16582260232607
Mumbai,2020-08-22,73.23389476213634
Mumbai,2020-08-23,73.65078087644295
Mumbai,2020-08-24,72.59204996654002
Mumbai,2020-08-25,72.75925581126765
Mumbai,2020-08-26,72.66071880079396
Mumbai,2020-08-27,72.98775065977037
Mumbai,2020-08-28,72.32323893980124
Mumbai,2020-08-29,73.43175214833349
Mumbai,2020-08-30,73.89191652758582
Mumbai,2020-08-31,72.87854930335536
Mumbai,2020-09-01,73.09235535647005
Mumbai,2020-09-02,73.04072516268451
Mumbai,2020-09-03,73.41397839891304
Mumbai,2020-09-04,72.79396972148761
Mumbai,2020-09-05,73.94421711308689
Mumbai,2020-09-06,74.44230327509409
Mumbai,2020-09-07,73.4620342947284
Mumbai,2020-09-08,73.70316190947804
Mumbai,2020-09-09,73.67220656069793
Mumbai,2020-09-10,74.05872497294871
Mumbai,2020-09-11,73.44393811368192
Mumbai,2020-09-12,74.59087930645845
Mumbai,2020-09-13,75.07681239583412
Mumbai,2020-09-14,74.0754036758957
Mumbai,2020-09-15,74.28645346419948
Mumbai,2020-09-16,74.21672416220686
Mumbai,2020-09-17,74.55620828939942
Mumbai,2020-09-18,73.88675220707091
Mumbai,2020-09-19,74.9721952830151
Mumbai,2020-09-20,75.39077449360418
Mumbai,2020-09-21,74.31727839411353
Mumbai,2020-09-22,74.45275667536902
Mumbai,2020-09-23,74.30532259574655
Mumbai,2020-09-24,74.56639232594102
Mumbai,2020-09-25,73.81927756301339
Mumbai,2020-09-26,74.82929188117903
Mumbai,2020-09-27,75.17612159075331
Mumbai,2020-09-28,74.03594585104271
Mumbai,2020-09-29,74.11111308979021
Mumbai,2020-09-30,73.91091185147629
Mumbai,2020-10-01,74.1277809222349
Mumbai,2020-10-02,73.34587585413057
Mumbai,2020-10-03,74.33115305788053
Mumbai,2020-10-04,74.66372285331398
Mumbai,2020-10-05,73.51995674009146
Mumbai,2020-10-06,73.60215634210466
Mumbai,2020-10-07,73.41932242019669
Mumbai,2020-10-08,73.66336893625548
Mumbai,2020-10-09,72.91769928358723
Mumbai,2020-10-10,73.9473056999327
Mumbai,2020-10-11,74.33114295644684
Mumbai,2020-10-12,73.24426115143402
Mumbai,2020-10-13,73.38750449974445
Mumbai,2020-10-14,73.26831383395329
Mumbai,2020-10-15,73.57697702135597
Mumbai,2020-10-16,72.89524355082646
Mumbai,2020-10-17,73.98646338403482
Mumbai,2020-10-18,74.42800020430704
Mumbai,2020-10-19,73.39340291738698
Mumbai,2020-10-20,73.58214133115499
Mumbai,2020-10-21,73.50044280126008
Mumbai,2020-10-22,73.83757317679675
Mumbai,2020-10-23,73.17447751184983
Mumbai,2020-10-24,74.27393995196438
Mumbai,2020-10-25,74.71301236437725
Mumbai,2020-10-26,73.66519513865879
Mumbai,2020-10-27,73.83017580584658
Mumbai,2020-10-28,73.71466214134769
Mumbai,2020-10-29,74.0086531257279
Mumbai,2020-10-30,73.29406343106793
Mumbai,2020-10-31,74.33486120201624
Mumbai,2020-11-01,74.7094692105421
Mumbai,2020-11-02,73.59291345951983
Mumbai,2020-11-03,73.6865256543046
Mumbai,2020-11-04,73.49873708285405
Mumbai,2020-11-05,73.72130823569276
Mumbai,2020-11-06,72.93791084941957
Mumbai,2020-11-07,73.91422319150551
Mumbai,2020-11-08,74.23028972057922
Mumbai,2020-11-09,73.06263023178484
Mumbai,2020-11-10,73.11390589430268
Mumbai,2020-11-11,72.89368063664891
Mumbai,2020-11-12,73.09462303059667
Mumbai,2020-11-13,72.301066059387
Mumbai,2020-11-14,73.27908615444495
Mumbai,2020-11-15,73.6088530505984
Mumbai,2020-11-16,72.46673582365807
Mumbai,2020-11-17,72.5549726028192
Mumbai,2020-11-18,72.38244232783194
Mumbai,2020-11-19,72.64088344633312
Mumbai,2020-11-20,71.91347651830057
Mumbai,2020-11-21,72.96495154005295
Mumbai,2020-11-22,73.37397082739166
Mumbai,2020-11-23,72.31527199062769
Mumbai,2020-11-24,72.48937756327742
Mumbai,2020-11-25,72.40340864800096
Mumbai,2020-11-26,72.7473464186076
Mumbai,2020-11-27,72.1026573656716
Mumbai,2020-11-28,73.23244202339136
Mumbai,2020-11-29,73.71385697488554
Mumbai,2020-11-30,72.72029368532465
Mumbai,2020-12-01,72.95111982582668
Mumbai,2020-12-02,72.91251966010802
Mumbai,2020-12-03,73.29377666923746
Mumbai,2020-12-04,72.67591378299942
Mumbai,2020-12-05,73.82185059475114
Mumbai,2020-12-06,74.30882716322137
Mumbai,2020-12-07,73.31057792895245
Mumbai,2020-12-08,73.52706155871775
Mumbai,2020-12-09,73.46528360860911
Mumbai,2020-12-10,73.81555565923227
Mumbai,2020-12-11,73.16010691665515
Mumbai,2020-12-12,74.26320841153348
Mumbai,2020-12-13,74.70356026602195
Mumbai,2020-12-14,73.65642651031611
Mumbai,2020-12-15,73.82332427933629
Mumbai,2020-12-16,73.71280533398267
Mumbai,2020-12-17,74.01667462318245
Mumbai,2020-12-18,73.31856292487382
Mumbai,2020-12-19,74.38401469723944
Mumbai,2020-12-20,74.7928425375946
Mumbai,2020-12-21,73.72123356345945
Mumbai,2020-12-22,73.87141526264962
Mumbai,2020-12-23,73.75241933872357
Mumbai,2020-12-24,74.05628870066161
Mumbai,2020-12-25,73.36664490785599
Mumbai,2020-12-26,74.44877730832965
Mumbai,2020-12-27,74.88200520585939
Mumbai,2020-12-28,73.84179814264958
Mumbai,2020-12-29,74.02946145716427
Mumbai,2020-12-30,73.95292510739537
Mumbai,2020-12-31,74.30298023839555
Mumbai,2021-01-01,73.66188001893924
Mumbai,2021-01-02,74.7934651040336
Mumbai,2021-01-03,75.27556410588062
Mumbai,2021-01-04,74.28215316042058
Mumbai,2021-01-05,74.51308072906237
Mumbai,2021-01-06,74.47489461205116
Mumbai,2021-01-07,74.8571146711619
Mumbai,2021-01-08,74.24086686310086
Mumbai,2021-01-09,75.38903809847949
Mumbai,2021-01-10,75.87870156993426
Mumbai,2021-01-11,74.8832960189791
Mumbai,2021-01-12,75.10236460044202
Mumbai,2021-01-13,75.0423899885591
Mumbai,2021-01-14,75.39306904605708
Mumbai,2021-01-15,74.73594264100254
Mumbai,2021-01-16,75.83454026848145
Mumbai,2021-01-17,76.26678941723814
Mumbai,2021-01-18,75.20717359272999
Mumbai,2021-01-19,75.35644523021764
Mumbai,2021-01-20,75.22243083383891
Mumbai,2021-01-21,75.49627245296132
Mumbai,2021-01-22,74.76102194757904
Bangalore,2002-08-01,25.64382927676698
Bangalore,2002-08-16,24.483332775326037
Bangalore,2002-09-16,25.451716092159046
Bangalore,2002-10-01,24.723938108389646
Bangalore,2002-10-17,25.042079854187666
Bangalore,2002-11-16,24.213116231503278
Bangalore,2002-12-01,23.814273633803897
Bangalore,2003-01-01,24.176625700966774
Bangalore,2003-01-03,24.375346101192637
Bangalore,2003-02-01,24.263536029031513
Bangalore,2003-03-16,22.63518484416225
Bangalore,2003-04-01,21.85888065956958
Bangalore,2003-04-16,21.90298567483626
Bangalore,2003-04-26,22.281861519321325
Bangalore,2003-06-01,24.055760794792395
Bangalore,2003-08-31,27.698478453157826
Bangalore,2003-10-16,27.4318953592595
Bangalore,2003-12-12,25.858147722498288
Bangalore,2004-06-15,27.16014758697533
Bangalore,2004-07-31,30.715055160465116
Bangalore,2004-11-04,28.364592206804172
Bangalore,2005-04-01,26.623212636054884
Bangalore,2005-06-20,30.165514825268204
Bangalore,2005-09-06,32.571530144655696
Bangalore,2006-06-05,31.037794101147103
Bangalore,2006-06-10,31.699642841625224
Bangalore,2006-09-06,34.74631981870818
Bangalore,2006-11-30,33.0009212456472
Bangalore,2006-12-01,32.963523200657754
Bangalore,2007-02-16,33.089977516440136
Bangalore,2007-05-16,32.574442691974426
Bangalore,2007-06-06,33.128762208633994
Bangalore,2008-02-15,35.43695303909087
Bangalore,2008-05-24,35.899640166823055
Bangalore,2008-07-16,38.459320885751005
Bangalore,2008-11-06,37.69366169967024
Bangalore,2008-12-06,37.87567575629231
Bangalore,2009-01-29,37.929582136164704
Bangalore,2010-02-27,40.39623226155921
Bangalore,2010-04-01,38.31206326139016
Bangalore,2010-06-26,42.664749047861406
Bangalore,2010-09-08,44.15960277776469
Bangalore,2011-06-25,44.92115457676723
Bangalore,2011-07-01,44.84272048292477
Bangalore,2012-07-25,48.67454072844608
Bangalore,2012-08-01,48.80046882636323
Bangalore,2012-09-14,48.886234479790105
Bangalore,2012-10-27,47.95076795179712
Bangalore,2013-01-01,47.72290395140844
Bangalore,2013-01-18,47.320931790033754
Bangalore,2013-02-16,47.504278516923904
Bangalore,2013-03-23,45.69299563662206
Bangalore,2013-04-01,45.39925856708828
Bangalore,2013-05-11,46.77943845339223
Bangalore,2013-06-01,47.62799282238309
Bangalore,2013-07-02,49.49861930084887
Bangalore,2013-08-01,51.37184241185265
Bangalore,2013-09-01,51.23414187160666
Bangalore,2013-10-01,50.464921200096406
Bangalore,2013-11-01,49.55256730482757
Bangalore,2013-12-01,49.53994348910845
Bangalore,2013-12-21,50.17087900063164
Bangalore,2014-01-04,50.46153021423443
Bangalore,2014-02-01,49.997148948068116
Bangalore,2014-03-01,49.69308619656017
Bangalore,2014-05-13,48.85254282922361
Bangalore,2014-06-01,49.79379765123099
Bangalore,2014-07-01,51.79940938814507
Bangalore,2014-08-01,53.71980576668115
Bangalore,2014-08-31,53.45759434939039
Bangalore,2014-10-19,53.21247922889019
Bangalore,2014-11-01,52.2858474967429
Bangalore,2014-12-01,51.73956913169102
Bangalore,2014-12-16,51.724585227095766
Bangalore,2015-01-17,52.402904904069494
Bangalore,2015-02-04,51.709389499595865
Bangalore,2015-02-16,51.866023447473005
Bangalore,2015-03-01,51.87124325271585
Bangalore,2015-04-02,49.92264645591564
Bangalore,2015-04-15,49.843996675858655
Bangalore,2015-05-01,49.89834349775257
Bangalore,2015-05-16,51.633061241174374
Bangalore,2015-06-16,52.555027483424226
Bangalore,2015-07-01,53.554620402418706
Bangalore,2015-07-15,54.199270617645844
Bangalore,2015-08-01,55.916737523419684
Bangalore,2015-08-15,54.77380129870724
Bangalore,2015-09-01,54.9533485250638
Bangalore,2015-10-01,54.46286303251238
Bangalore,2015-10-16,54.717324975299164
Bangalore,2015-11-01,53.624098823485326
Bangalore,2015-11-03,53.2354370539219
Bangalore,2015-11-16,53.40420503763801
Bangalore,2015-12-01,53.0094812639309
Bangalore,2015-12-16,52.89341959762274
Bangalore,2016-01-01,53.76106146784318
Bangalore,2016-01-15,53.30832538494772
Bangalore,2016-02-01,53.19595528071406
Bangalore,2016-02-17,52.69866849942913
Bangalore,2016-03-01,52.6397667740714
Bangalore,2016-03-09,51.919817880640295
Bangalore,2016-03-16,51.23210386819966
Bangalore,2016-03-17,51.36615261869777
Bangalore,2016-04-05,51.042241367202145
Bangalore,2016-04-16,51.480499509762055
Bangalore,2016-05-01,51.22594526319725
Bangalore,2016-05-17,52.38679731897492
Bangalore,2016-06-01,52.46472680029164
Bangalore,2016-06-16,53.787533991346415
Bangalore,2016-07-01,54.88003696726375
Bangalore,2016-07-15,55.57032223254019
Bangalore,2016-08-01,56.651774025005246
Bangalore,2016-08-15,55.483691626977816
Bangalore,2016-09-01,56.16600212605214
Bangalore,2016-09-15,56.231773644246516
Bangalore,2016-10-01,55.937289404806
Bangalore,2016-10-05,55.462180659806535
Bangalore,2016-10-15,56.18421486902912
Bangalore,2016-11-06,54.49385205370603
Bangalore,2016-11-16,54.21216761081116
Bangalore,2016-12-01,54.29710887327499
Bangalore,2016-12-17,55.03115449243775
Bangalore,2017-01-01,55.56461873875726
Bangalore,2017-01-16,55.09523562546273
Bangalore,2017-04-01,53.996392172978545
Bangalore,2017-04-16,54.11672456200401
Bangalore,2017-05-01,54.03278309483152
Bangalore,2017-05-16,55.441526440211994
Bangalore,2017-06-01,56.009113330466775
Bangalore,2017-06-16,57.25489364818542
Bangalore,2017-06-19,57.680159091312696
Bangalore,2017-06-20,57.66485849880457
Bangalore,2017-06-21,57.61882668229265
Bangalore,2017-06-22,57.94496959036677
Bangalore,2017-06-23,58.04134441867909
Bangalore,2017-06-26,58.3392069648082
Bangalore,2017-06-27,58.273335787501765
Bangalore,2017-06-28,58.17538831387073
Bangalore,2017-06-29,58.449972061438345
Bangalore,2017-06-30,58.49682453607626
Bangalore,2017-07-03,58.67374273693527
Bangalore,2017-07-04,58.58109660812684
Bangalore,2017-07-05,58.46476372197499
Bangalore,2017-07-06,58.72992562937722
Bangalore,2017-07-07,58.77659636670154
Bangalore,2017-07-10,59.006533562272466
Bangalore,2017-07-11,58.947269296798574
Bangalore,2017-07-12,58.870395889744195
Bangalore,2017-07-13,59.17966456176016
Bangalore,2017-07-14,59.27346938346372
Bangalore,2017-07-17,59.64493917512678
Bangalore,2017-07-18,59.62664734242388
Bangalore,2017-07-19,59.58459717092729
Bangalore,2017-07-20,59.92087601425608
Bangalore,2017-07-21,60.03239777516686
Bangalore,2017-07-24,60.39016539118201
Bangalore,2017-07-25,60.342814361938814
Bangalore,2017-07-26,60.25918956826749
Bangalore,2017-07-27,60.54174476162822
Bangalore,2017-07-28,60.58811231167462
Bangalore,2017-07-31,60.693950665048426
Bangalore,2017-08-01,60.549279748923055
Bangalore,2017-08-02,60.36498115485043
Bangalore,2017-08-04,60.49150872042027
Bangalore,2017-08-07,60.32578701677209
Bangalore,2017-08-08,60.124907090071666
Bangalore,2017-08-09,59.896234881404155
Bangalore,2017-08-10,60.045988028407024
Bangalore,2017-08-11,59.975329433671924
Bangalore,2017-08-14,59.85457142345264
Bangalore,2017-08-16,59.49947790279165
Bangalore,2017-08-17,59.70792702928785
Bangalore,2017-08-18,59.70848841694702
Bangalore,2017-08-21,59.85776645655557
Bangalore,2017-08-22,59.78799710622933
Bangalore,2017-08-23,59.70707516981569
Bangalore,2017-08-24,60.017600219145876
Bangalore,2017-08-28,60.517972703207164
Bangalore,2017-08-29,60.51074218339529
Bangalore,2017-08-30,60.478954905037355
Bangalore,2017-08-31,60.82410033178815
Bangalore,2017-09-01,60.942668987761635
Bangalore,2017-09-04,61.309159998725214
Bangalore,2017-09-05,61.26096976136095
Bangalore,2017-09-06,61.175236043786796
Bangalore,2017-09-07,61.45498110506875
Bangalore,2017-09-08,61.49850884586471
Bangalore,2017-09-11,61.60327271714953
Bangalore,2017-09-12,61.46333851825755
Bangalore,2017-09-13,61.287549167056206
Bangalore,2017-09-14,61.48120948542587
Bangalore,2017-09-15,61.44476538580383
Bangalore,2017-09-19,61.18575032810459
Bangalore,2017-09-20,60.984150846774035
Bangalore,2017-09-21,61.16531158559144
Bangalore,2017-09-22,61.12965569928393
Bangalore,2017-09-25,61.12573775278078
Bangalore,2017-09-26,60.99360485149612
Bangalore,2017-09-27,60.8466193496858
Bangalore,2017-09-28,61.08859438126547
Bangalore,2017-09-29,61.11795414391417
Bangalore,2017-10-03,61.24187832350892
Bangalore,2017-10-04,61.149644395276155
Bangalore,2017-10-05,61.43862855751622
Bangalore,2017-10-06,61.50579740112404
Bangalore,2017-10-09,61.7490334597773
Bangalore,2017-10-10,61.67007656856042
Bangalore,2017-10-11,61.55836505265603
Bangalore,2017-10-12,61.81649950529332
Bangalore,2017-10-13,61.84225113818992
Bangalore,2017-10-16,61.91011990275134
Bangalore,2017-10-17,61.760913217273156
Bangalore,2017-10-18,61.57608972128742
Bangalore,2017-10-24,61.38759985336966
Bangalore,2017-10-25,61.16158871674967
Bangalore,2017-10-26,61.320567612088304
Bangalore,2017-10-30,61.16002384674442
Bangalore,2017-10-31,60.991321823227686
Bangalore,2017-11-01,60.8063024379661
Bangalore,2017-11-02,61.009459996976325
Bangalore,2017-11-03,60.99995757170365
Bangalore,2017-11-06,61.086206916460405
Bangalore,2017-11-07,60.98368959703749
Bangalore,2017-11-09,61.130225265693745
Bangalore,2017-11-10,61.179633273972215
Bangalore,2017-11-13,61.404747023846674
Bangalore,2017-11-14,61.332462311371835
Bangalore,2017-11-15,61.23398910240885
Bangalore,2017-11-16,61.51187812890015
Bangalore,2017-11-17,61.56373688972386
Bangalore,2017-11-20,61.744845164839255
Bangalore,2017-11-21,61.643510793237354
Bangalore,2017-11-22,61.51068742120635
Bangalore,2017-11-23,61.75029870867553
Bangalore,2017-11-24,61.76142688560375
Bangalore,2017-11-27,61.82095161793438
Bangalore,2017-11-28,61.68427303678691
Bangalore,2017-11-29,61.52096995723123
Bangalore,2017-11-30,61.73611479517241
Bangalore,2017-12-01,61.72974739370356
Bangalore,2017-12-05,61.663477907684374
Bangalore,2017-12-06,61.52372453503974
Bangalore,2017-12-07,61.770114782567354
Bangalore,2017-12-08,61.80195646438833
Bangalore,2017-12-11,62.00320286835234
Bangalore,2017-12-12,61.93697146432978
Bangalore,2017-12-13,61.853179864371
Bangalore,2017-12-14,62.154943855711146
Bangalore,2017-12-15,62.24013572961329
Bangalore,2017-12-18,62.57603273263711
Bangalore,2017-12-19,62.542417467979284
Bangalore,2017-12-20,62.48362498270424
Bangalore,2017-12-21,62.80218141796296
Bangalore,2017-12-22,62.89559189872065
Bangalore,2017-12-26,63.14566912442049
Bangalore,2017-12-27,63.054636885249806
Bangalore,2017-12-28,63.334791515134135
Bangalore,2017-12-29,63.38466992894044
Bangalore,2018-01-01,63.54392497300174
Bangalore,2018-01-02,63.4330551469425
Bangalore,2018-01-03,63.29092492848467
Bangalore,2018-01-05,63.52621605935751
Bangalore,2018-01-08,63.57594166306134
Bangalore,2018-01-09,63.439896692592626
Bangalore,2018-01-10,63.278846242654396
Bangalore,2018-01-11,63.497441031670675
Bangalore,2018-01-12,63.49517219975191
Bangalore,2018-01-15,63.55950377580876
Bangalore,2018-01-16,63.437666602462144
Bangalore,2018-01-17,63.2942692876558
Bangalore,2018-01-18,63.53312035855017
Bangalore,2018-01-19,63.55283745021191
Bangalore,2018-01-22,63.68491165176151
Bangalore,2018-01-23,63.58362479765091
Bangalore,2018-01-24,63.458653536987676
Bangalore,2018-01-25,63.71330436677466
Bangalore,2018-01-29,63.89661815283211
Bangalore,2018-01-30,63.79513512651854
Bangalore,2018-02-01,63.91628873877875
Bangalore,2018-02-02,63.941338154424045
Bangalore,2018-02-05,64.06336558600415
Bangalore,2018-02-06,63.952094560799885
Bangalore,2018-02-07,63.81511780301023
Bangalore,2018-02-08,64.05660637017972
Bangalore,2018-02-09,64.07567179741098
Bangalore,2018-02-12,64.19227977643548
Bangalore,2018-02-13,64.08358519183452
Bangalore,2018-02-14,63.95116537926293
Bangalore,2018-02-15,64.19887974056549
Bangalore,2018-02-16,64.22541577605772
Bangalore,2018-02-19,64.3662978004859
Bangalore,2018-02-20,64.2641317326602
Bangalore,2018-02-21,64.13629344817025
Bangalore,2018-02-22,64.38595393310675
Bangalore,2018-02-23,64.41115763005892
Bangalore,2018-02-26,64.52316589136142
Bangalore,2018-02-27,64.40191687244705
Bangalore,2018-02-28,64.25003339130437
Bangalore,2018-03-01,64.4707842369213
Bangalore,2018-03-02,64.46247947393755
Bangalore,2018-03-05,64.45149689882
Bangalore,2018-03-06,64.28422914946033
Bangalore,2018-03-07,64.08537080058811
Bangalore,2018-03-08,64.2592688129545
Bangalore,2018-03-09,64.20536933119604
Bangalore,2018-03-12,64.07670326780553
Bangalore,2018-03-13,63.8802522446657
Bangalore,2018-03-14,63.658867593470916
Bangalore,2018-03-15,63.81768821089606
Bangalore,2018-03-16,63.756787208332184
Bangalore,2018-03-19,63.65892852414005
Bangalore,2018-03-20,63.490069012939465
Bangalore,2018-03-22,63.506445212116105
Bangalore,2018-03-23,63.495405145790365
Bangalore,2018-03-26,63.57598080563699
Bangalore,2018-03-27,63.47188340557642
Bangalore,2018-03-29,63.61710807516083
Bangalore,2018-03-30,63.667236876478334
Bangalore,2018-04-02,63.90218450608298
Bangalore,2018-04-03,63.836100010950304
Bangalore,2018-04-04,63.74534444487325
Bangalore,2018-04-05,64.03242082255524
Bangalore,2018-04-09,64.31410135956554
Bangalore,2018-04-10,64.22689194949223
Bangalore,2018-04-12,64.36245321732603
Bangalore,2018-04-13,64.3876920845256
Bangalore,2018-04-16,64.48566956453702
Bangalore,2018-04-19,64.43063150242406
Bangalore,2018-04-20,64.43219056749764
Bangalore,2018-04-23,64.5070587516082
Bangalore,2018-04-24,64.39191038757195
Bangalore,2018-05-14,66.5079565606742
Bangalore,2018-05-15,66.4920894919581
Bangalore,2018-05-16,66.4436569993203
Bangalore,2018-05-17,66.76562605764674
Bangalore,2018-05-18,66.85613949664568
Bangalore,2018-05-21,67.12744651085106
Bangalore,2018-05-22,67.0501940141811
Bangalore,2018-05-23,66.93985895974183
Bangalore,2018-05-24,67.20121571822344
Bangalore,2018-05-25,67.23417405477701
Bangalore,2018-05-26,67.64063252414623
Bangalore,2018-05-27,67.49415251160454
Bangalore,2018-05-28,67.36719356886695
Bangalore,2018-05-29,67.25979231522969
Bangalore,2018-05-31,67.38009399608208
Bangalore,2018-06-01,67.41340791514666
Bangalore,2018-06-02,67.83081910462684
Bangalore,2018-06-03,67.70560146730418
Bangalore,2018-06-04,67.60963388944464
Bangalore,2018-06-05,67.54209643173496
Bangalore,2018-06-06,67.45889742651477
Bangalore,2018-06-07,67.76409615434449
Bangalore,2018-06-08,67.85641447958294
Bangalore,2018-06-09,68.33612570857973
Bangalore,2018-06-10,68.27477670867198
Bangalore,2018-06-11,68.24248255440118
Bangalore,2018-06-12,68.23667425751847
Bangalore,2018-06-15,68.7083028334619
Bangalore,2018-06-17,69.19487463108281
Bangalore,2018-06-19,69.1873370119987
Bangalore,2018-06-21,69.51111026047266
Bangalore,2018-06-22,69.63081260180101
Bangalore,2018-06-23,70.12146988318095
Bangalore,2018-06-24,70.05466409382974
Bangalore,2018-06-25,70.0010346761511
Bangalore,2018-06-26,69.94774823660363
Bangalore,2018-07-05,70.46200517784919
Bangalore,2018-07-06,70.50693896739587
Bangalore,2018-07-09,70.72406068360603
Bangalore,2018-07-10,70.65886634336874
Bangalore,2018-07-12,70.87884262310789
Bangalore,2018-07-13,70.9668665734067
Bangalore,2018-07-16,71.32691208682105
Bangalore,2018-07-19,71.6065736061815
Bangalore,2018-07-20,71.72370778720173
Bangalore,2018-07-23,72.11244441510293
Bangalore,2018-07-24,72.07993332380056
Bangalore,2018-07-30,72.55155807863237
Bangalore,2018-07-31,72.42884068065655
Bangalore,2018-08-02,72.46700378287457
Bangalore,2018-08-03,72.43166853606408
Bangalore,2018-08-06,72.31034363427419
Bangalore,2018-08-07,72.10218723219735
Bangalore,2018-08-16,71.49325748752409
Bangalore,2018-08-17,71.46177756618769
Bangalore,2018-08-20,71.51183620251355
Bangalore,2018-08-21,71.40954293213038
Bangalore,2018-08-24,71.64874171083805
Bangalore,2018-08-25,72.10945758560752
Bangalore,2018-08-26,72.03018515083991
Bangalore,2018-08-27,71.97986043551322
Bangalore,2018-08-28,71.95476824179924
Bangalore,2018-08-29,71.90804601294855
Bangalore,2018-08-30,72.24117901698226
Bangalore,2018-08-31,72.35057824085483
Bangalore,2018-09-03,72.70476095767366
Bangalore,2018-09-04,72.65660110514479
Bangalore,2018-09-06,72.85466973710177
Bangalore,2018-09-07,72.88718366126372
Bangalore,2018-09-10,72.95815690401226
Bangalore,2018-09-11,72.80527900094948
Bangalore,2018-09-12,72.61505886204372
Bangalore,2018-09-13,72.79247594263894
Bangalore,2018-09-14,72.73770508799973
Bangalore,2018-09-15,73.05296045916589
Bangalore,2018-09-16,72.81215930427373
Bangalore,2018-09-17,72.58814651053733
Bangalore,2018-09-18,72.38136249218843
Bangalore,2018-09-20,72.29755389305535
Bangalore,2018-09-21,72.2269432754604
Bangalore,2018-09-23,72.3094017490469
Bangalore,2018-09-24,72.10826775992719
Bangalore,2018-09-25,71.9357241173559
Bangalore,2018-09-27,71.9489767242555
Bangalore,2018-09-28,71.93781265838416
Bangalore,2018-09-30,72.15122463182539
Bangalore,2018-10-01,72.01739182937429
Bangalore,2018-10-02,71.91053589131145
Bangalore,2018-10-04,72.04224146847706
Bangalore,2018-10-05,72.0801687998299
Bangalore,2018-10-06,72.49730326155374
Bangalore,2018-10-07,72.36392964842317
Bangalore,2018-10-08,72.24914833413585
Bangalore,2018-10-09,72.14965019921421
Bangalore,2018-10-10,72.01921364551114
Bangalore,2018-10-11,72.26018639904416
Bangalore,2018-10-12,72.27004383163423
Bangalore,2018-10-13,72.64831078475993
Bangalore,2018-10-14,72.46630205861264
Bangalore,2018-10-15,72.29442038655951
Bangalore,2018-10-16,72.13089244594347
Bangalore,2018-10-18,72.09961515311828
Bangalore,2018-10-19,72.02300883092049
Bangalore,2018-10-20,72.31539192377868
Bangalore,2018-10-22,71.7991905930006
Bangalore,2018-10-23,71.56283975983794
Bangalore,2018-10-24,71.2980342267427
Bangalore,2018-10-25,71.41031733547851
Bangalore,2018-10-26,71.3001874013688
Bangalore,2018-10-29,71.04276997831965
Bangalore,2018-10-30,70.81811724416318
Bangalore,2018-10-31,70.57596445306244
Bangalore,2018-11-01,70.72111167258117
Bangalore,2018-11-02,70.65304654695622
Bangalore,2018-11-05,70.56362163663248
Bangalore,2018-11-06,70.4036209594542
Bangalore,2018-11-12,70.50815007838789
Bangalore,2018-11-13,70.3890127777688
Bangalore,2018-11-15,70.4797581418077
Bangalore,2018-11-16,70.48953991710498
Bangalore,2018-11-19,70.55103057839233
Bangalore,2018-11-20,70.41117657719744
Bangalore,2018-11-21,70.2400384058763
Bangalore,2018-11-22,70.44124709940898
Bangalore,2018-11-23,70.41359799827221
Bangalore,2018-11-26,70.35193349164942
Bangalore,2018-11-27,70.17250810765088
Bangalore,2018-11-28,69.96500846621751
Bangalore,2018-11-29,70.13440683849198
Bangalore,2018-11-30,70.08069022631507
Bangalore,2018-12-01,70.40570930623444
Bangalore,2018-12-02,70.1828518030793
Bangalore,2018-12-03,69.98428099570964
Bangalore,2018-12-04,69.80962155294888
Bangalore,2018-12-05,69.6153718673193
Bangalore,2018-12-06,69.806307967012
Bangalore,2018-12-07,69.7819728979063
Bangalore,2018-12-10,69.8129718981345
Bangalore,2018-12-11,69.69032665722153
Bangalore,2018-12-12,69.55073274182101
Bangalore,2018-12-13,69.79755038396321
Bangalore,2018-12-14,69.82887202544468
Bangalore,2018-12-17,70.01133379255906
Bangalore,2018-12-18,69.92968072527522
Bangalore,2018-12-19,69.82449022511325
Bangalore,2018-12-20,70.09827495432468
Bangalore,2018-12-21,70.14848399458087
Bangalore,2018-12-24,70.33603731641638
Bangalore,2018-12-25,70.23900489991256
Bangalore,2018-12-26,70.11051028311117
Bangalore,2018-12-27,70.35374108914525
Bangalore,2018-12-28,70.36699710498233
Bangalore,2018-12-31,70.41584491951784
Bangalore,2019-01-02,70.0866484918626
Bangalore,2019-01-03,70.27842700027108
Bangalore,2019-01-04,70.24207866550087
Bangalore,2019-01-07,70.16349129768004
Bangalore,2019-01-08,69.98230364621368
Bangalore,2019-01-09,69.774983556753
Bangalore,2019-01-10,69.94626396124958
Bangalore,2019-01-11,69.89574478457557
Bangalore,2019-01-14,69.81110043567257
Bangalore,2019-01-16,69.44462589640852
Bangalore,2019-01-17,69.63277518466984
Bangalore,2019-01-18,69.60194267669361
Bangalore,2019-01-21,69.58456354027841
Bangalore,2019-01-22,69.43451229159366
Bangalore,2019-01-23,69.26140255474822
Bangalore,2019-01-24,69.46856080965537
Bangalore,2019-01-25,69.45422484055211
Bangalore,2019-01-28,69.46787346826426
Bangalore,2019-01-29,69.32156699915312
Bangalore,2019-01-30,69.14902052595824
Bangalore,2019-01-31,69.35381907159918
Bangalore,2019-02-01,69.33456579421237
Bangalore,2019-02-05,69.16660694987947
Bangalore,2019-02-06,68.98414933571793
Bangalore,2019-02-07,69.17972735963198
Bangalore,2019-02-08,69.15243642925364
Bangalore,2019-02-11,69.12750353538256
Bangalore,2019-02-12,68.97099065367733
Bangalore,2019-02-13,68.79057979175059
Bangalore,2019-02-14,68.99024421776127
Bangalore,2019-02-15,68.96879743729744
Bangalore,2019-02-18,68.96747791230469
Bangalore,2019-02-19,68.81893427213012
Bangalore,2019-02-20,68.64542839092528
Bangalore,2019-02-22,68.83144752051821
Bangalore,2019-02-25,68.81711442850796
Bangalore,2019-02-26,68.65558106985286
Bangalore,2019-02-27,68.46422881804979
Bangalore,2019-02-28,68.6462199145344
Bangalore,2019-03-01,68.59972879146353
Bangalore,2019-03-04,68.47590376185626
Bangalore,2019-03-05,68.27092807485491
Bangalore,2019-03-06,68.03395499430044
Bangalore,2019-03-07,68.16911210336835
Bangalore,2019-03-08,68.07563286823832
Bangalore,2019-03-11,67.82130208745731
Bangalore,2019-03-12,67.58014319916792
Bangalore,2019-03-13,67.3124631724972
Bangalore,2019-03-14,67.42334960848595
Bangalore,2019-03-15,67.31286510792356
Bangalore,2019-03-18,67.05688542361106
Bangalore,2019-03-19,66.83257558354524
Bangalore,2019-03-20,66.59037825012909
Bangalore,2019-03-21,66.73500832313063
Bangalore,2019-03-22,66.66593813747092
Bangalore,2019-03-23,66.98426353279744
Bangalore,2019-03-24,66.76240049022609
Bangalore,2019-03-25,66.57135242879475
Bangalore,2019-03-26,66.40942960716256
Bangalore,2019-03-27,66.231698922893
Bangalore,2019-03-28,66.44142821439951
Bangalore,2019-03-29,66.43661790748638
Bangalore,2019-04-01,66.51553836520564
Bangalore,2019-04-02,66.40072101989688
Bangalore,2019-04-03,66.2629287191068
Bangalore,2019-04-04,66.50462684553473
Bangalore,2019-04-05,66.52323599121267
Bangalore,2019-04-08,66.6189988081376
Bangalore,2019-04-09,66.49255835304044
Bangalore,2019-04-10,66.33543603453401
Bangalore,2019-04-11,66.55099469251687
Bangalore,2019-04-12,66.53775562597161
Bangalore,2019-04-15,66.51711049531662
Bangalore,2019-04-16,66.34990388364561
Bangalore,2019-04-17,66.15364442142139
Bangalore,2019-04-18,66.33323638644681
Bangalore,2019-04-19,66.28866275738434
Bangalore,2019-04-20,66.62183733932658
Bangalore,2019-04-21,66.40627878558129
Bangalore,2019-04-22,66.2143471443216
Bangalore,2019-04-23,66.04592515025371
Bangalore,2019-04-24,65.85782354730166
Bangalore,2019-04-25,66.05517573399258
Bangalore,2019-04-26,66.03791592107773
Bangalore,2019-04-27,66.40763004298783
Bangalore,2019-04-28,66.23723657948744
Bangalore,2019-04-29,66.098237779808
Bangalore,2019-04-30,65.98942314375682
Bangalore,2019-05-02,66.13254270182017
Bangalore,2019-05-03,66.186472599054
Bangalore,2019-05-04,66.62799199404967
Bangalore,2019-05-05,66.52829288927003
Bangalore,2019-05-06,66.45716073468725
Bangalore,2019-05-07,66.41172661911733
Bangalore,2019-05-08,66.34594906462509
Bangalore,2019-05-09,66.6620885553819
Bangalore,2019-05-10,66.75726671824025
Bangalore,2019-05-11,67.23039707773397
Bangalore,2019-05-12,67.15194224333902
Bangalore,2019-05-13,67.09123580993875
Bangalore,2019-05-14,67.04524876650069
Bangalore,2019-05-15,66.96807726593794
Bangalore,2019-05-16,67.26241467742483
Bangalore,2019-05-17,67.32609987157144
Bangalore,2019-05-18,67.75902893788839
Bangalore,2019-05-19,67.63288570566661
Bangalore,2019-05-20,67.51843008530915
Bangalore,2019-05-21,67.41422496357033
Bangalore,2019-05-22,67.27607966794372
Bangalore,2019-05-23,67.50847394127464
Bangalore,2019-05-24,67.51105622221985
Bangalore,2019-05-25,67.88550438930449
Bangalore,2019-05-26,67.70520604264549
Bangalore,2019-05-27,67.54249874171306
Bangalore,2019-05-28,67.3973523247114
Bangalore,2019-05-29,67.22677257146182
Bangalore,2019-05-30,67.43619154854431
Bangalore,2019-05-31,67.42593894314376
Bangalore,2019-06-01,67.79808381077297
Bangalore,2019-06-02,67.62610413843555
Bangalore,2019-06-03,67.48212501557313
Bangalore,2019-06-04,67.3656076139649
Bangalore,2019-06-05,67.23276806033792
Bangalore,2019-06-06,67.48799111304325
Bangalore,2019-06-07,67.53033228402732
Bangalore,2019-06-10,67.76971491907888
Bangalore,2019-06-11,67.71708517638011
Bangalore,2019-06-12,67.64662208145815
Bangalore,2019-06-13,67.96100602179152
Bangalore,2019-06-14,68.05769109881102
Bangalore,2019-06-15,68.53583095110336
Bangalore,2019-06-16,68.46603346556114
Bangalore,2019-06-18,68.3877075858883
Bangalore,2019-06-19,68.33007466550725
Bangalore,2019-06-20,68.64726672982012
Bangalore,2019-06-21,68.73683993375302
Bangalore,2019-06-22,69.1983457713599
Bangalore,2019-06-24,69.02134896689928
Bangalore,2019-06-25,68.95127818856493
Bangalore,2019-06-27,69.11612423156483
Bangalore,2019-06-28,69.1542423527904
Bangalore,2019-06-29,69.56379817694163
Bangalore,2019-06-30,69.41777811391565
Bangalore,2019-07-01,69.28815915141934
Bangalore,2019-07-02,69.17459714186978
Bangalore,2019-07-03,69.03395726322248
Bangalore,2019-07-04,69.27133760413383
Bangalore,2019-07-05,69.28690875332771
Bangalore,2019-07-06,69.68263027227165
Bangalore,2019-07-07,69.53191586798424
Bangalore,2019-07-08,69.40686538234212
Bangalore,2019-07-09,69.30694604286809
Bangalore,2019-07-10,69.18840235568882
Bangalore,2019-07-11,69.45565989313634
Bangalore,2019-07-12,69.5078169922479
Bangalore,2019-07-13,69.9455133025763
Bangalore,2019-07-15,69.76357502187592
Bangalore,2019-07-16,69.7119943475691
Bangalore,2019-07-17,69.64025430996304
Bangalore,2019-07-18,69.95089167262523
Bangalore,2019-07-19,70.04116407958035
Bangalore,2019-07-20,70.50997476933978
Bangalore,2019-07-22,70.36315746230613
Bangalore,2019-07-24,70.23098070660879
Bangalore,2019-07-25,70.51884277399164
Bangalore,2019-07-26,70.57377472508423
Bangalore,2019-07-27,70.994868277992
Bangalore,2019-07-29,70.71800719877612
Bangalore,2019-07-30,70.58772729517847
Bangalore,2019-07-31,70.41718830598577
Bangalore,2019-08-01,70.61020315563789
Bangalore,2019-08-02,70.56586657380626
Bangalore,2019-08-03,70.88544024957346
Bangalore,2019-08-04,70.64205401796234
Bangalore,2019-08-05,70.407962843941
Bangalore,2019-08-06,70.18324113827485
Bangalore,2019-08-07,69.92519320438606
Bangalore,2019-08-08,70.0397448357327
Bangalore,2019-08-09,69.9279102056705
Bangalore,2019-08-10,70.19262347211678
Bangalore,2019-08-11,69.90839265970895
Bangalore,2019-08-12,69.64851693468194
Bangalore,2019-08-13,69.41374995142307
Bangalore,2019-08-14,69.1616889757553
Bangalore,2019-08-15,69.29815544564454
Bangalore,2019-08-16,69.22366146857836
Bangalore,2019-08-17,69.54025174062087
Bangalore,2019-08-18,69.32117821520018
Bangalore,2019-08-19,69.13814811070992
Bangalore,2019-08-20,68.99002713217357
Bangalore,2019-08-21,68.8322765527132
Bangalore,2019-08-22,69.06838852955367
Bangalore,2019-08-23,69.09641267687705
Bangalore,2019-08-24,69.51586175346314
Bangalore,2019-08-25,69.39989353306342
Bangalore,2019-08-26,69.31530029894986
Bangalore,2019-08-27,69.25860076070629
Bangalore,2019-08-28,69.1830965688057
Bangalore,2019-08-29,69.49036350092008
Bangalore,2019-08-30,69.5768273491471
Bangalore,2019-08-31,70.04071102566763
Bangalore,2019-09-01,69.95180736086297
Bangalore,2019-09-02,69.87881552181427
Bangalore,2019-09-03,69.81812053214456
Bangalore,2019-09-04,69.72329247816809
Bangalore,2019-09-05,69.99656810600185
Bangalore,2019-09-06,70.03540659880906
Bangalore,2019-09-07,70.43940662996636
Bangalore,2019-09-08,70.28004001783803
Bangalore,2019-09-09,70.12794101096385
Bangalore,2019-09-10,69.98163200356773
Bangalore,2019-09-11,69.79696376604144
Bangalore,2019-09-12,69.97853453327491
Bangalore,2019-09-13,69.92618147069314
Bangalore,2019-09-14,70.24183338833039
Bangalore,2019-09-15,69.99918179743344
Bangalore,2019-09-16,69.7709110519987
Bangalore,2019-09-17,69.55736998592168
Bangalore,2019-09-18,69.31596459360443
Bangalore,2019-09-19,69.45253737219706
Bangalore,2019-09-20,69.36782789773841
Bangalore,2019-09-21,69.66430430645838
Bangalore,2019-09-22,69.41582330381262
Bangalore,2019-09-23,69.19485968522419
Bangalore,2019-09-24,69.00118772878261
Bangalore,2019-09-25,68.79129366805418
Bangalore,2019-09-26,68.96978424511694
Bangalore,2019-09-27,68.93588503833132
Bangalore,2019-09-28,69.2903171246729
Bangalore,2019-09-29,69.10500838642659
Bangalore,2019-09-30,68.95037897018344
Bangalore,2019-10-01,68.82408166140902
Bangalore,2019-10-02,68.68047471054605
Bangalore,2019-10-03,68.92209041080342
Bangalore,2019-10-04,68.9492256013978
Bangalore,2019-10-05,69.35777025000203
Bangalore,2019-10-07,69.09922285000606
Bangalore,2019-10-08,68.99784959195479
Bangalore,2019-10-09,68.86759841732079
Bangalore,2019-10-10,69.11062834609383
Bangalore,2019-10-11,69.12417385406803
Bangalore,2019-10-12,69.50747391228816
Bangalore,2019-10-13,69.33152089881851
Bangalore,2019-10-14,69.16636795442653
Bangalore,2019-10-15,69.0098750592172
Bangalore,2019-10-16,68.81717134075953
Bangalore,2019-10-17,68.99209734682489
Bangalore,2019-10-18,68.93372017351508
Bangalore,2019-10-19,69.24320968742069
Bangalore,2019-10-20,68.99353231848586
Bangalore,2019-10-21,68.75670257810422
Bangalore,2019-10-22,68.53247417007128
Bangalore,2019-10-23,68.27774975779882
Bangalore,2019-10-24,68.39797459191777
Bangalore,2019-10-25,68.29360823688887
Bangalore,2019-10-26,68.56696382225199
Bangalore,2019-10-27,68.29187228870771
Bangalore,2019-10-28,68.04091255659748
Bangalore,2019-10-29,67.81409001658803
Bangalore,2019-10-30,67.56824268396991
Bangalore,2019-10-31,67.70844023848989
Bangalore,2019-11-01,67.63446994757062
Bangalore,2019-11-02,67.94769840821792
Bangalore,2019-11-03,67.7207658539725
Bangalore,2019-11-04,67.52485301992081
Bangalore,2019-11-05,67.35840184888629
Bangalore,2019-11-06,67.17656811504894
Bangalore,2019-11-07,67.38266981098099
Bangalore,2019-11-08,67.37472384979812
Bangalore,2019-11-09,67.75235854367611
Bangalore,2019-11-10,67.58655714588467
Bangalore,2019-11-11,67.44697104703755
Bangalore,2019-11-12,67.33068260323853
Bangalore,2019-11-13,67.19169450069202
Bangalore,2019-11-14,67.43240849762938
Bangalore,2019-11-15,67.45018528421329
Bangalore,2019-11-16,67.84427232653219
Bangalore,2019-11-17,67.68555461796262
Bangalore,2019-11-18,67.54572290546317
Bangalore,2019-11-19,67.4204589800934
Bangalore,2019-11-20,67.26447629959966
Bangalore,2019-11-21,67.4811183489421
Bangalore,2019-11-22,67.46888776494093
Bangalore,2019-11-24,67.63178320919286
Bangalore,2019-11-25,67.4505671016828
Bangalore,2019-11-26,67.28377041143969
Bangalore,2019-11-27,67.08763733783567
Bangalore,2019-11-28,67.26698467348655
Bangalore,2019-11-29,67.22168779966547
Bangalore,2019-11-30,67.55353255966877
Bangalore,2019-12-01,67.33589016638369
Bangalore,2019-12-02,67.14095581684803
Bangalore,2019-12-03,66.96843322403436
Bangalore,2019-12-04,66.77494428689694
Bangalore,2019-12-05,66.96542907183819
Bangalore,2019-12-06,66.93963012621975
Bangalore,2019-12-07,67.29895015198318
Bangalore,2019-12-08,67.11613994473804
Bangalore,2019-12-09,66.96255681125182
Bangalore,2019-12-10,66.83687502234136
Bangalore,2019-12-11,66.69452669694157
Bangalore,2019-12-12,66.93913731917267
Bangalore,2019-12-13,66.9690488219539
Bangalore,2019-12-14,67.38421809556168
Bangalore,2019-12-15,67.25594660975754
Bangalore,2019-12-16,67.15418013498068
Bangalore,2019-12-17,67.07625891795769
Bangalore,2019-12-18,66.97639556684386
Bangalore,2019-12-19,67.25714380118708
Bangalore,2019-12-20,67.31595007785447
Bangalore,2019-12-21,67.75207517892827
Bangalore,2019-12-22,67.63634084912252
Bangalore,2019-12-23,67.53844005427449
Bangalore,2019-12-24,67.45569099967851
Bangalore,2019-12-25,67.34251214814515
Bangalore,2019-12-26,67.60188157738567
Bangalore,2019-12-27,67.63187306363356
Bangalore,2019-12-28,68.03255653131575
Bangalore,2019-12-29,67.87571866920834
Bangalore,2019-12-30,67.73214313332892
Bangalore,2019-12-31,67.6003314324849
Bangalore,2020-01-01,67.43594277187572
Bangalore,2020-01-02,67.64321727576848
Bangalore,2020-01-03,67.62147607037828
Bangalore,2020-01-04,67.97198694022593
Bangalore,2020-01-05,67.76902625053913
Bangalore,2020-01-06,67.58300813472336
Bangalore,2020-01-07,67.4133015853887
Bangalore,2020-01-08,67.21627569904126
Bangalore,2020-01-09,67.39670739072656
Bangalore,2020-01-10,67.35427155618156
Bangalore,2020-01-11,67.69040258497752
Bangalore,2020-01-12,67.47798405409903
Bangalore,2020-01-13,67.28860678826531
Bangalore,2020-01-14,67.1212768659811
Bangalore,2020-01-15,66.93185203582287
Bangalore,2020-01-16,67.12447085734422
Bangalore,2020-01-17,67.09806765258666
Bangalore,2020-01-18,67.4532613141907
Bangalore,2020-01-19,67.26207387600165
Bangalore,2020-01-20,67.09521807271875
Bangalore,2020-01-21,66.950834502483
Bangalore,2020-01-22,66.78395591712462
Bangalore,2020-01-23,66.99796206964537
Bangalore,2020-01-24,66.9911174028256
Bangalore,2020-01-25,67.36347893030262
Bangalore,2020-01-26,67.18662965020035
Bangalore,2020-01-27,67.03097629781313
Bangalore,2020-01-28,66.89449178927977
Bangalore,2020-01-29,66.73217978421332
Bangalore,2020-01-30,66.94752486725545
Bangalore,2020-01-31,66.93902086630165
Bangalore,2020-02-01,67.30706504758625
Bangalore,2020-02-02,67.12367405763618
Bangalore,2020-02-03,66.95976107173682
Bangalore,2020-02-04,66.81385525496066
Bangalore,2020-02-05,66.64577058939473
Bangalore,2020-02-06,66.8553444683053
Bangalore,2020-02-07,66.84162742799221
Bangalore,2020-02-08,67.20552468968174
Bangalore,2020-02-09,67.01949020696375
Bangalore,2020-02-10,66.85478466318992
Bangalore,2020-02-11,66.71017921197807
Bangalore,2020-02-12,66.54138378991283
Bangalore,2020-02-13,66.75246481579671
Bangalore,2020-02-14,66.74234597820536
Bangalore,2020-02-15,67.11168086553661
Bangalore,2020-02-16,66.93255411875637
Bangalore,2020-02-17,66.77575114527495
Bangalore,2020-02-18,66.63947782765233
Bangalore,2020-02-19,66.47880854982127
Bangalore,2020-02-20,66.69712671750214
Bangalore,2020-02-21,66.69265072570393
Bangalore,2020-02-22,67.06533329118247
Bangalore,2020-02-23,66.88658993288166
Bangalore,2020-02-24,66.726595709637
Bangalore,2020-02-25,66.58303071760857
Bangalore,2020-02-26,66.41055176714767
Bangalore,2020-02-27,66.61225357054298
Bangalore,2020-02-28,66.5862116341218
Bangalore,2020-02-29,66.93239412428856
Bangalore,2020-03-01,66.72239797562608
Bangalore,2020-03-02,66.52674798675285
Bangalore,2020-03-03,66.34363920772044
Bangalore,2020-03-04,66.12840001304437
Bangalore,2020-03-05,66.28493934246175
Bangalore,2020-03-06,66.21227062696437
Bangalore,2020-03-07,66.51869314052732
Bangalore,2020-03-08,66.26962178177095
Bangalore,2020-03-09,66.03673461853445
Bangalore,2020-03-10,65.8193895748985
Bangalore,2020-03-11,65.57405353281376
Bangalore,2020-03-12,65.70571537738537
Bangalore,2020-03-13,65.61437655617426
Bangalore,2020-03-14,65.90190795673041
Bangalore,2020-03-15,65.64173001708735
Bangalore,2020-03-16,65.40605652364326
Bangalore,2020-03-17,65.1945841188335
Bangalore,2020-03-18,64.963906587947
Bangalore,2020-03-19,65.1189189865679
Bangalore,2020-03-20,65.05930555968978
Bangalore,2020-03-21,65.38640045300521
Bangalore,2020-03-22,65.1728781345647
Bangalore,2020-03-23,64.99001378936245
Bangalore,2020-03-24,64.8363953252168
Bangalore,2020-03-25,64.66736549246394
Bangalore,2020-03-26,64.8864584439548
Bangalore,2020-03-27,64.89192380341721
Bangalore,2020-03-28,65.28362623645647
Bangalore,2020-03-29,65.1327763415347
Bangalore,2020-03-30,65.00923195997851
Bangalore,2020-03-31,64.91025035120283
Bangalore,2020-04-01,64.78996855015897
Bangalore,2020-04-02,65.05087509001586
Bangalore,2020-04-03,65.09036509128134
Bangalore,2020-04-04,65.51614016329675
Bangalore,2020-04-05,65.39053606957124
Bangalore,2020-04-06,65.28326069552844
Bangalore,2020-04-07,65.19167820228876
Bangalore,2020-04-08,65.07028846314968
Bangalore,2020-04-09,65.32219050064394
Bangalore,2020-04-10,65.34562208468893
Bangalore,2020-04-11,65.74086290034728
Bangalore,2020-04-12,65.5799568592635
Bangalore,2020-04-13,65.4339927637519
Bangalore,2020-04-14,65.30182423334908
Bangalore,2020-04-15,65.13950701793169
Bangalore,2020-04-16,65.35171801086393
Bangalore,2020-04-17,65.3382493869358
Bangalore,2020-04-18,65.70086657946322
Bangalore,2020-04-19,65.51298698022649
Bangalore,2020-04-20,65.34691984621001
Bangalore,2020-04-21,65.20254952581966
Bangalore,2020-04-22,65.03674122359396
Bangalore,2020-04-23,65.25473457104046
Bangalore,2020-04-24,65.25661921278548
Bangalore,2020-04-25,65.64418171294203
Bangalore,2020-04-26,65.49058104332825
Bangalore,2020-04-27,65.36759329030427
Bangalore,2020-04-28,65.27430761449591
Bangalore,2020-04-29,65.16655237350007
Bangalore,2020-04-30,65.44831614313352
Bangalore,2020-05-01,65.51825710524135
Bangalore,2020-05-02,65.97658917690171
Bangalore,2020-05-03,65.89480104946337
Bangalore,2020-05-04,65.84917506747313
Bangalore,2020-05-05,65.83084906532241
Bangalore,2020-05-06,65.7939738762222
Bangalore,2020-05-07,66.1409546598128
Bangalore,2020-05-08,66.26900572859024
Bangalore,2020-05-09,66.77707840907819
Bangalore,2020-05-10,66.73561688586946
Bangalore,2020-05-11,66.71388035540369
Bangalore,2020-05-12,66.70871128442417
Bangalore,2020-05-13,66.67402657989177
Bangalore,2020-05-14,67.01229450032304
Bangalore,2020-05-15,67.12108912512969
Bangalore,2020-05-16,67.60000940861114
Bangalore,2020-05-17,67.52041798293126
Bangalore,2020-05-18,67.45273849212202
Bangalore,2020-05-19,67.39519193410982
Bangalore,2020-05-20,67.30324970766434
Bangalore,2020-05-21,67.58106726745696
Bangalore,2020-05-22,67.62799142976233
Bangalore,2020-05-23,68.04542969914344
Bangalore,2020-05-24,67.90653820330215
Bangalore,2020-05-25,67.78346847915114
Bangalore,2020-05-26,67.6760550439229
Bangalore,2020-05-27,67.5412228584903
Bangalore,2020-05-28,67.78437990863084
Bangalore,2020-05-29,67.8058891427769
Bangalore,2020-05-30,68.20868292608395
Bangalore,2020-05-31,68.06560866340831
Bangalore,2020-06-01,67.94898401104007
Bangalore,2020-06-02,67.85850644580795
Bangalore,2020-06-03,67.75066521387924
Bangalore,2020-06-04,68.0301470149402
Bangalore,2020-06-05,68.09632929435728
Bangalore,2020-06-06,68.55014994068436
Bangalore,2020-06-07,68.46380998583226
Bangalore,2020-06-08,68.40804914256336
Bangalore,2020-06-09,68.38087529667217
Bangalore,2020-06-10,68.33702585904618
Bangalore,2020-06-11,68.67942464960541
Bangalore,2020-06-12,68.80572669033272
Bangalore,2020-06-13,69.3152381963991
Bangalore,2020-06-14,69.27866688548741
Bangalore,2020-06-15,69.26544103712199
Bangalore,2020-06-16,69.27247713226684
Bangalore,2020-06-17,69.25367284499772
Bangalore,2020-06-18,69.6113881123929
Bangalore,2020-06-19,69.74300592981615
Bangalore,2020-06-20,70.24785966859322
Bangalore,2020-06-21,70.19698179749916
Bangalore,2020-06-22,70.16041246245
Bangalore,2020-06-23,70.13594803890417
Bangalore,2020-06-24,70.07860696733682
Bangalore,2020-06-25,70.39207637612644
Bangalore,2020-06-26,70.47523213719496
Bangalore,2020-06-27,70.9290203259319
Bangalore,2020-06-28,70.82615632999884
Bangalore,2020-06-29,70.73838149760624
Bangalore,2020-06-30,70.66515898385765
Bangalore,2020-07-01,70.56308766677462
Bangalore,2020-07-02,70.83729918547266
Bangalore,2020-07-03,70.88793223113886
Bangalore,2020-07-04,71.31697345641227
Bangalore,2020-07-05,71.19792246337445
Bangalore,2020-07-06,71.10302183809337
Bangalore,2020-07-07,71.03193472057875
Bangalore,2020-07-08,70.94114938543281
Bangalore,2020-07-09,71.235376228591
Bangalore,2020-07-10,71.31403136374453
Bangalore,2020-07-11,71.77809599337857
Bangalore,2020-07-12,71.69980854475324
Bangalore,2020-07-13,71.6499298117651
Bangalore,2020-07-14,71.62646262712524
Bangalore,2020-07-15,71.58410436499095
Bangalore,2020-07-16,71.92569631636962
Bangalore,2020-07-17,72.04876264817864
Bangalore,2020-07-18,72.55242652091201
Bangalore,2020-07-19,72.5071587134152
Bangalore,2020-07-20,72.4820973492623
Bangalore,2020-07-21,72.47381864552561
Bangalore,2020-07-22,72.43583546982343
Bangalore,2020-07-23,72.7700863671773
Bangalore,2020-07-24,72.8735065608622
Bangalore,2020-07-25,73.34496750517647
Bangalore,2020-07-26,73.25503958123792
Bangalore,2020-07-27,73.17331603555411
Bangalore,2020-07-28,73.09717786578338
Bangalore,2020-07-29,72.98127650928419
Bangalore,2020-07-30,73.22899735149268
Bangalore,2020-07-31,73.23899619082187
Bangalore,2020-08-01,73.61209613128005
Bangalore,2020-08-02,73.42100062361456
Bangalore,2020-08-03,73.23756209013455
Bangalore,2020-08-04,73.06148734176031
Bangalore,2020-08-05,72.84975827394135
Bangalore,2020-08-06,73.00803257078681
Bangalore,2020-08-07,72.93711829959264
Bangalore,2020-08-08,73.23981159637694
Bangalore,2020-08-09,72.99055482767417
Bangalore,2020-08-10,72.7626562158958
Bangalore,2020-08-11,72.55695353251424
Bangalore,2020-08-12,72.33120154495326
Bangalore,2020-08-13,72.49144891488851
Bangalore,2020-08-14,72.43849913954277
Bangalore,2020-08-15,72.77474516619338
Bangalore,2020-08-16,72.57383520205396
Bangalore,2020-08-17,72.40791054633092
Bangalore,2020-08-18,72.27629759441447
Bangalore,2020-08-19,72.13493296406251
Bangalore,2020-08-20,72.3877864433789
Bangalore,2020-08-21,72.43337511979207
Bangalore,2020-08-22,72.8716568874162
Bangalore,2020-08-23,72.77375926131263
Bangalore,2020-08-24,72.70928261533493
Bangalore,2020-08-25,72.67505821445786
Bangalore,2020-08-26,72.62463819313298
Bangalore,2020-08-27,72.95978041188572
Bangalore,2020-08-28,73.0770198640662
Bangalore,2020-08-29,73.57461326997003
Bangalore,2020-08-30,73.52231139751751
Bangalore,2020-08-31,73.4886970462921
Bangalore,2020-09-01,73.46996812833062
Bangalore,2020-09-02,73.41944232794063
Bangalore,2020-09-03,73.73904589045313
Bangalore,2020-09-04,73.82587812655007
Bangalore,2020-09-05,74.27913848350444
Bangalore,2020-09-06,74.16987122947431
Bangalore,2020-09-07,74.06826647295495
Bangalore,2020-09-08,73.97239799202109
Bangalore,2020-09-09,73.837675623351
Bangalore,2020-09-10,74.06827621920115
Bangalore,2020-09-11,74.06364636678828
Bangalore,2020-09-12,74.42536543342068
Bangalore,2020-09-13,74.2268257517815
Bangalore,2020-09-14,74.04047044233403
Bangalore,2020-09-15,73.86647107946399
Bangalore,2020-09-16,73.66212459216453
Bangalore,2020-09-17,73.83323491145589
Bangalore,2020-09-18,73.78057388483599
Bangalore,2020-09-19,74.10671113212713
Bangalore,2020-09-20,73.88567052324689
Bangalore,2020-09-21,73.69015437274618
Bangalore,2020-09-22,73.52021787177021
Bangalore,2020-09-23,73.33267317087476
Bangalore,2020-09-24,73.53248835782541
Bangalore,2020-09-25,73.5192753007117
Bangalore,2020-09-26,73.89415521580996
Bangalore,2020-09-27,73.72945858483584
Bangalore,2020-09-28,73.59599925069392
Bangalore,2020-09-29,73.49180377328932
Bangalore,2020-09-30,73.37157388794463
Bangalore,2020-10-01,73.63814565274116
Bangalore,2020-10-02,73.68903755760273
Bangalore,2020-10-03,74.1233747653812
Bangalore,2020-10-04,74.0116444764145
Bangalore,2020-10-05,73.92302071418129
Bangalore,2020-10-06,73.85413822655639
Bangalore,2020-10-07,73.75859214076756
Bangalore,2020-10-08,74.03842596962802
Bangalore,2020-10-09,74.09069949527621
Bangalore,2020-10-10,74.51442321594911
Bangalore,2020-10-11,74.38031413637893
Bangalore,2020-10-12,74.2581112665658
Bangalore,2020-10-13,74.145330864834
Bangalore,2020-10-14,73.99673866739894
Bangalore,2020-10-15,74.21580254990428
Bangalore,2020-10-16,74.2012182130238
Bangalore,2020-10-17,74.5537958296754
Bangalore,2020-10-18,74.34616383562151
Bangalore,2020-10-19,74.1500297376439
Bangalore,2020-10-20,73.96487954908349
Bangalore,2020-10-21,73.74739468793007
Bangalore,2020-10-22,73.9028513494104
Bangalore,2020-10-23,73.83159644067574
Bangalore,2020-10-24,74.13588939741503
Bangalore,2020-10-25,73.88956729469847
Bangalore,2020-10-26,73.66527417084876
Bangalore,2020-10-27,73.46313700448461
Bangalore,2020-10-28,73.24016777385765
Bangalore,2020-10-29,73.40165695282833
Bangalore,2020-10-30,73.3476526140513
Bangalore,2020-10-31,73.67981428256032
Bangalore,2020-11-01,73.4710985228275
Bangalore,2020-11-02,73.29301651078653
Bangalore,2020-11-03,73.14434514659455
Bangalore,2020-11-04,72.98057006317457
Bangalore,2020-11-05,73.20532465338593
Bangalore,2020-11-06,73.21691793450105
Bangalore,2020-11-07,73.61523896061671
Bangalore,2020-11-08,73.47149329501721
Bangalore,2020-11-09,73.35551032704501
Bangalore,2020-11-10,73.26450156890645
Bangalore,2020-11-11,73.15254695413587
Bangalore,2020-11-12,73.42207205226495
Bangalore,2020-11-13,73.47040796874303
Bangalore,2020-11-14,73.89672077892958
Bangalore,2020-11-15,73.77176535734604
Bangalore,2020-11-16,73.66520196400701
Bangalore,2020-11-17,73.57435553868685
Bangalore,2020-11-18,73.45369478181965
Bangalore,2020-11-19,73.70629423110013
Bangalore,2020-11-20,73.73037162431196
Bangalore,2020-11-21,74.12618812835704
Bangalore,2020-11-22,73.96576721329815
Bangalore,2020-11-23,73.82017160896734
Bangalore,2020-11-24,73.68821949597493
Bangalore,2020-11-25,73.5259182999619
Bangalore,2020-11-26,73.73788063893937
Bangalore,2020-11-27,73.72381606617817
Bangalore,2020-11-28,74.08538751203702
Bangalore,2020-11-29,73.89588946017274
Bangalore,2020-11-30,73.72748844936721
Bangalore,2020-12-01,73.5799080709137
Bangalore,2020-12-02,73.40983768432638
Bangalore,2020-12-03,73.62233006780448
Bangalore,2020-12-04,73.61728210721506
Bangalore,2020-12-05,73.99628767180107
Bangalore,2020-12-06,73.83231973519025
Bangalore,2020-12-07,73.69698213611122
Bangalore,2020-12-08,73.58921273985457
Bangalore,2020-12-09,73.46471661661636
Bangalore,2020-12-10,73.72739366858853
Bangalore,2020-12-11,73.77585387209695
Bangalore,2020-12-12,74.21030822180275
Bangalore,2020-12-13,74.10229128329728
Bangalore,2020-12-14,74.02195454010464
Bangalore,2020-12-15,73.96681106796049
Bangalore,2020-12-16,73.89120894102778
Bangalore,2020-12-17,74.19779664279339
Bangalore,2020-12-18,74.28407257495566
Bangalore,2020-12-19,74.74930579525335
Bangalore,2020-12-20,74.66428307850032
Bangalore,2020-12-21,74.59862084122395
Bangalore,2020-12-22,74.54952200087246
Bangalore,2020-12-23,74.47125490770422
Bangalore,2020-12-24,74.76661755648365
Bangalore,2020-12-25,74.83347930621258
Bangalore,2020-12-26,75.27168756784931
Bangalore,2020-12-27,75.15279506510747
Bangalore,2020-12-28,75.04734688389621
Bangalore,2020-12-29,74.95360819851277
Bangalore,2020-12-30,74.8270107454957
Bangalore,2020-12-31,75.07158227111464
Bangalore,2021-01-01,75.08645225381228
Bangalore,2021-01-02,75.47272245566757
Bangalore,2021-01-03,75.30315898975425
Bangalore,2021-01-04,75.149446155589
Bangalore,2021-01-05,75.01088389141336
Bangalore,2021-01-06,74.84380777037653
Bangalore,2021-01-07,75.05299649356702
Bangalore,2021-01-08,75.03816075830024
Bangalore,2021-01-09,75.40080246714504
Bangalore,2021-01-10,75.21390119978636
Bangalore,2021-01-11,75.04916825389301
Bangalore,2021-01-12,74.90574997714975
Bangalore,2021-01-13,74.73965901652073
Bangalore,2021-01-14,74.95519797388188
Bangalore,2021-01-15,74.9514687362913
Bangalore,2021-01-16,75.32925571076835
Bangalore,2021-01-17,75.16073904922227
Bangalore,2021-01-18,75.01677725991972
Bangalore,2021-01-19,74.89563997406594
Bangalore,2021-01-20,74.75246852692
Bangalore,2021-01-21,74.990727893613
Bangalore,2021-01-22,75.00874234672663
Bangalore,2021-01-23,75.40660224025036
Hyderabad,2002-08-01,23.650364530633087
Hyderabad,2002-09-01,23.874262683426643
Hyderabad,2002-09-16,23.95355449465738
Hyderabad,2002-10-01,24.035941644974
Hyderabad,2002-10-17,23.771297701892745
Hyderabad,2002-11-16,23.164303060991024
Hyderabad,2002-12-01,22.473962044376062
Hyderabad,2003-01-01,22.85913818937562
Hyderabad,2003-01-03,23.243860618025177
Hyderabad,2003-03-01,21.925190942592117
Hyderabad,2003-03-16,21.26530560886889
Hyderabad,2003-04-01,21.441403017540836
Hyderabad,2003-04-16,20.772400741804574
Hyderabad,2003-05-16,21.806117480575598
Hyderabad,2003-06-01,22.454237186086807
Hyderabad,2003-08-31,26.278356197962335
Hyderabad,2003-10-16,26.260629907769413
Hyderabad,2003-12-31,25.215501588400453
Hyderabad,2004-06-15,26.98936215611317
Hyderabad,2004-07-31,29.248297713714127
Hyderabad,2004-11-04,27.623749935088412
Hyderabad,2005-04-05,26.317963855855286
Hyderabad,2005-06-20,30.033176572208337
Hyderabad,2005-09-06,31.457906293197308
Hyderabad,2006-06-05,30.104591592034563
Hyderabad,2006-06-20,32.62724269079721
Hyderabad,2006-09-06,33.45226635573274
Hyderabad,2006-11-30,31.98116409202533
Hyderabad,2006-12-01,32.10403834839415
Hyderabad,2007-03-01,31.09499234092699
Hyderabad,2007-05-16,31.404944449848667
Hyderabad,2007-06-06,32.371585332906925
Hyderabad,2008-02-15,34.5714349451369
Hyderabad,2008-06-06,35.16824429530696
Hyderabad,2008-07-16,38.40478084902427
Hyderabad,2008-11-06,37.38388752286095
Hyderabad,2008-12-06,37.2336832286379
Hyderabad,2009-07-02,40.754516385275736
Hyderabad,2010-02-27,39.240762672684504
Hyderabad,2010-04-01,38.26080798007917
Hyderabad,2010-06-26,43.47190638483811
Hyderabad,2010-11-02,42.8991827467122
Hyderabad,2011-06-25,45.80532201051487
Hyderabad,2011-07-01,45.780659950450826
Hyderabad,2011-10-01,46.43812103736019
Hyderabad,2012-07-25,48.26907746111612
Hyderabad,2012-08-01,48.16635064292189
Hyderabad,2012-09-14,48.51581575109503
Hyderabad,2012-10-27,48.44857629115393
Hyderabad,2013-01-01,47.948572217027575
Hyderabad,2013-01-18,47.961353227357854
Hyderabad,2013-02-16,47.26965732981071
Hyderabad,2013-03-23,46.242866831376844
Hyderabad,2013-04-01,45.86046475032509
Hyderabad,2013-05-11,46.81433890581285
Hyderabad,2013-06-01,47.373764550821384
Hyderabad,2013-07-02,50.98601234188459
Hyderabad,2013-08-01,50.695753066835664
Hyderabad,2013-09-01,50.9369238180039
Hyderabad,2013-10-01,51.091817344210924
Hyderabad,2013-11-01,50.10052982856832
Hyderabad,2013-12-01,49.512593142180975
Hyderabad,2013-12-21,49.70126830128341
Hyderabad,2014-01-04,50.86614137721038
Hyderabad,2014-02-01,50.33895369692952
Hyderabad,2014-03-01,48.96324333983445
Hyderabad,2014-05-13,49.038310169790485
Hyderabad,2014-06-01,49.52644162478506
Hyderabad,2014-07-01,53.39060485158482
Hyderabad,2014-08-01,53.33614478034281
Hyderabad,2014-08-31,53.341293508787764
Hyderabad,2014-10-19,53.594505013827394
Hyderabad,2014-11-01,53.06727155722167
Hyderabad,2014-12-01,51.8263711216221
Hyderabad,2014-12-16,51.60830209928722
Hyderabad,2015-01-17,53.42654521833963
Hyderabad,2015-02-01,52.52162039104543
Hyderabad,2015-02-04,51.971793715121564
Hyderabad,2015-02-16,51.770549163182004
Hyderabad,2015-03-01,51.15069628662057
Hyderabad,2015-04-02,50.395868169512276
Hyderabad,2015-04-15,50.07189117838896
Hyderabad,2015-05-01,50.53736908853883
Hyderabad,2015-05-16,51.43589012774893
Hyderabad,2015-06-16,53.556892762564026
Hyderabad,2015-07-01,54.779399767424366
Hyderabad,2015-07-15,54.94289741232666
Hyderabad,2015-08-01,55.54156362778072
Hyderabad,2015-08-15,54.981077423825944
Hyderabad,2015-09-01,54.94144198239989
Hyderabad,2015-10-01,54.55531054559469
Hyderabad,2015-10-16,54.820017060129544
Hyderabad,2015-11-01,54.05107086194367
Hyderabad,2015-11-16,53.412547302475915
Hyderabad,2015-12-01,53.117567371108315
Hyderabad,2015-12-16,52.17591599473565
Hyderabad,2016-01-01,53.542570005170084
Hyderabad,2016-01-15,53.88284865051189
Hyderabad,2016-02-01,53.173636805392626
Hyderabad,2016-02-17,52.16686515818679
Hyderabad,2016-03-01,51.781748656018415
Hyderabad,2016-03-09,50.98548561312306
Hyderabad,2016-03-16,50.92207588684771
Hyderabad,2016-03-17,50.99049961828386
Hyderabad,2016-04-05,51.393655654193935
Hyderabad,2016-04-16,51.44170504952273
Hyderabad,2016-05-01,51.43662406230408
Hyderabad,2016-05-17,51.833099429701534
Hyderabad,2016-06-01,51.789662020514754
Hyderabad,2016-06-16,53.94654179455517
Hyderabad,2016-07-01,55.71231324166286
Hyderabad,2016-07-15,55.843276130176434
Hyderabad,2016-08-01,55.73702667602639
Hyderabad,2016-08-15,55.17846921364496
Hyderabad,2016-09-01,55.238476249322076
Hyderabad,2016-09-15,55.39262119852151
Hyderabad,2016-10-01,55.89368798473232
Hyderabad,2016-10-05,55.2255842060505
Hyderabad,2016-10-15,55.98122151034103
Hyderabad,2016-11-06,54.40964322415387
Hyderabad,2016-11-16,53.78189500097552
Hyderabad,2016-12-01,53.52354250275831
Hyderabad,2016-12-17,53.99773892611118
Hyderabad,2017-01-01,55.02246177160052
Hyderabad,2017-01-16,55.27389283901179
Hyderabad,2017-04-01,54.03474913240043
Hyderabad,2017-04-16,53.64368592315516
Hyderabad,2017-05-01,53.93383940816909
Hyderabad,2017-05-15,54.48589248102897
Hyderabad,2017-05-16,54.675249443319835
Hyderabad,2017-06-01,54.872625981816526
Hyderabad,2017-06-16,57.301817713540984
Hyderabad,2017-06-19,57.8527154230851
Hyderabad,2017-06-20,58.18061445077772
Hyderabad,2017-06-21,57.871863105755274
Hyderabad,2017-06-22,58.076574509114565
Hyderabad,2017-06-23,58.383838957951816
Hyderabad,2017-06-26,58.77356646141878
Hyderabad,2017-06-27,59.03946419684604
Hyderabad,2017-06-28,58.66626443580388
Hyderabad,2017-06-29,58.80512845310943
Hyderabad,2017-06-30,59.0461842932239
Hyderabad,2017-07-03,59.24487019966453
Hyderabad,2017-07-04,59.45251325211571
Hyderabad,2017-07-05,59.024981419367975
Hyderabad,2017-07-06,59.1139876765903
Hyderabad,2017-07-07,59.31008088698859
Hyderabad,2017-07-10,59.405390457084636
Hyderabad,2017-07-11,59.589101359113585
Hyderabad,2017-07-12,59.142582207570605
Hyderabad,2017-07-13,59.21717560830632
Hyderabad,2017-07-14,59.40295858542462
Hyderabad,2017-07-17,59.48606898512217
Hyderabad,2017-07-18,59.66974216578548
Hyderabad,2017-07-19,59.22403746318345
Hyderabad,2017-07-20,59.29961174717815
Hyderabad,2017-07-21,59.48589280340796
Hyderabad,2017-07-24,59.56204329873277
Hyderabad,2017-07-25,59.73914783568104
Hyderabad,2017-07-26,59.284288767946265
Hyderabad,2017-07-27,59.348015907153034
Hyderabad,2017-07-28,59.519768626962126
Hyderabad,2017-07-31,59.53810426672436
Hyderabad,2017-08-01,59.69234936403582
Hyderabad,2017-08-02,59.213646236218935
Hyderabad,2017-08-04,59.40091241556418
Hyderabad,2017-08-07,59.35559130426007
Hyderabad,2017-08-08,59.51216307255918
Hyderabad,2017-08-09,59.03929468779102
Hyderabad,2017-08-10,59.08864831987396
Hyderabad,2017-08-11,59.250737817418035
Hyderabad,2017-08-14,59.27782835722397
Hyderabad,2017-08-16,58.997846014363574
Hyderabad,2017-08-17,59.07243228822992
Hyderabad,2017-08-18,59.26396838329561
Hyderabad,2017-08-21,59.39898731620184
Hyderabad,2017-08-22,59.61142578094026
Hyderabad,2017-08-23,59.200092206238644
Hyderabad,2017-08-24,59.31550648518444
Hyderabad,2017-08-28,59.78749471349997
Hyderabad,2017-08-29,60.027944627663445
Hyderabad,2017-08-30,59.639987298033596
Hyderabad,2017-08-31,59.773670807429816
Hyderabad,2017-09-01,60.017889042276416
Hyderabad,2017-09-04,60.26270868062729
Hyderabad,2017-09-05,60.49337627704946
Hyderabad,2017-09-06,60.090486349636464
Hyderabad,2017-09-07,60.2045479155099
Hyderabad,2017-09-08,60.42502902324865
Hyderabad,2017-09-11,60.58105122505609
Hyderabad,2017-09-12,60.77894667082647
Hyderabad,2017-09-13,60.343128004110014
Hyderabad,2017-09-14,60.424965714288284
Hyderabad,2017-09-15,60.61475946559429
Hyderabad,2017-09-19,60.87567769945593
Hyderabad,2017-09-20,60.42681882255276
Hyderabad,2017-09-21,60.50039579522779
Hyderabad,2017-09-22,60.68682077952296
Hyderabad,2017-09-25,60.78565487711095
Hyderabad,2017-09-26,60.98049320253357
Hyderabad,2017-09-27,60.54953547210586
Hyderabad,2017-09-28,60.64374744161917
Hyderabad,2017-09-29,60.852800423025336
Hyderabad,2017-10-03,61.240314876163026
Hyderabad,2017-10-04,60.82937384634014
Hyderabad,2017-10-05,60.940595181545426
Hyderabad,2017-10-06,61.16293924605704
Hyderabad,2017-10-09,61.345318148632416
Hyderabad,2017-10-10,61.55579909300561
Hyderabad,2017-10-11,61.132677897378386
Hyderabad,2017-10-12,61.22617933789942
Hyderabad,2017-10-13,61.42545383501087
Hyderabad,2017-10-16,61.5105294688973
Hyderabad,2017-10-17,61.68117589776783
Hyderabad,2017-10-18,61.2157666432968
Hyderabad,2017-10-24,61.509766190563525
Hyderabad,2017-10-25,61.01031583421163
Hyderabad,2017-10-26,61.03653818715411
Hyderabad,2017-10-30,61.11031471406946
Hyderabad,2017-10-31,61.24894617824326
Hyderabad,2017-11-01,60.76150560547037
Hyderabad,2017-11-02,60.799552384011044
Hyderabad,2017-11-03,60.9533688933602
Hyderabad,2017-11-06,60.96976008886908
Hyderabad,2017-11-07,61.14130973802127
Hyderabad,2017-11-09,60.76230988297439
Hyderabad,2017-11-10,60.95171284891687
Hyderabad,2017-11-13,61.06530794458593
Hyderabad,2017-11-14,61.26327333855947
Hyderabad,2017-11-15,60.83281736666041
Hyderabad,2017-11-16,60.92401634415926
Hyderabad,2017-11-17,61.125788843870886
Hyderabad,2017-11-20,61.24374793837722
Hyderabad,2017-11-21,61.432385438462006
Hyderabad,2017-11-22,60.98765995896405
Hyderabad,2017-11-23,61.06013587794884
Hyderabad,2017-11-24,61.2393504494623
Hyderabad,2017-11-27,61.274433340826526
Hyderabad,2017-11-28,61.43338209238638
Hyderabad,2017-11-29,60.95956060757667
Hyderabad,2017-11-30,61.00453050755479
Hyderabad,2017-12-01,61.15880646909897
Hyderabad,2017-12-05,61.29627028674555
Hyderabad,2017-12-06,60.82266910166809
Hyderabad,2017-12-07,60.87460309716876
Hyderabad,2017-12-08,61.04283374221374
Hyderabad,2017-12-11,61.111355880778994
Hyderabad,2017-12-12,61.305367684997215
Hyderabad,2017-12-13,60.87879321116452
Hyderabad,2017-12-14,60.982914550156536
Hyderabad,2017-12-15,61.20769278954395
Hyderabad,2017-12-18,61.462559751921184
Hyderabad,2017-12-19,61.7207626648855
Hyderabad,2017-12-20,61.357582964862026
Hyderabad,2017-12-21,61.52319886603344
Hyderabad,2017-12-22,61.80649875818911
Hyderabad,2017-12-26,62.50479711321274
Hyderabad,2017-12-27,62.171779087482456
Hyderabad,2017-12-28,62.35995436921274
Hyderabad,2017-12-29,62.657885125257366
Hyderabad,2018-01-01,63.05601633610897
Hyderabad,2018-01-02,63.334183987995885
Hyderabad,2018-01-03,62.97652057641873
Hyderabad,2018-01-05,63.39362978865063
Hyderabad,2018-01-08,63.65001906650841
Hyderabad,2018-01-09,63.874168582495194
Hyderabad,2018-01-10,63.46064357718845
Hyderabad,2018-01-11,63.56061971860903
Hyderabad,2018-01-12,63.76421966989211
Hyderabad,2018-01-15,63.858808551968075
Hyderabad,2018-01-16,64.03432925163628
Hyderabad,2018-01-17,63.57584743884366
Hyderabad,2018-01-18,63.634998695014595
Hyderabad,2018-01-19,63.802254918418306
Hyderabad,2018-01-22,63.816484386582886
Hyderabad,2018-01-23,63.97481057640015
Hyderabad,2018-01-24,63.50368362068252
Hyderabad,2018-01-25,63.55444879793251
Hyderabad,2018-01-29,63.73662325233189
Hyderabad,2018-01-30,63.90113982058378
Hyderabad,2018-02-01,63.4964677597394
Hyderabad,2018-02-02,63.667610814851514
Hyderabad,2018-02-05,63.70829604365527
Hyderabad,2018-02-06,63.877213544828955
Hyderabad,2018-02-07,63.416087014541155
Hyderabad,2018-02-08,63.475481270755694
Hyderabad,2018-02-09,63.644812876457685
Hyderabad,2018-02-12,63.666489269572104
Hyderabad,2018-02-13,63.82486867079726
Hyderabad,2018-02-14,63.35144095505382
Hyderabad,2018-02-15,63.397066240756935
Hyderabad,2018-02-16,63.55150685105321
Hyderabad,2018-02-19,63.525788888871304
Hyderabad,2018-02-20,63.66891077674984
Hyderabad,2018-02-21,63.18123697487376
Hyderabad,2018-02-22,63.21405983216749
Hyderabad,2018-02-23,63.3575510291868
Hyderabad,2018-02-26,63.313658204380864
Hyderabad,2018-02-27,63.45656247507469
Hyderabad,2018-02-28,62.97192564132217
Hyderabad,2018-03-01,63.011146336395306
Hyderabad,2018-03-02,63.164435518166464
Hyderabad,2018-03-05,63.1697143126059
Hyderabad,2018-03-06,63.33506466545598
Hyderabad,2018-03-07,62.87547953946871
Hyderabad,2018-03-08,62.94202207101314
Hyderabad,2018-03-09,63.12452172274821
Hyderabad,2018-03-12,63.224420398904066
Hyderabad,2018-03-13,63.4220762976389
Hyderabad,2018-03-14,62.99437146633379
Hyderabad,2018-03-15,63.0918883013272
Hyderabad,2018-03-16,63.30399135946459
Hyderabad,2018-03-19,63.48024958647719
Hyderabad,2018-03-20,63.697998214383446
Hyderabad,2018-03-22,63.39831030879017
Hyderabad,2018-03-23,63.62048167535531
Hyderabad,2018-03-26,63.80558725696024
Hyderabad,2018-03-27,64.01939241702442
Hyderabad,2018-03-29,63.70259274177702
Hyderabad,2018-03-30,63.91218535933764
Hyderabad,2018-04-02,64.04808679059602
Hyderabad,2018-04-03,64.24318588047063
Hyderabad,2018-04-04,63.806271721169175
Hyderabad,2018-04-05,63.888504682119795
Hyderabad,2018-04-09,64.17047231867485
Hyderabad,2018-04-10,64.35494351082296
Hyderabad,2018-04-12,63.987927353192575
Hyderabad,2018-04-13,64.17818180873407
Hyderabad,2018-04-16,64.2866574301247
Hyderabad,2018-04-19,64.15344796784278
Hyderabad,2018-04-20,64.36618657547864
Hyderabad,2018-04-23,64.55492260740759
Hyderabad,2018-04-24,64.78192219122212
Hyderabad,2018-05-14,65.95196859948796
Hyderabad,2018-05-15,66.15999902996863
Hyderabad,2018-05-16,65.73600403384654
Hyderabad,2018-05-17,65.83141729024612
Hyderabad,2018-05-18,66.0366151345353
Hyderabad,2018-05-21,66.17548781328891
Hyderabad,2018-05-22,66.37978037362595
Hyderabad,2018-05-23,65.95750146147064
Hyderabad,2018-05-24,66.06053968084642
Hyderabad,2018-05-25,66.27961359431438
Hyderabad,2018-05-26,66.82227530815868
Hyderabad,2018-05-27,66.5935104904193
Hyderabad,2018-05-28,66.49914110180806
Hyderabad,2018-05-29,66.74315425475253
Hyderabad,2018-05-31,66.52083280556947
Hyderabad,2018-06-01,66.79603967309231
Hyderabad,2018-06-02,67.39903280725426
Hyderabad,2018-06-03,67.23397245924394
Hyderabad,2018-06-04,67.20576273882241
Hyderabad,2018-06-05,67.5173979191058
Hyderabad,2018-06-06,67.20885754863986
Hyderabad,2018-06-07,67.43047913238718
Hyderabad,2018-06-08,67.77128762026048
Hyderabad,2018-06-09,68.43703120163634
Hyderabad,2018-06-10,68.33081643755754
Hyderabad,2018-06-11,68.35654824910984
Hyderabad,2018-06-12,68.7162973538766
Hyderabad,2018-06-15,69.07186059709201
Hyderabad,2018-06-17,69.65813764741922
Hyderabad,2018-06-19,70.03516740727711
Hyderabad,2018-06-21,69.98092959910544
Hyderabad,2018-06-22,70.31444860728713
Hyderabad,2018-06-23,70.95728009936964
Hyderabad,2018-06-24,70.8129687568023
Hyderabad,2018-06-25,70.78611810742981
Hyderabad,2018-06-26,71.06806723967165
Hyderabad,2018-07-05,71.26422611283911
Hyderabad,2018-07-06,71.4694540438333
Hyderabad,2018-07-09,71.58650005582865
Hyderabad,2018-07-10,71.77579353044824
Hyderabad,2018-07-12,71.41313547352262
Hyderabad,2018-07-13,71.60284746509826
Hyderabad,2018-07-16,71.69650012911585
Hyderabad,2018-07-19,71.52135211416766
Hyderabad,2018-07-20,71.71206600986898
Hyderabad,2018-07-23,71.8044061698798
Hyderabad,2018-07-24,71.98794677750097
Hyderabad,2018-07-30,71.83386676685063
Hyderabad,2018-07-31,71.99651208034125
Hyderabad,2018-08-02,71.57353536615236
Hyderabad,2018-08-03,71.72888372842571
Hyderabad,2018-08-06,71.70269489453328
Hyderabad,2018-08-07,71.84554686551664
Hyderabad,2018-08-16,71.24186438998997
Hyderabad,2018-08-17,71.41156570509183
Hyderabad,2018-08-20,71.47977931983833
Hyderabad,2018-08-21,71.6700462153857
Hyderabad,2018-08-24,71.54152169005732
Hyderabad,2018-08-25,72.07489164095034
Hyderabad,2018-08-26,71.83450501350958
Hyderabad,2018-08-27,71.72468308708744
Hyderabad,2018-08-28,71.94792502634066
Hyderabad,2018-08-29,71.54381971019198
Hyderabad,2018-08-30,71.66243328953084
Hyderabad,2018-08-31,71.89265126777396
Hyderabad,2018-09-03,72.10141619832989
Hyderabad,2018-09-04,72.32177012090006
Hyderabad,2018-09-06,72.01415766625398
Hyderabad,2018-09-07,72.2114420598052
Hyderabad,2018-09-10,72.2984772408028
Hyderabad,2018-09-11,72.4730401167763
Hyderabad,2018-09-12,72.01346618982478
Hyderabad,2018-09-13,72.0709908847253
Hyderabad,2018-09-14,72.23579568358224
Hyderabad,2018-09-15,72.71501950835919
Hyderabad,2018-09-16,72.41336390295217
Hyderabad,2018-09-17,72.23649824356562
Hyderabad,2018-09-18,72.38838840349504
Hyderabad,2018-09-20,71.95349332004992
Hyderabad,2018-09-21,72.10882644452477
Hyderabad,2018-09-23,72.28208853546717
Hyderabad,2018-09-24,72.11025788057975
Hyderabad,2018-09-25,72.27165472813061
Hyderabad,2018-09-27,71.8674432990125
Hyderabad,2018-09-28,72.04279444413135
Hyderabad,2018-09-30,72.26185669790947
Hyderabad,2018-10-01,72.11417805227929
Hyderabad,2018-10-02,72.29941756482114
Hyderabad,2018-10-04,71.938522052451
Hyderabad,2018-10-05,72.1317042419459
Hyderabad,2018-10-06,72.64281917274123
Hyderabad,2018-10-07,72.3751398324671
Hyderabad,2018-10-08,72.23282267094763
Hyderabad,2018-10-09,72.41827802220384
Hyderabad,2018-10-10,71.97108611599822
Hyderabad,2018-10-11,72.04138683889403
Hyderabad,2018-10-12,72.21822197027586
Hyderabad,2018-10-13,72.70757898193922
Hyderabad,2018-10-14,72.4130291387716
Hyderabad,2018-10-15,72.23916524968634
Hyderabad,2018-10-16,72.38896162239362
Hyderabad,2018-10-18,71.9312233398278
Hyderabad,2018-10-19,72.05184812698927
Hyderabad,2018-10-20,72.4840937890723
Hyderabad,2018-10-22,71.90252139206898
Hyderabad,2018-10-23,71.99815022397382
Hyderabad,2018-10-24,71.46050732149098
Hyderabad,2018-10-25,71.44133538461561
Hyderabad,2018-10-26,71.53127147306112
Hyderabad,2018-10-29,71.32194754603196
Hyderabad,2018-10-30,71.40953832438812
Hyderabad,2018-10-31,70.87011140558971
Hyderabad,2018-11-01,70.85534582249392
Hyderabad,2018-11-02,70.95566344965832
Hyderabad,2018-11-05,70.80905269500444
Hyderabad,2018-11-06,70.92601445533145
Hyderabad,2018-11-12,70.53159080720252
Hyderabad,2018-11-13,70.67924811490255
Hyderabad,2018-11-15,70.24244963662393
Hyderabad,2018-11-16,70.39701071958204
Hyderabad,2018-11-19,70.37909686526328
Hyderabad,2018-11-20,70.52407174301187
Hyderabad,2018-11-21,70.03629133686592
Hyderabad,2018-11-22,70.06616607706323
Hyderabad,2018-11-23,70.20306435490994
Hyderabad,2018-11-26,70.11108547225611
Hyderabad,2018-11-27,70.22702277141691
Hyderabad,2018-11-28,69.70956119176985
Hyderabad,2018-11-29,69.71009802378121
Hyderabad,2018-11-30,69.81899995298161
Hyderabad,2018-12-01,70.24361493312101
Hyderabad,2018-12-02,69.88887739906616
Hyderabad,2018-12-03,69.66071300915375
Hyderabad,2018-12-04,69.76336630888804
Hyderabad,2018-12-05,69.23827209953846
Hyderabad,2018-12-06,69.2373998001719
Hyderabad,2018-12-07,69.35155067362865
Hyderabad,2018-12-10,69.25102388849872
Hyderabad,2018-12-11,69.38682466405449
Hyderabad,2018-12-12,68.90136906112765
Hyderabad,2018-12-13,68.94612227628024
Hyderabad,2018-12-14,69.11124085994895
Hyderabad,2018-12-17,69.18742839145268
Hyderabad,2018-12-18,69.38685429114543
Hyderabad,2018-12-19,68.9656149969306
Hyderabad,2018-12-20,69.07406625957863
Hyderabad,2018-12-21,69.30125664038023
Hyderabad,2018-12-24,69.54333910005086
Hyderabad,2018-12-25,69.78809619820763
Hyderabad,2018-12-26,69.40584095140105
Hyderabad,2018-12-27,69.54628622103058
Hyderabad,2018-12-28,69.79797295264999
Hyderabad,2018-12-31,70.06567753756771
Hyderabad,2019-01-02,69.90513143020219
Hyderabad,2019-01-03,70.02271550165659
Hyderabad,2019-01-04,70.24461236320384
Hyderabad,2019-01-07,70.38805274318169
Hyderabad,2019-01-08,70.57479172732846
Hyderabad,2019-01-09,70.12369764683535
Hyderabad,2019-01-10,70.18579291129802
Hyderabad,2019-01-11,70.35106020878091
Hyderabad,2019-01-14,70.32678988917465
Hyderabad,2019-01-16,69.96055914070179
Hyderabad,2019-01-17,69.97673226313277
Hyderabad,2019-01-18,70.1001045559636
Hyderabad,2019-01-21,69.97751750792331
Hyderabad,2019-01-22,70.08869402876051
Hyderabad,2019-01-23,69.56977072830192
Hyderabad,2019-01-24,69.57218518434452
Hyderabad,2019-01-25,69.68613845351109
Hyderabad,2019-01-28,69.55747037343524
Hyderabad,2019-01-29,69.67242162685645
Hyderabad,2019-01-30,69.15927650459894
Hyderabad,2019-01-31,69.16890364251091
Hyderabad,2019-02-01,69.29093547552417
Hyderabad,2019-02-05,69.30759984980978
Hyderabad,2019-02-06,68.79928399811578
Hyderabad,2019-02-07,68.81192315872589
Hyderabad,2019-02-08,68.93491653688355
Hyderabad,2019-02-11,68.81970911676729
Hyderabad,2019-02-12,68.93299058042831
Hyderabad,2019-02-13,68.41461680837587
Hyderabad,2019-02-14,68.41537004006783
Hyderabad,2019-02-15,68.52493079513849
Hyderabad,2019-02-18,68.3636925061265
Hyderabad,2019-02-19,68.4610781824902
Hyderabad,2019-02-20,67.92726328668095
Hyderabad,2019-02-22,68.00983435327052
Hyderabad,2019-02-25,67.82101221886091
Hyderabad,2019-02-26,67.91435936514824
Hyderabad,2019-02-27,67.37953743503381
Hyderabad,2019-02-28,67.36796134103157
Hyderabad,2019-03-01,67.46987063775703
Hyderabad,2019-03-04,67.31796798421811
Hyderabad,2019-03-05,67.43011321786561
Hyderabad,2019-03-06,66.91703962265605
Hyderabad,2019-03-07,66.92989333744825
Hyderabad,2019-03-08,67.058591027141
Hyderabad,2019-03-11,66.99730406297597
Hyderabad,2019-03-12,67.14160135778805
Hyderabad,2019-03-13,66.66086353588724
Hyderabad,2019-03-14,66.70574934264826
Hyderabad,2019-03-15,66.86569219427729
Hyderabad,2019-03-18,66.88884380303219
Hyderabad,2019-03-19,67.05681064516719
Hyderabad,2019-03-20,66.59691719448335
Hyderabad,2019-03-21,66.65954614266907
Hyderabad,2019-03-22,66.83391376442938
Hyderabad,2019-03-23,67.3261047709863
Hyderabad,2019-03-24,67.03970347447009
Hyderabad,2019-03-25,66.87922687839227
Hyderabad,2019-03-26,67.04748244989939
Hyderabad,2019-03-27,66.58447067433089
Hyderabad,2019-03-28,66.64076096658586
Hyderabad,2019-03-29,66.80582008175591
Hyderabad,2019-04-01,66.80874805848012
Hyderabad,2019-04-02,66.95941555557975
Hyderabad,2019-04-03,66.4778591355422
Hyderabad,2019-04-04,66.51514953605175
Hyderabad,2019-04-05,66.66126615174485
Hyderabad,2019-04-08,66.61279019390167
Hyderabad,2019-04-09,66.74973524471227
Hyderabad,2019-04-10,66.2568846752518
Hyderabad,2019-04-11,66.28567446957213
Hyderabad,2019-04-12,66.42639184177014
Hyderabad,2019-04-15,66.38239822809177
Hyderabad,2019-04-16,66.52804972848865
Hyderabad,2019-04-17,66.04747420391193
Hyderabad,2019-04-18,66.09196463953984
Hyderabad,2019-04-19,66.2515866519384
Hyderabad,2019-04-20,66.73319485161944
Hyderabad,2019-04-21,66.44104706333955
Hyderabad,2019-04-22,66.28022240202056
Hyderabad,2019-04-23,66.45396630928984
Hyderabad,2019-04-24,66.0025829590117
Hyderabad,2019-04-25,66.07680386550842
Hyderabad,2019-04-26,66.26611204088654
Hyderabad,2019-04-27,66.7767713402614
Hyderabad,2019-04-28,66.51245419566185
Hyderabad,2019-04-29,66.37767344988414
Hyderabad,2019-04-30,66.5751410933144
Hyderabad,2019-05-02,66.2365751906676
Hyderabad,2019-05-03,66.43996963950242
Hyderabad,2019-05-04,66.96084400344283
Hyderabad,2019-05-05,66.70268316313718
Hyderabad,2019-05-06,66.56990905933436
Hyderabad,2019-05-07,66.76524440542306
Hyderabad,2019-05-08,66.32862119946608
Hyderabad,2019-05-09,66.41056242684336
Hyderabad,2019-05-10,66.60051591256814
Hyderabad,2019-05-11,67.10488964097323
Hyderabad,2019-05-12,66.82768149834781
Hyderabad,2019-05-13,66.6739089888533
Hyderabad,2019-05-14,66.84696165651708
Hyderabad,2019-05-15,66.38749633566961
Hyderabad,2019-05-16,66.44680387315447
Hyderabad,2019-05-17,66.61512658109768
Hyderabad,2019-05-18,67.09967607936866
Hyderabad,2019-05-19,66.80524485949977
Hyderabad,2019-05-20,66.63761752312374
Hyderabad,2019-05-21,66.80090484805433
Hyderabad,2019-05-22,66.33642124730565
Hyderabad,2019-05-23,66.39603461691138
Hyderabad,2019-05-24,66.57046839153615
Hyderabad,2019-05-25,67.06730571052039
Hyderabad,2019-05-26,66.79158945692767
Hyderabad,2019-05-27,66.64922442285926
Hyderabad,2019-05-28,66.84430501794647
Hyderabad,2019-05-29,66.41798927676955
Hyderabad,2019-05-30,66.52184837459524
Hyderabad,2019-05-31,66.7461713939545
Hyderabad,2019-06-01,67.29797538894864
Hyderabad,2019-06-02,67.08161435944645
Hyderabad,2019-06-03,67.00219325218913
Hyderabad,2019-06-04,67.2629101830714
Hyderabad,2019-06-05,66.90394734609089
Hyderabad,2019-06-06,67.07583946644601
Hyderabad,2019-06-07,67.36779913414605
Hyderabad,2019-06-10,67.81344812259341
Hyderabad,2019-06-11,68.12942248508269
Hyderabad,2019-06-12,67.8201121661422
Hyderabad,2019-06-13,68.03519805270501
Hyderabad,2019-06-14,68.36314765297347
Hyderabad,2019-06-15,69.00926284889633
Hyderabad,2019-06-16,68.876324581871
Hyderabad,2019-06-18,69.18641273618402
Hyderabad,2019-06-19,68.87066131611832
Hyderabad,2019-06-20,69.07060522190802
Hyderabad,2019-06-21,69.3750061797176
Hyderabad,2019-06-22,69.9896086630594
Hyderabad,2019-06-24,69.76391510340409
Hyderabad,2019-06-25,70.03084930077156
Hyderabad,2019-06-27,69.79825430183226
Hyderabad,2019-06-28,70.03929964147042
Hyderabad,2019-06-29,70.58862331345088
Hyderabad,2019-06-30,70.35063273309329
Hyderabad,2019-07-01,70.23076402575305
Hyderabad,2019-07-02,70.4328150661964
Hyderabad,2019-07-03,69.99783558425227
Hyderabad,2019-07-04,70.07743475780259
Hyderabad,2019-07-05,70.26212366868145
Hyderabad,2019-07-06,70.75930521509781
Hyderabad,2019-07-07,70.47387405562533
Hyderabad,2019-07-08,70.31161917292482
Hyderabad,2019-07-09,70.47655252634492
Hyderabad,2019-07-10,70.00978457356878
Hyderabad,2019-07-11,70.06287586573941
Hyderabad,2019-07-12,70.22614442346142
Hyderabad,2019-07-13,70.70667887587193
Hyderabad,2019-07-15,70.23823283150107
Hyderabad,2019-07-16,70.39794388077723
Hyderabad,2019-07-17,69.92854462480685
Hyderabad,2019-07-18,69.98090909433002
Hyderabad,2019-07-19,70.1446532303206
Hyderabad,2019-07-20,70.6261692493276
Hyderabad,2019-07-22,70.15857067559291
Hyderabad,2019-07-24,69.84442271541162
Hyderabad,2019-07-25,69.8914348446695
Hyderabad,2019-07-26,70.04733820563757
Hyderabad,2019-07-27,70.51835946126549
Hyderabad,2019-07-29,70.02173666729558
Hyderabad,2019-07-30,70.16185923314288
Hyderabad,2019-07-31,69.6688998844298
Hyderabad,2019-08-01,69.69374775623639
Hyderabad,2019-08-02,69.82622878292494
Hyderabad,2019-08-03,70.27313324518065
Hyderabad,2019-08-04,69.93883660114953
Hyderabad,2019-08-05,69.72871939376685
Hyderabad,2019-08-06,69.84650925152796
Hyderabad,2019-08-07,69.33316542439171
Hyderabad,2019-08-08,69.34023484275819
Hyderabad,2019-08-09,69.45815931818738
Hyderabad,2019-08-10,69.89428390895186
Hyderabad,2019-08-11,69.5534601387619
Hyderabad,2019-08-12,69.34145035949625
Hyderabad,2019-08-13,69.46225671875271
Hyderabad,2019-08-14,68.95699554985747
Hyderabad,2019-08-15,68.97724647043472
Hyderabad,2019-08-16,69.1133560198421
Hyderabad,2019-08-17,69.57244597783223
Hyderabad,2019-08-18,69.25902007603945
Hyderabad,2019-08-19,69.07837531939374
Hyderabad,2019-08-20,69.23394120920892
Hyderabad,2019-08-21,68.76616742552903
Hyderabad,2019-08-22,68.82588891042907
Hyderabad,2019-08-23,69.0026477630278
Hyderabad,2019-08-24,69.50272160496168
Hyderabad,2019-08-25,69.23347336590066
Hyderabad,2019-08-26,69.09561927138122
Hyderabad,2019-08-27,69.29175545880307
Hyderabad,2019-08-28,68.86154545445049
Hyderabad,2019-08-29,68.95510572970024
Hyderabad,2019-08-30,69.16134641465895
Hyderabad,2019-08-31,69.68601631044025
Hyderabad,2019-09-01,69.4323449160802
Hyderabad,2019-09-02,69.30448672420681
Hyderabad,2019-09-03,69.50489017312178
Hyderabad,2019-09-04,69.07321099257985
Hyderabad,2019-09-05,69.15969817097877
Hyderabad,2019-09-06,69.35353136692294
Hyderabad,2019-09-07,69.86085897867595
Hyderabad,2019-09-08,69.58542975842609
Hyderabad,2019-09-09,69.43202349069641
Hyderabad,2019-09-10,69.60380347532092
Hyderabad,2019-09-11,69.14121098320383
Hyderabad,2019-09-12,69.19533041034344
Hyderabad,2019-09-13,69.35620450445087
Hyderabad,2019-09-14,69.83084946786977
Hyderabad,2019-09-15,69.52386343696232
Hyderabad,2019-09-16,69.34083447703048
Hyderabad,2019-09-17,69.48567144282632
Hyderabad,2019-09-18,68.9994784557513
Hyderabad,2019-09-19,69.03390226375004
Hyderabad,2019-09-20,69.17943234155169
Hyderabad,2019-09-21,69.64340394800199
Hyderabad,2019-09-22,69.33059797203674
Hyderabad,2019-09-23,69.14664394699327
Hyderabad,2019-09-24,69.29534972647463
Hyderabad,2019-09-25,68.81757861448673
Hyderabad,2019-09-26,68.86460315453773
Hyderabad,2019-09-27,69.02641527255099
Hyderabad,2019-09-28,69.50974273021082
Hyderabad,2019-09-29,69.21866536955237
Hyderabad,2019-09-30,69.05803709650375
Hyderabad,2019-10-01,69.23083659460505
Hyderabad,2019-10-02,68.77706700318588
Hyderabad,2019-10-03,68.84713316447123
Hyderabad,2019-10-04,69.03408187174865
Hyderabad,2019-10-05,69.53992262491754
Hyderabad,2019-10-07,69.12245699688147
Hyderabad,2019-10-08,69.30575066277731
Hyderabad,2019-10-09,68.85742160495401
Hyderabad,2019-10-10,68.92755731478972
Hyderabad,2019-10-11,69.10512096663432
Hyderabad,2019-10-12,69.59599710092158
Hyderabad,2019-10-13,69.30363225918612
Hyderabad,2019-10-14,69.13247585444623
Hyderabad,2019-10-15,69.28534374923602
Hyderabad,2019-10-16,68.80232441597823
Hyderabad,2019-10-17,68.83415609378594
Hyderabad,2019-10-18,68.97055399474476
Hyderabad,2019-10-19,69.41823704066371
Hyderabad,2019-10-20,69.08154731458158
Hyderabad,2019-10-21,68.86586806555262
Hyderabad,2019-10-22,68.97496333927079
Hyderabad,2019-10-23,68.44985973884828
Hyderabad,2019-10-24,68.44219937210195
Hyderabad,2019-10-25,68.54254367633658
Hyderabad,2019-10-26,68.95837821828891
Hyderabad,2019-10-27,68.59471223271598
Hyderabad,2019-10-28,68.35747926446908
Hyderabad,2019-10-29,68.4508624462224
Hyderabad,2019-10-30,67.91616529698828
Hyderabad,2019-10-31,67.90515738969374
Hyderabad,2019-11-01,68.00837477426333
Hyderabad,2019-11-02,68.43312534777279
Hyderabad,2019-11-03,68.0840929250079
Hyderabad,2019-11-04,67.86674626051632
Hyderabad,2019-11-05,67.9846763399623
Hyderabad,2019-11-06,67.4784825166833
Hyderabad,2019-11-07,67.49913644582116
Hyderabad,2019-11-08,67.63630323033472
Hyderabad,2019-11-09,68.09636943452875
Hyderabad,2019-11-10,67.78307113276605
Hyderabad,2019-11-11,67.60092762443104
Hyderabad,2019-11-12,67.75260349473209
Hyderabad,2019-11-13,67.2778189574528
Hyderabad,2019-11-14,67.32673680733454
Hyderabad,2019-11-15,67.48830480291092
Hyderabad,2019-11-16,67.96830258849285
Hyderabad,2019-11-17,67.66998583662254
Hyderabad,2019-11-18,67.49952678166812
Hyderabad,2019-11-19,67.65740372926615
Hyderabad,2019-11-20,67.18329876940427
Hyderabad,2019-11-21,67.2274923502198
Hyderabad,2019-11-22,67.37920325843507
Hyderabad,2019-11-24,67.52758098957767
Hyderabad,2019-11-25,67.33291532419105
Hyderabad,2019-11-26,67.46388966567578
Hyderabad,2019-11-27,66.96105852205547
Hyderabad,2019-11-28,66.97564030405233
Hyderabad,2019-11-29,67.09783391716155
Hyderabad,2019-11-30,67.53483486967362
Hyderabad,2019-12-01,67.19144435109466
Hyderabad,2019-12-02,66.97347737667037
Hyderabad,2019-12-03,67.08509330799149
Hyderabad,2019-12-04,66.56766946526922
Hyderabad,2019-12-05,66.57314706755545
Hyderabad,2019-12-06,66.69232933588816
Hyderabad,2019-12-07,67.13288196198297
Hyderabad,2019-12-08,66.79992976962417
Hyderabad,2019-12-09,66.59945595523267
Hyderabad,2019-12-10,66.73562741966559
Hyderabad,2019-12-11,66.24966701612317
Hyderabad,2019-12-12,66.29320196479527
Hyderabad,2019-12-13,66.45656818941103
Hyderabad,2019-12-14,66.9468206070003
Hyderabad,2019-12-15,66.66834294058634
Hyderabad,2019-12-16,66.52626310481465
Hyderabad,2019-12-17,66.72379727047642
Hyderabad,2019-12-18,66.30114296771748
Hyderabad,2019-12-19,66.40884996681704
Hyderabad,2019-12-20,66.63614814644698
Hyderabad,2019-12-21,67.18898181581835
Hyderabad,2019-12-22,66.9706434900796
Hyderabad,2019-12-23,66.88521260725885
Hyderabad,2019-12-24,67.13492175338351
Hyderabad,2019-12-25,66.75907025145194
Hyderabad,2019-12-26,66.9074133962263
Hyderabad,2019-12-27,67.16850614537925
Hyderabad,2019-12-28,67.74775040059541
Hyderabad,2019-12-29,67.5480386186941
Hyderabad,2019-12-30,67.47319906049842
Hyderabad,2019-12-31,67.72536514524022
Hyderabad,2020-01-01,67.34388875013738
Hyderabad,2020-01-02,67.47872580264456
Hyderabad,2020-01-03,67.71877312007184
Hyderabad,2020-01-04,68.2699058478338
Hyderabad,2020-01-05,68.0372621006959
Hyderabad,2020-01-06,67.92371255895398
Hyderabad,2020-01-07,68.13217367730508
Hyderabad,2020-01-08,67.70284897893448
Hyderabad,2020-01-09,67.78659513922773
Hyderabad,2020-01-10,67.97323870748072
Hyderabad,2020-01-11,68.4695932952247
Hyderabad,2020-01-12,68.18007072507912
Hyderabad,2020-01-13,68.01009224140783
Hyderabad,2020-01-14,68.16342306354076
Hyderabad,2020-01-15,67.6810509339008
Hyderabad,2020-01-16,67.71453780127311
Hyderabad,2020-01-17,67.8543243481749
Hyderabad,2020-01-18,68.30773741217023
Hyderabad,2020-01-19,67.9795939532591
Hyderabad,2020-01-20,67.77560776134764
Hyderabad,2020-01-21,67.89972221171303
Hyderabad,2020-01-22,67.39298968326749
Hyderabad,2020-01-23,67.4069266805036
Hyderabad,2020-01-24,67.53182421105909
Hyderabad,2020-01-25,67.97476325944052
Hyderabad,2020-01-26,67.64022875407044
Hyderabad,2020-01-27,67.43352792848201
Hyderabad,2020-01-28,67.55813606135402
Hyderabad,2020-01-29,67.05458986553512
Hyderabad,2020-01-30,67.07385720985003
Hyderabad,2020-01-31,67.20566236478761
Hyderabad,2020-02-01,67.65651625697873
Hyderabad,2020-02-02,67.33034478715655
Hyderabad,2020-02-03,67.13192079112446
Hyderabad,2020-02-04,67.26422233478159
Hyderabad,2020-02-05,66.77139359374235
Hyderabad,2020-02-06,66.79995558031453
Hyderabad,2020-02-07,66.9393081306928
Hyderabad,2020-02-08,67.39571010410042
Hyderabad,2020-02-09,67.07291196230753
Hyderabad,2020-02-10,66.87559002974378
Hyderabad,2020-02-11,67.00670513233389
Hyderabad,2020-02-12,66.50640567694653
Hyderabad,2020-02-13,66.52540372733766
Hyderabad,2020-02-14,66.65330322027548
Hyderabad,2020-02-15,67.09662983812031
Hyderabad,2020-02-16,66.7594556992237
Hyderabad,2020-02-17,66.5468246224624
Hyderabad,2020-02-18,66.66210089748647
Hyderabad,2020-02-19,66.14586186762685
Hyderabad,2020-02-20,66.14926313202197
Hyderabad,2020-02-21,66.26235576139
Hyderabad,2020-02-22,66.69210528901223
Hyderabad,2020-02-23,66.34300587310749
Hyderabad,2020-02-24,66.12049560667845
Hyderabad,2020-02-25,66.22829610709299
Hyderabad,2020-02-26,65.70729687057417
Hyderabad,2020-02-27,65.70891335104291
Hyderabad,2020-02-28,65.82339828334754
Hyderabad,2020-02-29,66.25785610918788
Hyderabad,2020-03-01,65.91685396913151
Hyderabad,2020-03-02,65.7058352742519
Hyderabad,2020-03-03,65.8284589979059
Hyderabad,2020-03-04,65.32548515264563
Hyderabad,2020-03-05,65.34813536487056
Hyderabad,2020-03-06,65.48640799530163
Hyderabad,2020-03-07,65.95376102554162
Hyderabad,2020-03-08,65.6477387762406
Hyderabad,2020-03-09,65.47338290396361
Hyderabad,2020-03-10,65.63391610412404
Hyderabad,2020-03-11,65.16963610916336
Hyderabad,2020-03-12,65.2312852703147
Hyderabad,2020-03-13,65.40837499765748
Hyderabad,2020-03-14,65.907214645825
Hyderabad,2020-03-15,65.6315380176033
Hyderabad,2020-03-16,65.48593319282382
Hyderabad,2020-03-17,65.67319850764856
Hyderabad,2020-03-18,65.2332448297385
Hyderabad,2020-03-19,65.31647272368527
Hyderabad,2020-03-20,65.5121036429319
Hyderabad,2020-03-21,66.02621461122195
Hyderabad,2020-03-22,65.76236945727447
Hyderabad,2020-03-23,65.62505221918948
Hyderabad,2020-03-24,65.81702547147232
Hyderabad,2020-03-25,65.37823366824621
Hyderabad,2020-03-26,65.4591800660683
Hyderabad,2020-03-27,65.64925635359045
Hyderabad,2020-03-28,66.1547744644481
Hyderabad,2020-03-29,65.87959367317936
Hyderabad,2020-03-30,65.72854864938037
Hyderabad,2020-03-31,65.90480130405804
Hyderabad,2020-04-01,65.44873662453116
Hyderabad,2020-04-02,65.51133118470135
Hyderabad,2020-04-03,65.68247360071223
Hyderabad,2020-04-04,66.17638300918885
Hyderabad,2020-04-05,65.89003664100416
Hyderabad,2020-04-06,65.72877675951115
Hyderabad,2020-04-07,65.89625559070988
Hyderabad,2020-04-08,65.4333208495154
Hyderabad,2020-04-09,65.49137431704435
Hyderabad,2020-04-10,65.66068294672135
Hyderabad,2020-04-11,66.14839233906312
Hyderabad,2020-04-12,65.85913605487704
Hyderabad,2020-04-13,65.69844681175888
Hyderabad,2020-04-14,65.87009276014895
Hyderabad,2020-04-15,65.41495938272966
Hyderabad,2020-04-16,65.4844060293151
Hyderabad,2020-04-17,65.668576652834
Hyderabad,2020-04-18,66.17441464193357
Hyderabad,2020-04-19,65.90627524097155
Hyderabad,2020-04-20,65.76934158657708
Hyderabad,2020-04-21,65.96696750356769
Hyderabad,2020-04-22,65.53956751211932
Hyderabad,2020-04-23,65.63798292857547
Hyderabad,2020-04-24,65.8518034591003
Hyderabad,2020-04-25,66.38739398091687
Hyderabad,2020-04-26,66.14851976980323
Hyderabad,2020-04-27,66.03977594366695
Hyderabad,2020-04-28,66.26394398313002
Hyderabad,2020-04-29,65.86089548230404
Hyderabad,2020-04-30,65.98097170275247
Hyderabad,2020-05-01,66.21331801650463
Hyderabad,2020-05-02,66.76392262280714
Hyderabad,2020-05-03,66.53625249768774
Hyderabad,2020-05-04,66.43945409711809
Hyderabad,2020-05-05,66.67143125593752
Hyderabad,2020-05-06,66.2720405363004
Hyderabad,2020-05-07,66.39171208829708
Hyderabad,2020-05-08,66.61978512969925
Hyderabad,2020-05-09,67.16254530493579
Hyderabad,2020-05-10,66.92385684326722
Hyderabad,2020-05-11,66.80859502104242
Hyderabad,2020-05-12,67.02000160622916
Hyderabad,2020-05-13,66.59858334501946
Hyderabad,2020-05-14,66.69548206440659
Hyderabad,2020-05-15,66.90079557489501
Hyderabad,2020-05-16,67.42159895419152
Hyderabad,2020-05-17,67.16255946354875
Hyderabad,2020-05-18,67.02935096980829
Hyderabad,2020-05-19,67.22599094826097
Hyderabad,2020-05-20,66.79372054293837
Hyderabad,2020-05-21,66.88435668543622
Hyderabad,2020-05-22,67.0885958839252
Hyderabad,2020-05-23,67.61401968067823
Hyderabad,2020-05-24,67.36569542685638
Hyderabad,2020-05-25,67.249578614123
Hyderabad,2020-05-26,67.4698401645818
Hyderabad,2020-05-27,67.06773943295983
Hyderabad,2020-05-28,67.19497214257368
Hyderabad,2020-05-29,67.4419730236189
Hyderabad,2020-05-30,68.01592326984661
Hyderabad,2020-05-31,67.82135633040895
Hyderabad,2020-06-01,67.76356851370112
Hyderabad,2020-06-02,68.04595737649623
Hyderabad,2020-06-03,67.70890859506231
Hyderabad,2020-06-04,67.90316023644174
Hyderabad,2020-06-05,68.21812386123229
Hyderabad,2020-06-06,68.85991215103823
Hyderabad,2020-06-07,68.73196628424667
Hyderabad,2020-06-08,68.73848876302337
Hyderabad,2020-06-09,69.08180445563305
Hyderabad,2020-06-10,68.80126988391608
Hyderabad,2020-06-11,69.04665918273943
Hyderabad,2020-06-12,69.40650565286948
Hyderabad,2020-06-13,70.08614811422174
Hyderabad,2020-06-14,69.98837483296482
Hyderabad,2020-06-15,70.01687032272254
Hyderabad,2020-06-16,70.37358743952045
Hyderabad,2020-06-17,70.09766452305831
Hyderabad,2020-06-18,70.33881580887007
Hyderabad,2020-06-19,70.68567391124029
Hyderabad,2020-06-20,71.34383354681881
Hyderabad,2020-06-21,71.21648932165746
Hyderabad,2020-06-22,71.2078730169731
Hyderabad,2020-06-23,71.52061301152314
Hyderabad,2020-06-24,71.19463588975917
Hyderabad,2020-06-25,71.38053882845438
Hyderabad,2020-06-26,71.6679119936318
Hyderabad,2020-06-27,72.26336059570106
Hyderabad,2020-06-28,72.071119959914
Hyderabad,2020-06-29,71.99646958807816
Hyderabad,2020-06-30,72.24306941966074
Hyderabad,2020-07-01,71.85183890479001
Hyderabad,2020-07-02,71.9743080312286
Hyderabad,2020-07-03,72.20092005654061
Hyderabad,2020-07-04,72.73903607661643
Hyderabad,2020-07-05,72.49353520022704
Hyderabad,2020-07-06,72.37021667340406
Hyderabad,2020-07-07,72.57312743849911
Hyderabad,2020-07-08,72.14343594061918
Hyderabad,2020-07-09,72.23278143460709
Hyderabad,2020-07-10,72.43157856353004
Hyderabad,2020-07-11,72.94702726764326
Hyderabad,2020-07-12,72.68372163099376
Hyderabad,2020-07-13,72.54706376071755
Hyderabad,2020-07-14,72.74060585523222
Hyderabad,2020-07-15,72.30494087402468
Hyderabad,2020-07-16,72.39107060112207
Hyderabad,2020-07-17,72.58873036323871
Hyderabad,2020-07-18,73.10441991602046
Hyderabad,2020-07-19,72.8420335387959
Hyderabad,2020-07-20,72.70629486004285
Hyderabad,2020-07-21,72.90011900586259
Hyderabad,2020-07-22,72.46352194442007
Hyderabad,2020-07-23,72.5470053170731
Hyderabad,2020-07-24,72.73989556788814
Hyderabad,2020-07-25,73.2483864995644
Hyderabad,2020-07-26,72.97617798535812
Hyderabad,2020-07-27,72.82791613122417
Hyderabad,2020-07-28,73.00655734167893
Hyderabad,2020-07-29,72.55227611656264
Hyderabad,2020-07-30,72.61584491813468
Hyderabad,2020-07-31,72.78696506203094
Hyderabad,2020-08-01,73.27229799168089
Hyderabad,2020-08-02,72.976089980687
Hyderabad,2020-08-03,72.80359594745374
Hyderabad,2020-08-04,72.9584252902669
Hyderabad,2020-08-05,72.48143007712407
Hyderabad,2020-08-06,72.5240644756134
Hyderabad,2020-08-07,72.6766949462299
Hyderabad,2020-08-08,73.1466111370755
Hyderabad,2020-08-09,72.83863109559385
Hyderabad,2020-08-10,72.65850702988429
Hyderabad,2020-08-11,72.81025503828866
Hyderabad,2020-08-12,72.33502960005481
Hyderabad,2020-08-13,72.38447210634945
Hyderabad,2020-08-14,72.54901327345205
Hyderabad,2020-08-15,73.03587961002147
Hyderabad,2020-08-16,72.74969769685927
Hyderabad,2020-08-17,72.59590255922784
Hyderabad,2020-08-18,72.77807350079716
Hyderabad,2020-08-19,72.3368180465686
Hyderabad,2020-08-20,72.42313303615242
Hyderabad,2020-08-21,72.62672238516413
Hyderabad,2020-08-22,73.15402128490454
Hyderabad,2020-08-23,72.90882012999936
Hyderabad,2020-08-24,72.79569393081935
Hyderabad,2020-08-25,73.01736001611098
Hyderabad,2020-08-26,72.61358408432869
Hyderabad,2020-08-27,72.73456304686339
Hyderabad,2020-08-28,72.96926358977933
Hyderabad,2020-08-29,73.52346565611013
Hyderabad,2020-08-30,73.30040360890615
Hyderabad,2020-08-31,73.20421035553885
Hyderabad,2020-09-01,73.43728682869657
Hyderabad,2020-09-02,73.03921655018908
Hyderabad,2020-09-03,73.16015347551473
Hyderabad,2020-09-04,73.38916189436357
Hyderabad,2020-09-05,73.93225753624361
Hyderabad,2020-09-06,73.69304268866635
Hyderabad,2020-09-07,73.57614075497743
Hyderabad,2020-09-08,73.78455288944966
Hyderabad,2020-09-09,73.35855676743105
Hyderabad,2020-09-10,73.44907610083025
Hyderabad,2020-09-11,73.64600015642723
Hyderabad,2020-09-12,74.15620296539547
Hyderabad,2020-09-13,73.8841556135083
Hyderabad,2020-09-14,73.73533764802261
Hyderabad,2020-09-15,73.9135708586171
Hyderabad,2020-09-16,73.45989610384613
Hyderabad,2020-09-17,73.52592238449688
Hyderabad,2020-09-18,73.70212797388224
Hyderabad,2020-09-19,74.19586379237174
Hyderabad,2020-09-20,73.9119528473791
Hyderabad,2020-09-21,73.75609212754989
Hyderabad,2020-09-22,73.93218047257423
Hyderabad,2020-09-23,73.48119325808922
Hyderabad,2020-09-24,73.554533164313
Hyderabad,2020-09-25,73.7423368028102
Hyderabad,2020-09-26,74.25148725103196
Hyderabad,2020-09-27,73.98622607943419
Hyderabad,2020-09-28,73.85157093116779
Hyderabad,2020-09-29,74.05066176298557
Hyderabad,2020-09-30,73.62365610124844
Hyderabad,2020-10-01,73.72110203595071
Hyderabad,2020-10-02,73.93226813595939
Hyderabad,2020-10-03,74.46317971412007
Hyderabad,2020-10-04,74.21725439290589
Hyderabad,2020-10-05,74.09874240023692
Hyderabad,2020-10-06,74.31009409451757
Hyderabad,2020-10-07,73.89087450009453
Hyderabad,2020-10-08,73.99115305592343
Hyderabad,2020-10-09,74.19984730679555
Hyderabad,2020-10-10,74.72276959061912
Hyderabad,2020-10-11,74.46326938598185
Hyderabad,2020-10-12,74.3256765596742
Hyderabad,2020-10-13,74.51266792495016
Hyderabad,2020-10-14,74.06417690759734
Hyderabad,2020-10-15,74.13077464228115
Hyderabad,2020-10-16,74.30200144896385
Hyderabad,2020-10-17,74.7843980582227
Hyderabad,2020-10-18,74.48212965175244
Hyderabad,2020-10-19,74.30040843572394
Hyderabad,2020-10-20,74.44283769919554
Hyderabad,2020-10-21,73.95029774507228
Hyderabad,2020-10-22,73.97430263988815
Hyderabad,2020-10-23,74.10530737293055
Hyderabad,2020-10-24,74.55071543411394
Hyderabad,2020-10-25,74.21548050048229
Hyderabad,2020-10-26,74.00550853901416
Hyderabad,2020-10-27,74.12498381885077
Hyderabad,2020-10-28,73.61523969794318
Hyderabad,2020-10-29,73.62810353192751
Hyderabad,2020-10-30,73.754195610686
Hyderabad,2020-10-31,74.20093235220294
Hyderabad,2020-11-01,73.87312756316157
Hyderabad,2020-11-02,73.6763980899343
Hyderabad,2020-11-03,73.81449726501994
Hyderabad,2020-11-04,73.32819682432343
Hyderabad,2020-11-05,73.36864635685376
Hyderabad,2020-11-06,73.5256898171985
Hyderabad,2020-11-07,74.00588887619215
Hyderabad,2020-11-08,73.71314639800113
Hyderabad,2020-11-09,73.55213579261682
Hyderabad,2020-11-10,73.7256590359392
Hyderabad,2020-11-11,73.2735533975536
Hyderabad,2020-11-12,73.34607529688908
Hyderabad,2020-11-13,73.53224018804477
Hyderabad,2020-11-14,74.03786764599785
Hyderabad,2020-11-15,73.76622438240312
Hyderabad,2020-11-16,73.62147043732904
Hyderabad,2020-11-17,73.80603090633488
Hyderabad,2020-11-18,73.35951289142085
Hyderabad,2020-11-19,73.4320958346677
Hyderabad,2020-11-20,73.6128739694333
Hyderabad,2020-11-21,74.10789999652131
Hyderabad,2020-11-22,73.82082274990793
Hyderabad,2020-11-23,73.65632423493444
Hyderabad,2020-11-24,73.81747863130595
Hyderabad,2020-11-25,73.34465327240014
Hyderabad,2020-11-26,73.38888016395758
Hyderabad,2020-11-27,73.54017725201624
Hyderabad,2020-11-28,74.00556908067263
Hyderabad,2020-11-29,73.68970018182135
Hyderabad,2020-11-30,73.4982471867679
Hyderabad,2020-12-01,73.63525287303563
Hyderabad,2020-12-02,73.14200277680867
Hyderabad,2020-12-03,73.17037353567581
Hyderabad,2020-12-04,73.31113274033828
Hyderabad,2020-12-05,73.77194045810523
Hyderabad,2020-12-06,73.45794623291027
Hyderabad,2020-12-07,73.27518794375864
Hyderabad,2020-12-08,73.42791604678978
Hyderabad,2020-12-09,72.95746405621124
Hyderabad,2020-12-10,73.0155945614984
Hyderabad,2020-12-11,73.19280059766992
Hyderabad,2020-12-12,73.69631247499093
Hyderabad,2020-12-13,73.43070372404094
Hyderabad,2020-12-14,73.3013023014839
Hyderabad,2020-12-15,73.51153026428796
Hyderabad,2020-12-16,73.10179237796675
Hyderabad,2020-12-17,73.22284250480126
Hyderabad,2020-12-18,73.46410708758678
Hyderabad,2020-12-19,74.03171529708516
Hyderabad,2020-12-20,73.82912893780637
Hyderabad,2020-12-21,73.76057768714271
Hyderabad,2020-12-22,74.02842231041244
Hyderabad,2020-12-23,73.67206577122838
Hyderabad,2020-12-24,73.84134056906119
Hyderabad,2020-12-25,74.12485114978253
Hyderabad,2020-12-26,74.72802054273276
Hyderabad,2020-12-27,74.55373396872169
Hyderabad,2020-12-28,74.50578471576915
Hyderabad,2020-12-29,74.78624472450691
Hyderabad,2020-12-30,74.43437968324075
Hyderabad,2020-12-31,74.60003692778514
Hyderabad,2021-01-01,74.87198503724221
Hyderabad,2021-01-02,75.45595440414635
Hyderabad,2021-01-03,75.25527172325806
Hyderabad,2021-01-04,75.17429396430683
Hyderabad,2021-01-05,75.41576459995537
Hyderabad,2021-01-06,75.01971226979805
Hyderabad,2021-01-07,75.13682059763259
Hyderabad,2021-01-08,75.35674850542257
Hyderabad,2021-01-09,75.88615077307117
Hyderabad,2021-01-10,75.62929226578483
Hyderabad,2021-01-11,75.49146186672793
Hyderabad,2021-01-12,75.67630934241267
Hyderabad,2021-01-13,75.22472575076212
Hyderabad,2021-01-14,75.28819650164013
Hyderabad,2021-01-15,75.45710676052362
Hyderabad,2021-01-16,75.93874923925087
Hyderabad,2021-01-17,75.63792803221537
Hyderabad,2021-01-18,75.46036470988408
Hyderabad,2021-01-19,75.61003000633724
Hyderabad,2021-01-20,75.12802175425232
Hyderabad,2021-01-21,75.16591815554631
Hyderabad,2021-01-22,75.31408599414462
Hyderabad,2021-01-23,75.7796936917389
