city,ds,yhat
Chennai,2002-10-01,34.17404420228506
Chennai,2002-11-16,32.69450360759367
Chennai,2002-12-01,31.86669276122434
Chennai,2003-01-16,32.03335719802823
Chennai,2003-03-01,31.196888587506745
Chennai,2003-03-16,30.90167021433656
Chennai,2003-04-26,31.198915059004957
Chennai,2003-05-16,31.550549190916268
Chennai,2003-08-31,37.22089517098819
Chennai,2003-12-12,34.668420810346326
Chennai,2003-12-31,35.03670660300275
Chennai,2004-07-31,39.99632155447981
Chennai,2004-11-15,40.685320159362476
Chennai,2005-06-20,42.578072297593486
Chennai,2006-06-05,45.8401381568428
Chennai,2006-11-30,47.9284871755515
Chennai,2007-02-16,47.199201573353854
Chennai,2007-06-06,49.45314661810161
Chennai,2008-05-24,53.50454001152077
Chennai,2008-07-16,55.223278367354816
Chennai,2009-01-29,56.08186476980272
Chennai,2009-07-02,59.60060506728502
Chennai,2010-04-01,59.305986537134125
Chennai,2010-09-08,65.82811344979699
Chennai,2010-09-21,67.02702948525176
Chennai,2010-11-09,65.48342641393086
Chennai,2011-01-16,65.4299952840666
Chennai,2011-05-15,64.7684757777132
Chennai,2011-09-16,70.88714084640536
Chennai,2011-11-16,68.94033163826226
Chennai,2011-12-01,68.42314964016225
Chennai,2012-05-24,69.57778330500253
Chennai,2012-05-29,70.11357614284992
Chennai,2012-06-03,70.69322325127324
Chennai,2012-06-29,71.48368695116646
Chennai,2012-07-24,71.7059852840872
Chennai,2012-07-25,71.18193411796513
Chennai,2012-10-09,73.64941851818
Chennai,2012-10-27,72.71197755467459
Chennai,2012-11-16,71.51790422576826
Chennai,2013-01-16,70.098771913745
Chennai,2013-01-18,70.48619983763282
Chennai,2013-02-16,69.19314232554136
Chennai,2013-03-02,69.16504214893864
Chennai,2013-03-16,68.58327147088583
Chennai,2013-04-02,68.35848406384154
Chennai,2013-04-16,68.80262972667877
Chennai,2013-05-01,67.50080252240915
Chennai,2013-06-01,70.50369602900192
Chennai,2013-06-16,71.20674584853919
Chennai,2013-06-29,71.80982019317142
Chennai,2013-07-15,71.63440649343966
Chennai,2013-08-01,71.79437868938945
Chennai,2013-09-01,73.25952564584497
Chennai,2013-09-14,73.99832275774934
Chennai,2013-10-01,73.86222201594163
Chennai,2013-11-01,72.0733689009489
Chennai,2013-12-21,69.72379337327503
Chennai,2014-01-04,70.68952546871121
Chennai,2014-03-01,69.19122483796345
Chennai,2014-04-01,68.30560499198518
Chennai,2014-04-16,68.2709507895407
Chennai,2014-06-07,70.72809786292271
Chennai,2014-06-25,70.84212810958039
Chennai,2014-07-01,71.60899649979878
Chennai,2014-08-01,71.6231202696179
Chennai,2014-08-15,71.79537827465248
Chennai,2014-08-31,72.75885757132953
Chennai,2014-10-01,72.71357917350394
Chennai,2014-10-15,72.16852390937878
Chennai,2014-11-01,71.61264196656066
Chennai,2014-12-01,69.53098458517815
Chennai,2014-12-16,68.31117412482114
Chennai,2015-01-17,69.59267104958502
Chennai,2015-02-04,67.54170825214337
Chennai,2015-02-16,67.49278401493454
Chennai,2015-03-01,67.74798429695542
Chennai,2015-04-02,66.44054214953425
Chennai,2015-04-15,66.44906717756459
Chennai,2015-05-01,66.04817487856215
Chennai,2015-05-16,66.98533267963712
Chennai,2015-06-16,68.62462649691896
Chennai,2015-07-01,68.77038812882253
Chennai,2015-07-15,68.70681526591262
Chennai,2015-08-01,69.65580602684653
Chennai,2015-08-15,69.83267745288491
Chennai,2015-09-01,70.18297270246507
Chennai,2015-11-01,69.45327515107955
Chennai,2015-11-16,68.45492118486362
Chennai,2015-12-01,67.28916508933078
Chennai,2015-12-16,65.48240889301017
Chennai,2016-01-01,66.66296604440798
Chennai,2016-01-16,67.35016349851725
Chennai,2016-01-19,66.99957391352261
Chennai,2016-02-01,66.04392530105281
Chennai,2016-02-17,64.83884685208608
Chennai,2016-03-09,64.6901561646356
Chennai,2016-03-17,64.71104935796026
Chennai,2016-04-05,65.20229268855061
Chennai,2016-04-16,65.74659183249449
Chennai,2016-05-01,65.17289263700285
Chennai,2016-05-17,65.84161708000775
Chennai,2016-06-01,66.67593668163953
Chennai,2016-06-16,67.74590760668724
Chennai,2016-07-01,68.64498018788552
Chennai,2016-07-15,68.71194324684957
Chennai,2016-08-01,69.17512139879408
Chennai,2016-08-15,69.49490417543967
Chennai,2016-09-01,70.17953319315781
Chennai,2016-09-15,71.12283157132944
Chennai,2016-10-01,71.62733674997506
Chennai,2016-10-05,70.78671659365033
Chennai,2016-10-15,71.21768981761356
Chennai,2016-11-06,69.9651568715943
Chennai,2016-11-16,68.83404347409454
Chennai,2016-12-01,68.16465401858181
Chennai,2016-12-17,67.53711110513608
Chennai,2017-01-01,68.60173303178462
Chennai,2017-01-16,68.7037436669569
Chennai,2017-04-01,66.97551071347003
Chennai,2017-04-16,67.65352914035198
Chennai,2017-05-01,66.61822348736887
Chennai,2017-05-16,67.48598560219065
Chennai,2017-06-01,68.85777150555528
Chennai,2017-06-16,69.58265935473896
Chennai,2017-06-19,69.84590850932024
Chennai,2017-06-20,69.93920579059953
Chennai,2017-06-21,69.47064606482914
Chennai,2017-06-22,69.95004515642498
Chennai,2017-06-23,70.08564197854594
Chennai,2017-06-26,70.3852394326662
Chennai,2017-06-27,70.46700363594104
Chennai,2017-06-28,69.98216655378589
Chennai,2017-06-29,70.44080432740323
Chennai,2017-06-30,70.55155180528023
Chennai,2017-07-03,70.75776903035475
Chennai,2017-07-04,70.80447821277235
Chennai,2017-07-05,70.28394643526063
Chennai,2017-07-06,70.70708494166917
Chennai,2017-07-07,70.78335642615833
Chennai,2017-07-10,70.89995879055263
Chennai,2017-07-11,70.92360606859562
Chennai,2017-07-12,70.38427919521796
Chennai,2017-07-13,70.79323188065766
Chennai,2017-07-14,70.86013920679804
Chennai,2017-07-17,70.97768401363398
Chennai,2017-07-18,71.01070049373241
Chennai,2017-07-19,70.48465498391826
Chennai,2017-07-20,70.91027485488416
Chennai,2017-07-21,70.99662654230417
Chennai,2017-07-24,71.18226194314587
Chennai,2017-07-25,71.23880369164033
Chennai,2017-07-26,70.73550208380792
Chennai,2017-07-27,71.18242254715848
Chennai,2017-07-28,71.28803459660313
Chennai,2017-07-31,71.51456311649531
Chennai,2017-08-01,71.5780875566917
Chennai,2017-08-02,71.08434896942957
Chennai,2017-08-04,71.64572537478969
Chennai,2017-08-07,71.86407887039763
Chennai,2017-08-08,71.92098348837919
Chennai,2017-08-09,71.4135346025569
Chennai,2017-08-10,71.85250680691048
Chennai,2017-08-11,71.94721651670667
Chennai,2017-08-14,72.13324874724165
Chennai,2017-08-16,71.67416325537134
Chennai,2017-08-17,72.11411382943919
Chennai,2017-08-18,72.2136745623259
Chennai,2017-08-21,72.43827625174627
Chennai,2017-08-22,72.50979963981545
Chennai,2017-08-23,72.02359434712754
Chennai,2017-08-24,72.49035280896067
Chennai,2017-08-28,72.93919814931378
Chennai,2017-08-29,73.04280723761033
Chennai,2017-08-30,72.58757963132066
Chennai,2017-08-31,73.08347952555276
Chennai,2017-09-01,73.23885001715844
Chennai,2017-09-04,73.61763109701454
Chennai,2017-09-05,73.7321772823679
Chennai,2017-09-07,73.78001217194678
Chennai,2017-09-08,73.93141264431702
Chennai,2017-09-11,74.26931230317138
Chennai,2017-09-12,74.36153808190468
Chennai,2017-09-13,73.88643845411794
Chennai,2017-09-14,74.35435601975654
Chennai,2017-09-15,74.47417869928702
Chennai,2017-09-19,74.7652356991656
Chennai,2017-09-20,74.2552141192169
Chennai,2017-09-21,74.68923612141592
Chennai,2017-09-22,74.77662844768206
Chennai,2017-09-25,74.92554766662761
Chennai,2017-09-26,74.95845209565641
Chennai,2017-09-27,74.42689413928292
Chennai,2017-09-28,74.84162113140272
Chennai,2017-09-29,74.91177338209141
Chennai,2017-10-03,75.0391282517455
Chennai,2017-10-04,74.49567165719316
Chennai,2017-10-05,74.89835812062128
Chennai,2017-10-06,74.95592629554008
Chennai,2017-10-09,75.01811852056277
Chennai,2017-10-10,75.02096424299475
Chennai,2017-10-11,74.45785464973794
Chennai,2017-10-12,74.83910623086247
Chennai,2017-10-13,74.87353781996674
Chennai,2017-10-16,74.85826712204376
Chennai,2017-10-17,74.83374198805552
Chennai,2017-10-18,74.24322983514236
Chennai,2017-10-24,74.48464221227329
Chennai,2017-10-25,73.88170879545
Chennai,2017-10-26,74.22766790716484
Chennai,2017-10-30,74.16613609218967
Chennai,2017-10-31,74.13930047475802
Chennai,2017-11-02,73.92155072141074
Chennai,2017-11-03,73.9505645806399
Chennai,2017-11-06,73.97004681064918
Chennai,2017-11-07,73.9731736042888
Chennai,2017-11-09,73.8125550151455
Chennai,2017-11-10,73.8670610912037
Chennai,2017-11-13,73.9415053613978
Chennai,2017-11-14,73.95365279364565
Chennai,2017-11-15,73.4014075409191
Chennai,2017-11-16,73.79442769269426
Chennai,2017-11-17,73.84086731781306
Chennai,2017-11-20,73.8565502490344
Chennai,2017-11-21,73.8386131010154
Chennai,2017-11-22,73.2519107974872
Chennai,2017-11-23,73.60682592690448
Chennai,2017-11-24,73.61234961542945
Chennai,2017-11-27,73.49807550542093
Chennai,2017-11-28,73.43790858132533
Chennai,2017-11-29,72.81131954552097
Chennai,2017-11-30,73.12974867769104
Chennai,2017-12-01,73.10319557751279
Chennai,2017-12-05,72.861705947601
Chennai,2017-12-06,72.23693478023344
Chennai,2017-12-07,72.56542275818448
Chennai,2017-12-08,72.55729599761486
Chennai,2017-12-11,72.48636177729543
Chennai,2017-12-12,72.46992183352904
Chennai,2017-12-13,71.90158028992761
Chennai,2017-12-15,72.35124337561449
Chennai,2017-12-18,72.50066742031122
Chennai,2017-12-19,72.5603857719355
Chennai,2017-12-20,72.06768087120506
Chennai,2017-12-21,72.53238892345775
Chennai,2017-12-22,72.66267572167119
Chennai,2017-12-26,73.11156175850658
Chennai,2017-12-27,72.66359853019647
Chennai,2017-12-28,73.16585331722862
Chennai,2017-12-29,73.32615573660874
Chennai,2018-01-01,73.70730175459461
Chennai,2018-01-02,73.81759414342675
Chennai,2018-01-03,73.36140913280968
Chennai,2018-01-05,73.987112479062
Chennai,2018-01-08,74.26975793677146
Chennai,2018-01-09,74.33813297582586
Chennai,2018-01-10,73.83659089975946
Chennai,2018-01-11,74.27554542983835
Chennai,2018-01-12,74.3639460672004
Chennai,2018-01-15,74.4896334912261
Chennai,2018-01-16,74.50554276974759
Chennai,2018-01-17,73.9523376750922
Chennai,2018-01-18,74.34089227153093
Chennai,2018-01-19,74.38057147392348
Chennai,2018-01-22,74.37366736941125
Chennai,2018-01-23,74.35086908908703
Chennai,2018-01-25,74.11840242792202
Chennai,2018-01-29,74.05831022459296
Chennai,2018-01-30,74.02184566894184
Chennai,2018-02-01,73.77394628682258
Chennai,2018-02-02,73.78313708382055
Chennai,2018-02-05,73.73055417601728
Chennai,2018-02-06,73.70782340471524
Chennai,2018-02-08,73.49786559192195
Chennai,2018-02-09,73.53080559149035
Chennai,2018-02-12,73.56481474463568
Chennai,2018-02-13,73.57473114918169
Chennai,2018-02-15,73.43287371110426
Chennai,2018-02-16,73.50018038673198
Chennai,2018-02-19,73.63158235934964
Chennai,2018-02-20,73.67009563917196
Chennai,2018-02-21,73.1483798890255
Chennai,2018-02-22,73.57627726370143
Chennai,2018-02-23,73.66204480707535
Chennai,2018-02-26,73.82209035650828
Chennai,2018-02-27,73.86048480568722
Chennai,2018-03-01,73.75165063514574
Chennai,2018-03-02,73.82282303574337
Chennai,2018-03-05,73.91497404692207
Chennai,2018-03-06,73.92451672581417
Chennai,2018-03-09,73.79180411171308
Chennai,2018-03-12,73.79440028532126
Chennai,2018-03-13,73.77949672499645
Chennai,2018-03-15,73.57206352643286
Chennai,2018-03-16,73.60099499387522
Chennai,2018-03-19,73.61133567901322
Chennai,2018-03-20,73.61239679320919
Chennai,2018-03-22,73.45677321672773
Chennai,2018-03-23,73.52089900341396
Chennai,2018-03-26,73.66669881162088
Chennai,2018-03-27,73.7200136056327
Chennai,2018-03-29,73.67323282772243
Chennai,2018-03-30,73.79158227468876
Chennai,2018-04-02,74.08466690371228
Chennai,2018-04-03,74.1780609587159
Chennai,2018-04-05,74.19178072292677
Chennai,2018-04-09,74.62672270170053
Chennai,2018-04-10,74.70389393617857
Chennai,2018-04-12,74.6597360828932
Chennai,2018-04-13,74.75639554426056
Chennai,2018-04-16,74.89721929790491
Chennai,2018-04-19,74.74610123203654
Chennai,2018-04-20,74.78197896718979
Chennai,2018-04-23,74.7628624471404
Chennai,2018-04-24,74.73465706554067
Chennai,2018-05-14,75.29200754266344
Chennai,2018-05-15,75.4342010850111
Chennai,2018-05-16,75.0185080348985
Chennai,2018-05-17,75.55403238879738
Chennai,2018-05-18,75.74832751984901
Chennai,2018-05-21,76.23318926718458
Chennai,2018-05-22,76.37792187498025
Chennai,2018-05-23,75.95588083793363
Chennai,2018-05-24,76.47676717541631
Chennai,2018-05-25,76.64890408968552
Chennai,2018-05-26,77.0810552651801
Chennai,2018-05-27,77.29155643198122
Chennai,2018-05-28,77.03194897960522
Chennai,2018-05-29,77.13471634366933
Chennai,2018-05-31,77.14486380360937
Chennai,2018-06-01,77.27268278705643
Chennai,2018-06-02,77.66205815952138
Chennai,2018-06-03,77.83235727945414
Chennai,2018-06-04,77.53603496341425
Chennai,2018-06-05,77.60634853399888
Chennai,2018-06-06,77.11276938113355
Chennai,2018-06-07,77.56667122727438
Chennai,2018-06-08,77.67783833947222
Chennai,2018-06-09,78.05625080968069
Chennai,2018-06-10,78.22119043112896
Chennai,2018-06-11,77.92485653870482
Chennai,2018-06-12,78.00009289428542
Chennai,2018-06-15,78.1098124710867
Chennai,2018-06-19,78.50742642761499
Chennai,2018-06-21,78.52217743963301
Chennai,2018-06-22,78.64457403741706
Chennai,2018-06-23,79.03258624129982
Chennai,2018-06-24,79.20409400002072
Chennai,2018-06-25,78.91001086711725
Chennai,2018-06-26,78.98204800109123
Chennai,2018-07-02,79.2243652271515
Chennai,2018-07-05,79.14921372552847
Chennai,2018-07-06,79.21631154401372
Chennai,2018-07-09,79.3008127944787
Chennai,2018-07-10,79.31201048937875
Chennai,2018-07-12,79.1539721441999
Chennai,2018-07-13,79.20570672163493
Chennai,2018-07-16,79.27311573891534
Chennai,2018-07-20,79.2184453294121
Chennai,2018-07-23,79.3484163806467
Chennai,2018-07-24,79.3870094447321
Chennai,2018-07-30,79.56727566010484
Chennai,2018-07-31,79.61716500915611
Chennai,2018-08-02,79.53860002147901
Chennai,2018-08-03,79.62874670798611
Chennai,2018-08-06,79.7938443494765
Chennai,2018-08-07,79.83306778163598
Chennai,2018-08-13,79.93157892777006
Chennai,2018-08-16,79.84684460878503
Chennai,2018-08-20,80.07349994687777
Chennai,2018-08-21,80.11924998869674
Chennai,2018-08-24,80.14962486282947
Chennai,2018-08-25,80.52315753855139
Chennai,2018-08-26,80.68651372058679
Chennai,2018-08-27,80.39119910277049
Chennai,2018-08-28,80.46937153466185
Chennai,2018-08-29,79.97750902673017
Chennai,2018-08-30,80.43745928263753
Chennai,2018-08-31,80.55765716565344
Chennai,2018-09-03,80.83621277254123
Chennai,2018-09-04,80.91921913772401
Chennai,2018-09-06,80.90673646519721
Chennai,2018-09-07,81.02927194880553
Chennai,2018-09-10,81.2848527857864
Chennai,2018-09-11,81.35073350879843
Chennai,2018-09-13,81.29181986998174
Chennai,2018-09-14,81.38601814020453
Chennai,2018-09-15,81.74136708391828
Chennai,2018-09-16,81.8764701545396
Chennai,2018-09-17,81.54303877556214
Chennai,2018-09-18,81.57362621899844
Chennai,2018-09-20,81.44412637762443
Chennai,2018-09-21,81.50412845905824
Chennai,2018-09-23,81.93065583284536
Chennai,2018-09-24,81.56816984609165
Chennai,2018-09-25,81.57194076404535
Chennai,2018-09-27,81.39585269070484
Chennai,2018-09-28,81.43601377263148
Chennai,2018-09-30,81.82894282200516
Chennai,2018-10-01,81.45214807038295
Chennai,2018-10-02,81.44280746096412
Chennai,2018-10-04,81.24247979961915
Chennai,2018-10-05,81.27067445073212
Chennai,2018-10-06,81.56304558668809
Chennai,2018-10-07,81.63795581412602
Chennai,2018-10-08,81.24676951021351
Chennai,2018-10-09,81.2216080082837
Chennai,2018-10-11,80.9846220278892
Chennai,2018-10-12,80.99082375100531
Chennai,2018-10-13,81.25947154872988
Chennai,2018-10-14,81.30907724233406
Chennai,2018-10-16,80.838416899647
Chennai,2018-10-18,80.5447033262635
Chennai,2018-10-19,80.52382138343205
Chennai,2018-10-20,80.76629443029917
Chennai,2018-10-22,80.3507189619289
Chennai,2018-10-23,80.27783738296243
Chennai,2018-10-24,79.64180136230438
Chennai,2018-10-25,79.9538024775477
Chennai,2018-10-26,79.92349803289119
Chennai,2018-10-29,79.74834423827913
Chennai,2018-10-30,79.68381395534688
Chennai,2018-11-01,79.3893393088656
Chennai,2018-11-02,79.37959483690378
Chennai,2018-11-05,79.2830503895774
Chennai,2018-11-06,79.24811233768932
Chennai,2018-11-12,79.00410348736392
Chennai,2018-11-13,78.98439130396615
Chennai,2018-11-15,78.76475094799589
Chennai,2018-11-16,78.78255744062416
Chennai,2018-11-19,78.717590228296
Chennai,2018-11-20,78.67408178540306
Chennai,2018-11-22,78.39212137193616
Chennai,2018-11-23,78.37266046554777
Chennai,2018-11-26,78.18142946003498
Chennai,2018-11-27,78.09428451129509
Chennai,2018-11-28,77.43974926134467
Chennai,2018-11-29,77.72910420103126
Chennai,2018-11-30,77.67221022983512
Chennai,2018-12-01,77.879301249491
Chennai,2018-12-02,77.87009221624648
Chennai,2018-12-03,77.39739194377884
Chennai,2018-12-04,77.29482175917032
Chennai,2018-12-06,76.92138152397024
Chennai,2018-12-07,76.87246781798083
Chennai,2018-12-10,76.67153840020933
Chennai,2018-12-11,76.60970056535075
Chennai,2018-12-13,76.33922543444929
Chennai,2018-12-17,76.3595105429169
Chennai,2018-12-18,76.37289761044077
Chennai,2018-12-21,76.3408571319476
Chennai,2018-12-24,76.5542105026862
Chennai,2018-12-25,76.62663158636767
Chennai,2018-12-27,76.60767867014258
Chennai,2018-12-28,76.73351056407003
Chennai,2018-12-31,77.01943238552388
Chennai,2019-01-02,76.61616228862549
Chennai,2019-01-04,77.18844757805319
Chennai,2019-01-07,77.39630868337306
Chennai,2019-01-10,77.33078052771309
Chennai,2019-01-11,77.39564009588754
Chennai,2019-01-14,77.45000287063131
Chennai,2019-01-16,76.86376034454285
Chennai,2019-01-17,77.2272224259731
Chennai,2019-01-18,77.24132559217738
Chennai,2019-01-21,77.15437762065208
Chennai,2019-01-22,77.10368227663747
Chennai,2019-01-29,76.56023473650238
Chennai,2019-01-31,76.24464824698704
Chennai,2019-02-01,76.21893728341949
Chennai,2019-02-05,75.9975018964284
Chennai,2019-02-08,75.70527374175252
Chennai,2019-02-11,75.62130826828387
Chennai,2019-02-14,75.3711848293549
Chennai,2019-02-15,75.39955236076864
Chennai,2019-02-18,75.4170110981963
Chennai,2019-02-19,75.41882681292182
Chennai,2019-02-22,75.30560094900443
Chennai,2019-02-25,75.36861980682447
Chennai,2019-02-26,75.37647059735956
Chennai,2019-02-28,75.20894167589908
Chennai,2019-03-01,75.25178649576877
Chennai,2019-03-04,75.26158016868428
Chennai,2019-03-05,75.24405344884816
Chennai,2019-03-11,74.94397017856318
Chennai,2019-03-12,74.89801933002124
Chennai,2019-03-14,74.62506610609294
Chennai,2019-03-15,74.61939252427638
Chennai,2019-03-18,74.5183572640682
Chennai,2019-03-21,74.24223220280156
Chennai,2019-03-22,74.26411174392665
Chennai,2019-03-23,74.55956956172018
Chennai,2019-03-24,74.6477100806089
Chennai,2019-03-28,74.15818398410741
Chennai,2019-04-01,74.40898666780042
Chennai,2019-04-05,74.5152346352596
Chennai,2019-04-08,74.72668119137877
Chennai,2019-04-09,74.77807332523267
Chennai,2019-04-12,74.76005728334958
Chennai,2019-04-15,74.83580611603642
Chennai,2019-04-16,74.83106978800603
Chennai,2019-04-20,74.90057627170604
Chennai,2019-04-22,74.53046931205495
Chennai,2019-04-25,74.18424839258729
Chennai,2019-04-27,74.42309052446998
Chennai,2019-04-30,74.00901346286321
Chennai,2019-05-02,73.77678602062367
Chennai,2019-05-05,74.21755009493218
Chennai,2019-05-06,73.86995387799782
Chennai,2019-05-09,73.83031337500394
Chennai,2019-05-10,73.94215018407542
Chennai,2019-05-11,74.33098006603208
Chennai,2019-05-12,74.5145315760874
Chennai,2019-05-13,74.24339241095701
Chennai,2019-05-14,74.34877761027316
Chennai,2019-05-17,74.56295728425276
Chennai,2019-05-18,74.99406755946275
Chennai,2019-05-20,74.96331697251534
Chennai,2019-05-21,75.0828958005097
Chennai,2019-05-23,75.13497921464649
Chennai,2019-05-24,75.28510116477793
Chennai,2019-05-25,75.69585248985507
Chennai,2019-05-26,75.8853380680435
Chennai,2019-05-27,75.60486844055366
Chennai,2019-05-28,75.68670223013278
Chennai,2019-05-30,75.65393340799741
Chennai,2019-05-31,75.7593998277844
Chennai,2019-06-01,76.1256203985186
Chennai,2019-06-02,76.2718438331379
Chennai,2019-06-03,75.95043807375174
Chennai,2019-06-04,75.99460687433486
Chennai,2019-06-06,75.89941089291258
Chennai,2019-06-07,75.98126408593062
Chennai,2019-06-10,76.13510869491581
Chennai,2019-06-13,76.09476784064391
Chennai,2019-06-14,76.18876762480124
Chennai,2019-06-15,76.55219374887804
Chennai,2019-06-16,76.70359578358689
Chennai,2019-06-24,76.75214991948819
Chennai,2019-06-27,76.75511866686213
Chennai,2019-06-28,76.85073727152695
Chennai,2019-06-29,77.20824741437113
Chennai,2019-06-30,77.34587515264484
Chennai,2019-07-01,77.01498117534425
Chennai,2019-07-02,77.04781063593322
Chennai,2019-07-06,77.30292247568737
Chennai,2019-07-09,77.04226954247528
Chennai,2019-07-13,77.20629120818529
Chennai,2019-07-14,77.29703605639706
Chennai,2019-07-15,76.92556360199863
Chennai,2019-07-16,76.924901168552
Chennai,2019-07-18,76.75446017633732
Chennai,2019-07-23,76.90500224112063
Chennai,2019-07-25,76.78157646091104
Chennai,2019-07-26,76.85534305859248
Chennai,2019-07-27,77.19777342338232
Chennai,2019-07-28,77.32700485903587
Chennai,2019-07-29,76.99415816407551
Chennai,2019-07-30,77.03109771246186
Chennai,2019-08-01,76.92853148267295
Chennai,2019-08-02,77.00751176517447
Chennai,2019-08-03,77.35162784169304
Chennai,2019-08-04,77.47913197382245
Chennai,2019-08-05,77.1413774618748
Chennai,2019-08-06,77.17399017973634
Chennai,2019-08-08,77.0560977116628
Chennai,2019-08-09,77.125192503247
Chennai,2019-08-11,77.57576887816496
Chennai,2019-08-18,77.63112362954614
Chennai,2019-08-19,77.29039685131544
Chennai,2019-08-24,77.66556016390399
Chennai,2019-08-25,77.81351649684642
Chennai,2019-08-26,77.5029537405876
Chennai,2019-08-27,77.56616873972519
Chennai,2019-08-29,77.52928906147649
Chennai,2019-09-05,78.00560050039333
Chennai,2019-09-06,78.13278633090304
Chennai,2019-09-07,78.5246505766356
Chennai,2019-09-08,78.69911923319452
Chennai,2019-09-10,78.48069558739016
Chennai,2019-09-12,78.43842480932301
Chennai,2019-09-13,78.54140879238679
Chennai,2019-09-14,78.90569423419426
Chennai,2019-09-15,79.04976867064912
Chennai,2019-09-17,78.76454397109674
Chennai,2019-09-18,78.23643439747535
Chennai,2019-09-19,78.65162976266565
Chennai,2019-09-20,78.71936510205957
Chennai,2019-09-21,79.04918235618608
Chennai,2019-09-22,79.16004373138051
Chennai,2019-09-23,78.80395145461137
Chennai,2019-09-24,78.81367501503367
Chennai,2019-09-26,78.64830815050335
Chennai,2019-09-27,78.69334237588882
Chennai,2019-09-30,78.72298582667545
Chennai,2019-10-01,78.72696436240157
Chennai,2019-10-03,78.55359224547284
Chennai,2019-10-04,78.59556312997826
Chennai,2019-10-05,78.90198618198335
Chennai,2019-10-07,78.6147916789875
Chennai,2019-10-08,78.60469581630448
Chennai,2019-10-10,78.39885214961564
Chennai,2019-10-11,78.42206226610975
Chennai,2019-10-12,78.70793713056477
Chennai,2019-10-15,78.33907790889948
Chennai,2019-10-22,77.89037794096573
Chennai,2019-10-24,77.59239524057801
Chennai,2019-10-25,77.57384759824508
Chennai,2019-10-26,77.82205587052559
Chennai,2019-10-29,77.37300356636716
Chennai,2019-11-01,77.09119458227423
Chennai,2019-11-02,77.3590735442969
Chennai,2019-11-03,77.41637750223316
Chennai,2019-11-04,77.01484548921745
Chennai,2019-11-05,76.98685445590772
Chennai,2019-11-08,76.79412417714359
Chennai,2019-11-09,77.09067403779957
Chennai,2019-11-10,77.17473462573604
Chennai,2019-11-11,76.79723272806112
Chennai,2019-11-13,76.22015211587265
Chennai,2019-11-14,76.5979814320267
Chennai,2019-11-15,76.63135606175194
Chennai,2019-11-16,76.92863033047296
Chennai,2019-11-17,77.00757946786686
Chennai,2019-11-18,76.61905657581023
Chennai,2019-11-19,76.59475621340471
Chennai,2019-11-22,76.35385745514678
Chennai,2019-11-23,76.62336564501439
Chennai,2019-11-24,76.67130627317408
Chennai,2019-11-25,76.2494190636537
Chennai,2019-11-26,76.19036923956486
Chennai,2019-11-29,75.84740588309691
Chennai,2019-11-30,76.07859799993265
Chennai,2019-12-01,76.09213519771191
Chennai,2019-12-07,75.42275690185394
Chennai,2019-12-08,75.45053127600147
Chennai,2019-12-09,75.02173355418525
Chennai,2019-12-10,74.96979588873077
Chennai,2019-12-12,74.71639142294585
Chennai,2019-12-13,74.73586478577178
Chennai,2019-12-14,75.03239488989347
Chennai,2019-12-15,75.12493864277609
Chennai,2019-12-16,74.76530761135936
Chennai,2019-12-17,74.78590824149063
Chennai,2019-12-19,74.68332740144703
Chennai,2019-12-26,75.12413132278238
Chennai,2019-12-27,75.26781448845148
Chennai,2019-12-29,75.87965203451824
Chennai,2019-12-30,75.61578460144213
Chennai,2019-12-31,75.72020219072333
Chennai,2020-01-02,75.74610321827883
Chennai,2020-01-03,75.88518681325135
Chennai,2020-01-04,76.28611933478285
Chennai,2020-01-05,76.46678459389454
Chennai,2020-01-06,76.17818342956338
Chennai,2020-01-07,76.25217844976397
Chennai,2020-01-08,75.75693371589759
Chennai,2020-01-09,76.20262896639731
Chennai,2020-01-10,76.2990170564963
Chennai,2020-01-11,76.65415141546177
Chennai,2020-01-12,76.786586367714
Chennai,2020-01-13,76.44797967810476
Chennai,2020-01-14,76.47082804596175
Chennai,2020-01-16,76.31793977760442
Chennai,2020-01-17,76.36220313280299
Chennai,2020-01-18,76.66625128350292
Chennai,2020-01-19,76.74907641888998
Chennai,2020-01-20,76.3627294435791
Chennai,2020-01-21,76.34005671162957
Chennai,2020-01-22,75.75013420941592
Chennai,2020-01-23,76.10397860073576
Chennai,2020-01-24,76.11107758635976
Chennai,2020-01-25,76.38119591982775
Chennai,2020-01-26,76.43349986338411
Chennai,2020-01-27,76.02018876736247
Chennai,2020-01-28,75.97423425072049
Chennai,2020-01-29,75.36481614978607
Chennai,2020-01-30,75.70303453189696
Chennai,2020-01-31,75.69844015746347
Chennai,2020-02-01,75.960839714409
Chennai,2020-02-02,76.00941864244051
Chennai,2020-02-03,75.59637031440649
Chennai,2020-02-04,75.55463218326601
Chennai,2020-02-05,74.9533182348129
Chennai,2020-02-06,75.30342725104278
Chennai,2020-02-07,75.31436950326459
Chennai,2020-02-08,75.59576845224748
Chennai,2020-02-09,75.66658053399203
Chennai,2020-02-10,75.27872205649759
Chennai,2020-02-11,75.26489276236536
Chennai,2020-02-12,74.69374210837177
Chennai,2020-02-13,75.07584497107268
Chennai,2020-02-14,75.12014252216399
Chennai,2020-02-15,75.43574845208
Chennai,2020-02-17,75.18746746687344
Chennai,2020-02-18,75.20694894505858
Chennai,2020-02-19,74.66766305725555
Chennai,2020-02-20,75.07959579850781
Chennai,2020-02-21,75.15111800440562
Chennai,2020-02-24,75.2793461404672
Chennai,2020-02-25,75.31077535321423
Chennai,2020-02-26,74.77873273864608
Chennai,2020-02-27,75.19302417263053
Chennai,2020-02-28,75.26194470566078
Chennai,2020-02-29,75.5941050966654
Chennai,2020-03-01,75.70757588358597
Chennai,2020-03-02,75.35353733815003
Chennai,2020-03-03,75.3640354646286
Chennai,2020-03-04,74.80743291541688
Chennai,2020-03-05,75.19413385501367
Chennai,2020-03-06,75.23312492506365
Chennai,2020-03-07,75.53378844246909
Chennai,2020-03-08,75.61503049923621
Chennai,2020-03-09,75.22891262897919
Chennai,2020-03-10,75.20838759574173
Chennai,2020-03-11,74.62272864362824
Chennai,2020-03-12,74.98323176290035
Chennai,2020-03-13,74.9997336948649
Chennai,2020-03-14,75.28240240770225
Chennai,2020-03-15,75.35084332649417
Chennai,2020-03-16,74.95996290824472
Chennai,2020-03-17,74.94092913975
Chennai,2020-03-18,74.36334199087904
Chennai,2020-03-19,74.73867073996905
Chennai,2020-03-20,74.7767628944383
Chennai,2020-03-21,75.08762947234752
Chennai,2020-03-22,75.19055018024514
Chennai,2020-03-23,74.83768791146353
Chennai,2020-03-24,74.86181374805722
Chennai,2020-03-25,74.3317322797282
Chennai,2020-03-26,74.757987100327
Chennai,2020-03-27,74.84938932636678
Chennai,2020-03-28,75.21482580089345
Chennai,2020-03-29,75.37239000337264
Chennai,2020-03-30,75.07302448852474
Chennai,2020-03-31,75.14827536412238
Chennai,2020-04-01,74.66574789278631
Chennai,2020-04-02,75.1348423134978
Chennai,2020-04-03,75.2633119458335
Chennai,2020-04-04,75.65909946309812
Chennai,2020-04-05,75.83949360298843
Chennai,2020-04-06,75.55479443259821
Chennai,2020-04-07,75.63608703729892
Chennai,2020-04-08,75.15071216171188
Chennai,2020-04-09,75.60801244190036
Chennai,2020-04-10,75.71589594877484
Chennai,2020-04-11,76.08267271054982
Chennai,2020-04-12,76.22620639659581
Chennai,2020-04-13,75.89756932952065
Chennai,2020-04-14,75.92880088157352
Chennai,2020-04-15,75.38835810368144
Chennai,2020-04-16,75.78683767273625
Chennai,2020-04-17,75.84034187915935
Chennai,2020-04-18,76.15179279094349
Chennai,2020-04-20,75.85915998962408
Chennai,2020-04-21,75.84115989728852
Chennai,2020-04-22,75.25641220673823
Chennai,2020-04-23,75.6168331050755
Chennai,2020-04-24,75.63288799461226
Chennai,2020-04-25,75.91536786333852
Chennai,2020-04-26,75.98448211892007
Chennai,2020-04-27,75.59345753313741
Chennai,2020-04-28,75.57624477275401
Chennai,2020-04-29,75.00292268703035
Chennai,2020-04-30,75.38538062621986
Chennai,2020-05-01,75.43382209725391
Chennai,2020-05-02,75.75854692022205
Chennai,2020-05-03,75.87905543409939
Chennai,2020-05-04,75.54766411874772
Chennai,2020-05-05,75.59723369181886
Chennai,2020-05-06,75.09659930661417
Chennai,2020-05-07,75.55628246843732
Chennai,2020-05-08,75.68502722342069
Chennai,2020-05-09,76.09161695555058
Chennai,2020-05-10,76.2940144586392
Chennai,2020-05-11,76.043013738118
Chennai,2020-05-12,76.17000368278808
Chennai,2020-05-13,75.74243233206188
Chennai,2020-05-14,76.26955049760429
Chennai,2020-05-15,76.45897649927407
Chennai,2020-05-16,76.9185376424991
Chennai,2020-05-17,77.16543049940039
Chennai,2020-05-18,76.94988796402973
Chennai,2020-05-19,77.10295860975262
Chennai,2020-05-20,76.69195816375766
Chennai,2020-05-21,77.22622919303252
Chennai,2020-05-22,77.41369344525043
Chennai,2020-05-23,77.86268139938319
Chennai,2020-05-24,78.09107571405319
Chennai,2020-05-25,77.84995703682195
Chennai,2020-05-26,77.97135256859335
Chennai,2020-05-27,77.52367660037844
Chennai,2020-05-28,78.01744249610448
Chennai,2020-05-29,78.16178879892314
Chennai,2020-05-30,78.56627618239823
Chennai,2020-05-31,78.74999854951533
Chennai,2020-06-01,78.46519760230025
Chennai,2020-06-02,78.54498209714477
Chennai,2020-06-03,78.05874176333106
Chennai,2020-06-04,78.51783603768136
Chennai,2020-06-05,78.6321008730324
Chennai,2020-06-06,79.01163080821296
Chennai,2020-06-07,79.17587994282556
Chennai,2020-06-08,78.87727134588708
Chennai,2020-06-09,78.94891618099192
Chennai,2020-06-10,78.46003245379082
Chennai,2020-06-11,78.92164332697794
Chennai,2020-06-12,79.04309792368186
Chennai,2020-06-13,79.43387135172485
Chennai,2020-06-14,79.61268703209556
Chennai,2020-06-15,79.33115021263431
Chennai,2020-06-16,79.42149323249055
Chennai,2020-06-17,78.9520216775351
Chennai,2020-06-18,79.43284057993722
Chennai,2020-06-19,79.5724027868341
Chennai,2020-06-20,79.97933545309175
Chennai,2020-06-21,80.17158700428148
Chennai,2020-06-22,79.90008277432017
Chennai,2020-06-23,79.99648928601715
Chennai,2020-06-24,79.5286758127441
Chennai,2020-06-25,80.00645198119824
Chennai,2020-06-26,80.13812326576277
Chennai,2020-06-27,80.5323201804927
Chennai,2020-06-28,80.7071434944458
Chennai,2020-06-29,80.41381378220214
Chennai,2020-06-30,80.4844255087568
Chennai,2020-07-01,79.98739463375122
Chennai,2020-07-02,80.4331789463506
Chennai,2020-07-03,80.53081352341316
Chennai,2020-07-04,80.88971773331924
Chennai,2020-07-05,81.02881678336021
Chennai,2020-07-06,80.70016683055415
Chennai,2020-07-07,80.7366845782608
Chennai,2020-07-08,80.20757106065493
Chennai,2020-07-09,80.62400951688268
Chennai,2020-07-10,80.69568039150937
Chennai,2020-07-11,81.03255046284096
Chennai,2020-07-12,81.15397959515606
Chennai,2020-07-13,80.81233453805791
Chennai,2020-07-15,80.30835383157289
Chennai,2020-07-16,80.72635543770238
Chennai,2020-07-17,80.80417515000912
Chennai,2020-07-18,81.1514366438009
Chennai,2020-07-19,81.2870464643167
Chennai,2020-07-20,80.96282275435541
Chennai,2020-07-21,81.01123492492165
Chennai,2020-07-22,80.50084360887203
Chennai,2020-07-23,80.94202026077089
Chennai,2020-07-24,81.04348874185726
Chennai,2020-07-25,81.41414505645125
Chennai,2020-07-26,81.5721977887773
Chennai,2020-07-27,81.2688176331953
Chennai,2020-07-28,81.33589615525881
Chennai,2020-07-29,80.84150256724816
Chennai,2020-07-30,81.29561739616972
Chennai,2020-07-31,81.40668498267421
Chennai,2020-08-01,81.78344067307822
Chennai,2020-08-02,81.94405505367138
Chennai,2020-08-03,81.63978353033582
Chennai,2020-08-04,81.70272141251998
Chennai,2020-08-05,81.20125341727234
Chennai,2020-08-06,81.64577670907636
Chennai,2020-08-07,81.74523974987022
Chennai,2020-08-08,82.10895324491254
Chennai,2020-08-09,82.25571603178537
Chennai,2020-08-10,81.93744477298412
Chennai,2020-08-11,81.98690821130876
Chennai,2020-08-12,81.47315552838363
Chennai,2020-08-13,81.90721855279382
Chennai,2020-08-14,81.99863071024912
Chennai,2020-08-15,82.35721958858183
Chennai,2020-08-16,82.50221650392484
Chennai,2020-08-17,82.18587240390626
Chennai,2020-08-18,82.24118126486871
Chennai,2020-08-19,81.73730083255973
Chennai,2020-08-20,82.18525066436932
Chennai,2020-08-21,82.29443047392161
Chennai,2020-08-22,82.67441565342251
Chennai,2020-08-23,82.84407325739595
Chennai,2020-08-24,82.55518757915013
Chennai,2020-08-25,82.6401961774799
Chennai,2020-08-26,82.16762581785936
Chennai,2020-08-27,82.64780782714257
Chennai,2020-08-28,82.78941534386583
Chennai,2020-08-29,83.20127877671828
Chennai,2020-08-30,83.40152216489284
Chennai,2020-08-31,83.14120897235723
Chennai,2020-09-01,83.25209758267654
Chennai,2020-09-02,82.80209539364888
Chennai,2020-09-03,83.30099048856057
Chennai,2020-09-04,83.45700290167319
Chennai,2020-09-05,83.87861139761671
Chennai,2020-09-06,84.08369814812988
Chennai,2020-09-07,83.82319961954417
Chennai,2020-09-08,83.92886381640689
Chennai,2020-09-09,83.46870275999666
Chennai,2020-09-10,83.9527192585581
Chennai,2020-09-11,84.08945016466751
Chennai,2020-09-12,84.48778230887685
Chennai,2020-09-13,84.66608384591456
Chennai,2020-09-14,84.37583975158829
Chennai,2020-09-15,84.4493920997053
Chennai,2020-09-16,83.95537452560804
Chennai,2020-09-17,84.40442048890544
Chennai,2020-09-18,84.50568809759889
Chennai,2020-09-19,84.8686582432336
Chennai,2020-09-20,85.01224932066042
Chennai,2020-09-21,84.688437768527
Chennai,2020-09-22,84.72998550337282
Chennai,2020-09-23,84.20586402997061
Chennai,2020-09-24,84.6269551376995
Chennai,2020-09-25,84.70257115484263
Chennai,2020-09-26,85.04225162646055
Chennai,2020-09-27,85.16487970853558
Chennai,2020-09-28,84.82230743645532
Chennai,2020-09-29,84.84709076797739
Chennai,2020-09-30,84.3079239215917
Chennai,2020-10-01,84.71535257737744
Chennai,2020-10-02,84.77830849929389
Chennai,2020-10-03,85.10592197407686
Chennai,2020-10-04,85.21665484589697
Chennai,2020-10-05,84.86194276402992
Chennai,2020-10-06,84.87394699227379
Chennai,2020-10-07,84.321004755729
Chennai,2020-10-08,84.7133571699627
Chennai,2020-10-09,84.75969682828159
Chennai,2020-10-10,85.06899101321167
Chennai,2020-10-11,85.15962294936625
Chennai,2020-10-12,84.78303943159075
Chennai,2020-10-13,84.77150498106509
Chennai,2020-10-14,84.19355140272809
Chennai,2020-10-15,84.5597017838728
Chennai,2020-10-16,84.57901110228302
Chennai,2020-10-17,84.86087959791607
Chennai,2020-10-18,84.92418160343809
Chennai,2020-10-19,84.52089852761479
Chennai,2020-10-20,84.48385657616159
Chennai,2020-10-21,83.88215857426927
Chennai,2020-10-22,84.22688946614429
Chennai,2020-10-23,84.22763822418523
Chennai,2020-10-24,84.4942928980453
Chennai,2020-10-25,84.54615207001176
Chennai,2020-10-26,84.13554195956759
Chennai,2020-10-27,84.09554027189766
Chennai,2020-10-28,83.49539661056093
Chennai,2020-10-29,83.84622941765325
Chennai,2020-10-30,83.85754248206645
Chennai,2020-10-31,84.13901796448309
Chennai,2020-11-01,84.20962932722608
Chennai,2020-11-02,83.82126343259341
Chennai,2020-11-03,83.8064528228572
Chennai,2020-11-04,83.2338078200234
Chennai,2020-11-05,83.61372813029413
Chennai,2020-11-06,83.65493662688637
Chennai,2020-11-07,83.96629181400193
Chennai,2020-11-08,84.0659218477634
Chennai,2020-11-09,83.70486881305702
Chennai,2020-11-10,83.71484366838213
Chennai,2020-11-11,83.16368087581219
Chennai,2020-11-12,83.56107177803113
Chennai,2020-11-13,83.6151187882462
Chennai,2020-11-14,83.93416632062768
Chennai,2020-11-15,84.03595081056172
Chennai,2020-11-16,83.67125806104684
Chennai,2020-11-17,83.67168794139806
Chennai,2020-11-18,83.1051151574563
Chennai,2020-11-19,83.4814249535923
Chennai,2020-11-20,83.50906571293157
Chennai,2020-11-21,83.79687438910169
Chennai,2020-11-22,83.86321722965326
Chennai,2020-11-23,83.45963424045658
Chennai,2020-11-24,83.41858772660811
Chennai,2020-11-25,82.80890402636231
Chennai,2020-11-26,83.14148777263631
Chennai,2020-11-27,83.12585118684171
Chennai,2020-11-28,83.37191492588212
Chennai,2020-11-29,83.39912356322974
Chennai,2020-11-30,82.9600647904269
Chennai,2020-12-01,82.88819331067472
Chennai,2020-12-02,82.25324915893331
Chennai,2020-12-03,82.56695036647746
Chennai,2020-12-04,82.53950300777224
Chennai,2020-12-05,82.78138561964616
Chennai,2020-12-06,82.81245146650532
Chennai,2020-12-07,82.38553804479373
Chennai,2020-12-08,82.33418501158512
Chennai,2020-12-09,81.7280503868208
Chennai,2020-12-10,82.07860496186936
Chennai,2020-12-11,82.09564786761902
Chennai,2020-12-12,82.38910011142868
Chennai,2020-12-13,82.47811928637657
Chennai,2020-12-14,82.11472449436482
Chennai,2020-12-15,82.13153224596313
Chennai,2020-12-16,81.59719270640079
Chennai,2020-12-17,82.02210569625622
Chennai,2020-12-18,82.11495884676047
Chennai,2020-12-19,82.48454415215933
Chennai,2020-12-20,82.64889555761482
Chennai,2020-12-21,82.35893607653966
Chennai,2020-12-22,82.44623468430089
Chennai,2020-12-23,81.97846188687124
Chennai,2020-12-24,82.4651229589416
Chennai,2020-12-25,82.61411090417788
Chennai,2020-12-26,83.03353510733041
Chennai,2020-12-27,83.24086812397424
Chennai,2020-12-28,82.98659899213557
Chennai,2020-12-29,83.10199328669297
Chennai,2020-12-30,82.65454887086965
Chennai,2020-12-31,83.15372647255258
Delhi,2002-10-17,33.28988620539561
Delhi,2002-11-16,32.513076480086745
Delhi,2003-01-03,31.32322877036206
Delhi,2003-01-16,31.63262422435795
Delhi,2003-03-01,31.10704805233667
Delhi,2003-04-01,30.5783029266466
Delhi,2003-04-26,30.962656742540464
Delhi,2003-06-01,33.392320045577414
Delhi,2003-08-31,37.08714874534894
Delhi,2003-12-12,34.18791161482371
Delhi,2004-06-15,38.29189776550649
Delhi,2004-07-31,40.112125664550334
Delhi,2004-11-15,40.424780938651686
Delhi,2005-06-20,42.635928333963136
Delhi,2006-06-05,45.870640656948744
Delhi,2006-11-30,47.50935337755905
Delhi,2007-03-01,47.26883878051225
Delhi,2008-02-15,51.31717172928462
Delhi,2008-05-24,53.70603331125606
Delhi,2008-07-16,55.10038851271902
Delhi,2009-01-29,56.142619236000755
Delhi,2010-02-27,60.28967329644754
Delhi,2010-04-01,59.610927817993876
Delhi,2010-09-08,65.9472114917548
Delhi,2010-10-17,67.03789563390356
Delhi,2010-11-09,65.66669441532738
Delhi,2011-01-16,65.38063365286604
Delhi,2011-07-01,67.94795550795304
Delhi,2011-09-16,71.0362405202979
Delhi,2011-11-16,68.95219385120701
Delhi,2011-12-01,68.27654918506141
Delhi,2012-05-24,69.86782403943351
Delhi,2012-06-03,70.99009689671297
Delhi,2012-06-18,71.42386926180696
Delhi,2012-06-29,71.66179137747571
Delhi,2012-07-24,72.12642576902661
Delhi,2012-08-01,71.56665032607978
Delhi,2012-10-09,73.8828803661997
Delhi,2012-10-27,72.84219808510366
Delhi,2012-11-16,71.55640016286732
Delhi,2013-01-18,70.41293313504362
Delhi,2013-02-16,69.43992853095466
Delhi,2013-03-02,69.3926152923381
Delhi,2013-03-16,68.7135295815271
Delhi,2013-04-02,68.61155207661538
Delhi,2013-04-16,68.91501036677575
Delhi,2013-05-01,67.22415750075382
Delhi,2013-05-23,69.50900835125866
Delhi,2013-06-01,70.7497706174627
Delhi,2013-06-16,71.40570577739597
Delhi,2013-06-29,71.9351650947367
Delhi,2013-07-15,71.53044971814198
Delhi,2013-08-01,71.90852866260043
Delhi,2013-09-01,73.30754433681818
Delhi,2013-09-14,74.07706898517853
Delhi,2013-10-01,73.82232047832464
Delhi,2013-11-01,71.81270565265667
Delhi,2013-12-21,69.78292087308601
Delhi,2014-01-04,70.6528403439783
Delhi,2014-03-01,69.18189825991895
Delhi,2014-04-01,68.29865105198394
Delhi,2014-04-16,67.94078305108205
Delhi,2014-06-07,70.82881429038787
Delhi,2014-06-25,70.53863396908554
Delhi,2014-07-01,71.33455463962882
Delhi,2014-08-01,71.48204079234773
Delhi,2014-08-15,71.46565602088201
Delhi,2014-08-31,72.62417198159898
Delhi,2014-10-01,72.3200527651947
Delhi,2014-10-15,71.74800847357433
Delhi,2014-11-01,71.41733033486923
Delhi,2014-12-01,68.88444060113416
Delhi,2014-12-16,68.05927117899377
Delhi,2015-01-17,69.40946675841016
Delhi,2015-02-04,67.19379090094357
Delhi,2015-02-16,67.28341995264624
Delhi,2015-03-01,67.51093110076097
Delhi,2015-04-02,66.4532578469544
Delhi,2015-04-15,66.19556574271103
Delhi,2015-05-01,65.71519649399619
Delhi,2015-05-16,66.98242692471878
Delhi,2015-06-16,68.80890478215352
Delhi,2015-07-01,68.41775592014638
Delhi,2015-07-15,68.36746822031859
Delhi,2015-08-01,69.8225999754925
Delhi,2015-08-15,69.8063306899068
Delhi,2015-09-01,70.29018830171064
Delhi,2015-11-01,69.14115172828281
Delhi,2015-11-16,68.26353091411745
Delhi,2015-12-01,66.84985914790724
Delhi,2015-12-16,65.13818485076116
Delhi,2016-01-01,66.56732266416067
Delhi,2016-01-16,67.27907787282616
Delhi,2016-02-01,65.91732060509595
Delhi,2016-02-17,64.45568787243155
Delhi,2016-03-01,65.26177212732527
Delhi,2016-03-09,64.25409732985412
Delhi,2016-03-17,64.44311300904293
Delhi,2016-04-05,65.23671236625307
Delhi,2016-04-16,65.74775321963061
Delhi,2016-05-01,64.78855432848235
Delhi,2016-05-17,65.73496929895097
Delhi,2016-06-01,66.47165310983797
Delhi,2016-06-16,67.92536775399653
Delhi,2016-07-01,68.43458392150971
Delhi,2016-07-15,68.56125876171411
Delhi,2016-08-01,69.18423523883455
Delhi,2016-08-15,69.33499571815287
Delhi,2016-09-01,70.33882548202178
Delhi,2016-09-15,71.08082426789684
Delhi,2016-10-01,71.76706463177028
Delhi,2016-10-05,70.64964276595963
Delhi,2016-10-15,71.32562095209893
Delhi,2016-11-06,69.85682907835525
Delhi,2016-11-16,68.64049475424056
Delhi,2016-12-01,67.83309789781725
Delhi,2016-12-17,67.70750358205132
Delhi,2017-01-01,68.60484049188663
Delhi,2017-01-16,68.60472123963511
Delhi,2017-04-01,67.4542035194715
Delhi,2017-04-16,67.79605223225187
Delhi,2017-05-01,66.63254238956436
Delhi,2017-05-16,67.741334849683
Delhi,2017-06-01,69.19590529839134
Delhi,2017-06-16,70.08013762108024
Delhi,2017-06-19,70.30325924357466
Delhi,2017-06-20,70.46443109311286
Delhi,2017-06-21,69.77067748914119
Delhi,2017-06-22,70.40372291448243
Delhi,2017-06-23,70.46089157699267
Delhi,2017-06-26,70.65361376868245
Delhi,2017-06-27,70.7898156680832
Delhi,2017-06-28,70.0700237682886
Delhi,2017-06-29,70.67652403657776
Delhi,2017-06-30,70.70724212752289
Delhi,2017-07-03,70.82736678691718
Delhi,2017-07-04,70.94359534042184
Delhi,2017-07-05,70.20681636255277
Delhi,2017-07-06,70.79973340933654
Delhi,2017-07-07,70.8205973668575
Delhi,2017-07-10,70.93518123212777
Delhi,2017-07-11,71.0575427436336
Delhi,2017-07-12,70.33058133259708
Delhi,2017-07-13,70.93665065659032
Delhi,2017-07-14,70.97355280583191
Delhi,2017-07-17,71.14788945838484
Delhi,2017-07-18,71.29188053632996
Delhi,2017-07-19,70.58625264107133
Delhi,2017-07-20,71.21267162281922
Delhi,2017-07-21,71.26828401529777
Delhi,2017-07-24,71.48326353569742
Delhi,2017-07-25,71.63418046348052
Delhi,2017-07-26,70.93170017901089
Delhi,2017-07-27,71.55738674598126
Delhi,2017-07-28,71.60841161830626
Delhi,2017-07-31,71.7886292797317
Delhi,2017-08-01,71.92225534874785
Delhi,2017-08-02,71.20789677507103
Delhi,2017-08-04,71.85771701918743
Delhi,2017-08-07,72.0009244293174
Delhi,2017-08-08,72.12609581497816
Delhi,2017-08-09,71.39901311446945
Delhi,2017-08-10,72.00249292448959
Delhi,2017-08-11,72.03492025769641
Delhi,2017-08-14,72.19179382386284
Delhi,2017-08-16,71.62350616442895
Delhi,2017-08-17,72.25072193144352
Delhi,2017-08-18,72.3109997691762
Delhi,2017-08-21,72.57033450731721
Delhi,2017-08-22,72.74799271703166
Delhi,2017-08-23,72.0788097242585
Delhi,2017-08-24,72.7444614746173
Delhi,2017-08-28,73.19852369949403
Delhi,2017-08-29,73.40119755557308
Delhi,2017-08-30,72.75236506300962
Delhi,2017-08-31,73.43327727986409
Delhi,2017-09-01,73.54075048302579
Delhi,2017-09-04,73.89354948732358
Delhi,2017-09-05,74.08426739658107
Delhi,2017-09-07,74.07830575056684
Delhi,2017-09-08,74.160732344737
Delhi,2017-09-11,74.42211473794109
Delhi,2017-09-12,74.57936106248579
Delhi,2017-09-13,73.87996690128143
Delhi,2017-09-14,74.50635996637003
Delhi,2017-09-15,74.55657462209733
Delhi,2017-09-19,74.8674164181882
Delhi,2017-09-20,74.14797906271659
Delhi,2017-09-21,74.75733613195851
Delhi,2017-09-22,74.79343191403194
Delhi,2017-09-25,74.94259039288751
Delhi,2017-09-26,75.07127513102934
Delhi,2017-09-27,74.3472272406717
Delhi,2017-09-28,74.95230614649344
Delhi,2017-09-29,74.98383393656468
Delhi,2017-10-03,75.22853255517309
Delhi,2017-10-04,74.48990517713518
Delhi,2017-10-05,75.07713304535633
Delhi,2017-10-06,75.08734367904246
Delhi,2017-10-09,75.13014793753024
Delhi,2017-10-10,75.21260475109922
Delhi,2017-10-11,74.43682128033943
Delhi,2017-10-12,74.98489815879661
Delhi,2017-10-13,74.9546093575849
Delhi,2017-10-16,74.87537794978645
Delhi,2017-10-17,74.91970800573779
Delhi,2017-10-18,74.10846287933569
Delhi,2017-10-25,73.6630905642045
Delhi,2017-10-26,74.18603912487518
Delhi,2017-10-30,74.08033269553599
Delhi,2017-10-31,74.15129343739952
Delhi,2017-11-01,73.37586086011453
Delhi,2017-11-02,73.93594091538942
Delhi,2017-11-03,73.92882616808238
Delhi,2017-11-06,73.97717539844922
Delhi,2017-11-07,74.07913427613471
Delhi,2017-11-09,73.9120500743201
Delhi,2017-11-10,73.92062484120568
Delhi,2017-11-13,73.97578600634226
Delhi,2017-11-14,74.06577942866694
Delhi,2017-11-15,73.29801946679414
Delhi,2017-11-16,73.85387014590749
Delhi,2017-11-17,73.83038682380028
Delhi,2017-11-20,73.75915860749352
Delhi,2017-11-21,73.80011381819054
Delhi,2017-11-22,72.98171623964463
Delhi,2017-11-23,73.48655196366194
Delhi,2017-11-24,73.41293098272344
Delhi,2017-11-27,73.20895592719565
Delhi,2017-11-28,73.21542982346182
Delhi,2017-11-29,72.3691493752602
Delhi,2017-11-30,72.85354258430617
Delhi,2017-12-01,72.76760787788291
Delhi,2017-12-05,72.60978152264978
Delhi,2017-12-06,71.7959349746493
Delhi,2017-12-07,72.32123025666756
Delhi,2017-12-08,72.28409021430944
Delhi,2017-12-11,72.28201126251174
Delhi,2017-12-12,72.3838588432494
Delhi,2017-12-13,71.64493344824481
Delhi,2017-12-15,72.28753225760444
Delhi,2017-12-18,72.5111225400059
Delhi,2017-12-19,72.68225511359834
Delhi,2017-12-20,72.0080746657467
Delhi,2017-12-22,72.7635559384701
Delhi,2017-12-26,73.3041646619222
Delhi,2017-12-27,72.64861816952214
Delhi,2017-12-28,73.32180615599789
Delhi,2017-12-29,73.42057132482991
Delhi,2018-01-01,73.74221035172143
Delhi,2018-01-02,73.92124814570518
Delhi,2018-01-03,73.24345344576223
Delhi,2018-01-05,73.96020011668993
Delhi,2018-01-08,74.18063646266206
Delhi,2018-01-09,74.32303771060536
Delhi,2018-01-10,73.60785358671843
Delhi,2018-01-11,74.21722503541677
Delhi,2018-01-12,74.24885852797098
Delhi,2018-01-15,74.35674422696327
Delhi,2018-01-16,74.46251831660778
Delhi,2018-01-17,73.71130530021017
Delhi,2018-01-18,74.28530834185041
Delhi,2018-01-19,74.28228973872233
Delhi,2018-01-22,74.2911730061986
Delhi,2018-01-23,74.36590479930108
Delhi,2018-01-24,73.584848139816
Delhi,2018-01-25,74.13038522240691
Delhi,2018-01-29,74.0408452245155
Delhi,2018-01-30,74.09773001289392
Delhi,2018-02-01,73.83583101576414
Delhi,2018-02-02,73.79798115966386
Delhi,2018-02-05,73.73818786307069
Delhi,2018-02-06,73.80339611363831
Delhi,2018-02-08,73.57079008895586
Delhi,2018-02-09,73.55364075363939
Delhi,2018-02-12,73.57658860117594
Delhi,2018-02-13,73.67472643863069
Delhi,2018-02-15,73.51239164366058
Delhi,2018-02-16,73.5311545965253
Delhi,2018-02-19,73.6556647092035
Delhi,2018-02-20,73.78300137073543
Delhi,2018-02-21,73.0599483729729
Delhi,2018-02-22,73.66776283432351
Delhi,2018-02-23,73.7021367743791
Delhi,2018-02-26,73.84103858668828
Delhi,2018-02-27,73.96171627994894
Delhi,2018-03-01,73.81636075449777
Delhi,2018-03-02,73.82902218476084
Delhi,2018-03-05,73.87887125314126
Delhi,2018-03-06,73.96458624119609
Delhi,2018-03-09,73.7250091466419
Delhi,2018-03-12,73.68764512894546
Delhi,2018-03-13,73.75346071261372
Delhi,2018-03-15,73.51513057659523
Delhi,2018-03-16,73.49305046201583
Delhi,2018-03-19,73.50232011261716
Delhi,2018-03-20,73.59897756392543
Delhi,2018-03-22,73.44298390277136
Delhi,2018-03-23,73.47095736905247
Delhi,2018-03-26,73.65381040415713
Delhi,2018-03-27,73.8120162498083
Delhi,2018-03-29,73.77642116341164
Delhi,2018-03-30,73.86041693882488
Delhi,2018-04-02,74.17863216885995
Delhi,2018-04-03,74.36720398451321
Delhi,2018-04-05,74.36491775967033
Delhi,2018-04-09,74.71382399909007
Delhi,2018-04-10,74.86469155189621
Delhi,2018-04-12,74.76217620189084
Delhi,2018-04-13,74.78763906769024
Delhi,2018-04-16,74.84455506184402
Delhi,2018-04-19,74.68257020338572
Delhi,2018-04-20,74.64461872875827
Delhi,2018-04-23,74.55232531106427
Delhi,2018-04-24,74.59274192913705
Delhi,2018-05-14,75.07844155016326
Delhi,2018-05-15,75.30920731384803
Delhi,2018-05-16,74.69115680552008
Delhi,2018-05-17,75.4050579826471
Delhi,2018-05-18,75.54727824924437
Delhi,2018-05-21,76.01101488204003
Delhi,2018-05-22,76.23989749907416
Delhi,2018-05-23,75.61259965423743
Delhi,2018-05-24,76.31067764850951
Delhi,2018-05-25,76.43139290997918
Delhi,2018-05-26,77.04955853128332
Delhi,2018-05-27,77.02994600932755
Delhi,2018-05-28,76.80644886667834
Delhi,2018-05-29,77.0011461973868
Delhi,2018-05-31,77.00256463937865
Delhi,2018-06-01,77.08986216264009
Delhi,2018-06-02,77.67645845071345
Delhi,2018-06-03,77.62772938113977
Delhi,2018-06-04,77.37803769387064
Delhi,2018-06-05,77.54978929166039
Delhi,2018-06-06,76.86815281221448
Delhi,2018-06-07,77.5156462330887
Delhi,2018-06-08,77.59026771595579
Delhi,2018-06-09,78.16733263849379
Delhi,2018-06-10,78.11187832659445
Delhi,2018-06-11,77.85783302499568
Delhi,2018-06-12,78.02709179293277
Delhi,2018-06-15,78.0654616432235
Delhi,2018-06-19,78.49033886021613
Delhi,2018-06-21,78.43622370949618
Delhi,2018-06-22,78.48799554424038
Delhi,2018-06-23,79.03899647203939
Delhi,2018-06-24,78.95380473844558
Delhi,2018-06-25,78.66605607909548
Delhi,2018-06-26,78.79753047535951
Delhi,2018-07-05,78.7472357798249
Delhi,2018-07-06,78.75806550626778
Delhi,2018-07-09,78.83825131831968
Delhi,2018-07-10,78.94792537283692
Delhi,2018-07-12,78.80039370538144
Delhi,2018-07-13,78.82358044347048
Delhi,2018-07-16,78.95674536335773
Delhi,2018-07-20,79.02681825352428
Delhi,2018-07-23,79.21067710805
Delhi,2018-07-24,79.35268869334153
Delhi,2018-07-30,79.46620282298579
Delhi,2018-07-31,79.5941772022264
Delhi,2018-08-02,79.4661391507185
Delhi,2018-08-03,79.4899566010237
Delhi,2018-08-06,79.58960657569612
Delhi,2018-08-07,79.69884267625197
Delhi,2018-08-13,79.65007131470409
Delhi,2018-08-16,79.64066353074804
Delhi,2018-08-20,79.8637940958972
Delhi,2018-08-21,80.01739352926627
Delhi,2018-08-24,80.04195569091418
Delhi,2018-08-25,80.62409978753675
Delhi,2018-08-26,80.57761239912344
Delhi,2018-08-27,80.33563723175192
Delhi,2018-08-28,80.51930992186662
Delhi,2018-08-29,79.85251574780659
Delhi,2018-08-30,80.50804505962536
Delhi,2018-08-31,80.59116435403047
Delhi,2018-09-03,80.87653039990022
Delhi,2018-09-04,81.04635797575762
Delhi,2018-09-06,81.00030023718324
Delhi,2018-09-07,81.06325035279792
Delhi,2018-09-10,81.26680643221184
Delhi,2018-09-11,81.40453393293308
Delhi,2018-09-13,81.29144621990736
Delhi,2018-09-14,81.32092252498278
Delhi,2018-09-15,81.84914979505497
Delhi,2018-09-16,81.74140124297593
Delhi,2018-09-17,81.43196097166832
Delhi,2018-09-18,81.54318240523637
Delhi,2018-09-20,81.38555686199354
Delhi,2018-09-21,81.39724910744228
Delhi,2018-09-23,81.79083378368915
Delhi,2018-09-24,81.4718155024537
Delhi,2018-09-25,81.57555254837312
Delhi,2018-09-27,81.40727299533134
Delhi,2018-09-28,81.41466182930577
Delhi,2018-09-30,81.798615235857
Delhi,2018-10-01,81.47303763016458
Delhi,2018-10-02,81.56828212600514
Delhi,2018-10-04,81.37526281324207
Delhi,2018-10-05,81.36564133732185
Delhi,2018-10-06,81.85415963760033
Delhi,2018-10-07,81.70518478587496
Delhi,2018-10-08,81.3521280231195
Delhi,2018-10-09,81.41653936085592
Delhi,2018-10-11,81.1530486511821
Delhi,2018-10-12,81.10471785927955
Delhi,2018-10-13,81.54648810526686
Delhi,2018-10-14,81.3499556214129
Delhi,2018-10-16,80.96690943912053
Delhi,2018-10-18,80.61550959222869
Delhi,2018-10-19,80.52772065925372
Delhi,2018-10-20,80.94057302637385
Delhi,2018-10-22,80.30022059477956
Delhi,2018-10-23,80.3046066548018
Delhi,2018-10-24,79.45858374879681
Delhi,2018-10-25,79.94511735559678
Delhi,2018-10-26,79.86265317792815
Delhi,2018-10-29,79.68644647497116
Delhi,2018-10-30,79.71818934821704
Delhi,2018-11-01,79.42459922484711
Delhi,2018-11-02,79.37887209526573
Delhi,2018-11-05,79.31569107864343
Delhi,2018-11-06,79.38244935771245
Delhi,2018-11-12,79.09487669085286
Delhi,2018-11-13,79.15865608975805
Delhi,2018-11-15,78.8973949049685
Delhi,2018-11-16,78.85044827978736
Delhi,2018-11-19,78.71126630157755
Delhi,2018-11-20,78.72962836218178
Delhi,2018-11-22,78.36956273178683
Delhi,2018-11-23,78.27157862492372
Delhi,2018-11-26,77.9876744971901
Delhi,2018-11-27,77.96469303897041
Delhi,2018-11-28,77.08735704929887
Delhi,2018-11-29,77.53902720418897
Delhi,2018-11-30,77.41866965908697
Delhi,2018-12-01,77.80267659079053
Delhi,2018-12-02,77.55500135697717
Delhi,2018-12-03,77.11305184075606
Delhi,2018-12-04,77.0999922701814
Delhi,2018-12-06,76.72137282019435
Delhi,2018-12-07,76.63759857387973
Delhi,2018-12-10,76.49162601848083
Delhi,2018-12-11,76.54490457710438
Delhi,2018-12-13,76.31139629002737
Delhi,2018-12-17,76.38910127596752
Delhi,2018-12-18,76.51607031162993
Delhi,2018-12-21,76.47233248933034
Delhi,2018-12-24,76.70281569109665
Delhi,2018-12-25,76.86458003797804
Delhi,2018-12-27,76.81533779474555
Delhi,2018-12-28,76.88221535380812
Delhi,2018-12-31,77.11316895649172
Delhi,2019-01-02,76.55701355960313
Delhi,2019-01-04,77.21784512624549
Delhi,2019-01-07,77.35571072009697
Delhi,2019-01-10,77.30987483510086
Delhi,2019-01-11,77.31389706744791
Delhi,2019-01-14,77.33830474796626
Delhi,2019-01-16,76.63659659103845
Delhi,2019-01-17,77.1822567524909
Delhi,2019-01-18,77.15074013833885
Delhi,2019-01-21,77.07298469837174
Delhi,2019-01-22,77.11835199737443
Delhi,2019-01-29,76.63290224852533
Delhi,2019-01-31,76.30349980384739
Delhi,2019-02-01,76.23076338331202
Delhi,2019-02-05,76.08881207601632
Delhi,2019-02-08,75.7211425834088
Delhi,2019-02-11,75.62215037754086
Delhi,2019-02-14,75.43534300067343
Delhi,2019-02-15,75.41376144027049
Delhi,2019-02-18,75.42080727634654
Delhi,2019-02-19,75.51058997178669
Delhi,2019-02-22,75.32417870265904
Delhi,2019-02-25,75.36932971663849
Delhi,2019-02-26,75.46076606182501
Delhi,2019-02-28,75.25938952886678
Delhi,2019-03-01,75.2449967790405
Delhi,2019-03-04,75.21543870924842
Delhi,2019-03-05,75.27461548503183
Delhi,2019-03-11,74.82388063712602
Delhi,2019-03-12,74.85677300505337
Delhi,2019-03-14,74.54828798539023
Delhi,2019-03-15,74.48893716198216
Delhi,2019-03-18,74.37817867225577
Delhi,2019-03-21,74.18918084538372
Delhi,2019-03-22,74.17268375635643
Delhi,2019-03-23,74.66779380763857
Delhi,2019-03-24,74.53956113656311
Delhi,2019-03-28,74.2157367278366
Delhi,2019-04-01,74.46498598371528
Delhi,2019-04-05,74.6131229050877
Delhi,2019-04-08,74.8016546576936
Delhi,2019-04-09,74.93044712003315
Delhi,2019-04-12,74.79207684310758
Delhi,2019-04-15,74.78886203264368
Delhi,2019-04-16,74.84668381899873
Delhi,2019-04-20,74.92953947961108
Delhi,2019-04-22,74.31791814227415
Delhi,2019-04-25,73.98688552853508
Delhi,2019-04-27,74.3418814334818
Delhi,2019-04-30,73.8076522952282
Delhi,2019-05-02,73.5583085693002
Delhi,2019-05-04,74.04453069265479
Delhi,2019-05-05,73.92548378237842
Delhi,2019-05-06,73.62057955853042
Delhi,2019-05-09,73.67528061116818
Delhi,2019-05-10,73.74641984290982
Delhi,2019-05-11,74.33008924429524
Delhi,2019-05-12,74.29003689443037
Delhi,2019-05-13,74.05888547347107
Delhi,2019-05-14,74.25723978095888
Delhi,2019-05-17,74.40802006974577
Delhi,2019-05-18,75.02642255988977
Delhi,2019-05-20,74.79781447687407
Delhi,2019-05-21,75.00439627749608
Delhi,2019-05-23,75.03302824044331
Delhi,2019-05-24,75.13350787782588
Delhi,2019-05-25,75.73173727132959
Delhi,2019-05-26,75.6923007484133
Delhi,2019-05-27,75.44891666469066
Delhi,2019-05-28,75.6235053648298
Delhi,2019-05-30,75.58351058227778
Delhi,2019-05-31,75.64929853044542
Delhi,2019-06-01,76.21375730667233
Delhi,2019-06-02,76.14222763225163
Delhi,2019-06-03,75.86906437696628
Delhi,2019-06-04,76.01669174940987
Delhi,2019-06-06,75.93253435246474
Delhi,2019-06-07,75.98141282539562
Delhi,2019-06-10,76.17452118291985
Delhi,2019-06-13,76.23324093825872
Delhi,2019-06-14,76.2830095447817
Delhi,2019-06-15,76.83509784380507
Delhi,2019-06-16,76.75405286617251
Delhi,2019-06-24,76.70168329394625
Delhi,2019-06-27,76.67810444425865
Delhi,2019-06-28,76.69253988999161
Delhi,2019-06-29,77.20582713059972
Delhi,2019-06-30,77.08305288186648
Delhi,2019-07-01,76.75837584114994
Delhi,2019-07-02,76.8540959197143
Delhi,2019-07-06,77.15871786472876
Delhi,2019-07-09,76.78345342274886
Delhi,2019-07-13,77.11200588048041
Delhi,2019-07-14,76.99213560021178
Delhi,2019-07-15,76.67684426360529
Delhi,2019-07-16,76.78802609179091
Delhi,2019-07-18,76.64545944713872
Delhi,2019-07-23,76.92978725893745
Delhi,2019-07-25,76.80809538339301
Delhi,2019-07-26,76.83863152764859
Delhi,2019-07-27,77.37026049471079
Delhi,2019-07-28,77.26732821434372
Delhi,2019-07-29,76.96323139566651
Delhi,2019-07-30,77.0795096848037
Delhi,2019-08-01,76.9284359034982
Delhi,2019-08-02,76.94062827045965
Delhi,2019-08-03,77.45228884357729
Delhi,2019-08-04,77.32845751740291
Delhi,2019-08-05,77.00326983687299
Delhi,2019-08-06,77.10610090127552
Delhi,2019-08-08,76.93286978665284
Delhi,2019-08-09,76.93778704038611
Delhi,2019-08-11,77.32179942797734
Delhi,2019-08-18,77.40479591506488
Delhi,2019-08-19,77.11376866582913
Delhi,2019-08-24,77.7986468378698
Delhi,2019-08-25,77.73871553227376
Delhi,2019-08-26,77.48413680044399
Delhi,2019-08-27,77.65613459176718
Delhi,2019-08-29,77.63300894969765
Delhi,2019-09-05,78.14401677993345
Delhi,2019-09-06,78.21256226226758
Delhi,2019-09-07,78.77929640945582
Delhi,2019-09-08,78.70875214761168
Delhi,2019-09-10,78.5785186397314
Delhi,2019-09-12,78.47725139920777
Delhi,2019-09-13,78.51210123512381
Delhi,2019-09-14,79.04523044075275
Delhi,2019-09-15,78.94185241648951
Delhi,2019-09-17,78.75065412970604
Delhi,2019-09-18,78.01032527236744
Delhi,2019-09-19,78.597777163607
Delhi,2019-09-20,78.61108444023158
Delhi,2019-09-21,79.1256777594833
Delhi,2019-09-22,79.00674103490459
Delhi,2019-09-23,78.68837153133471
Delhi,2019-09-24,78.79264587917774
Delhi,2019-09-26,78.6255810221695
Delhi,2019-09-27,78.63388430367239
Delhi,2019-09-30,78.69751210545375
Delhi,2019-10-01,78.80385761243177
Delhi,2019-10-03,78.6350218620056
Delhi,2019-10-04,78.63850683814083
Delhi,2019-10-05,79.14078318739394
Delhi,2019-10-07,78.66800086860312
Delhi,2019-10-08,78.74773490506104
Delhi,2019-10-10,78.51571325623185
Delhi,2019-10-11,78.48325200024591
Delhi,2019-10-12,78.94729975422743
Delhi,2019-10-15,78.43229590352621
Delhi,2019-10-22,77.89066282465569
Delhi,2019-10-24,77.55554660057948
Delhi,2019-10-25,77.4836941831567
Delhi,2019-10-26,77.9176827012092
Delhi,2019-10-29,77.37400304502974
Delhi,2019-11-01,77.05753538721612
Delhi,2019-11-02,77.52780244162601
Delhi,2019-11-03,77.37094290716466
Delhi,2019-11-04,77.02036034647628
Delhi,2019-11-05,77.09736891951728
Delhi,2019-11-08,76.87828658834381
Delhi,2019-11-09,77.37278712124352
Delhi,2019-11-10,77.23463591012064
Delhi,2019-11-11,76.89657773027106
Delhi,2019-11-13,76.20680695065732
Delhi,2019-11-14,76.75983688739942
Delhi,2019-11-15,76.73524831278998
Delhi,2019-11-16,77.20728602249551
Delhi,2019-11-17,77.04013761537121
Delhi,2019-11-18,76.66712624906937
Delhi,2019-11-19,76.70980318754846
Delhi,2019-11-22,76.32335345070489
Delhi,2019-11-23,76.74845157023272
Delhi,2019-11-24,76.53461135404935
Delhi,2019-11-25,76.11641559834567
Delhi,2019-11-26,76.11666249658762
Delhi,2019-11-29,75.63110743708451
Delhi,2019-11-30,76.03194680350089
Delhi,2019-12-01,75.80165266434797
Delhi,2019-12-07,75.38541730556422
Delhi,2019-12-08,75.2000535285344
Delhi,2019-12-09,74.8262904267978
Delhi,2019-12-10,74.88655589651616
Delhi,2019-12-12,74.66661171029094
Delhi,2019-12-13,74.66633096354514
Delhi,2019-12-14,75.17993480596071
Delhi,2019-12-15,75.07194129862579
Delhi,2019-12-16,74.77569763991782
Delhi,2019-12-17,74.91247127008025
Delhi,2019-12-19,74.83813988008299
Delhi,2019-12-26,75.35530856362504
Delhi,2019-12-27,75.44435528225655
Delhi,2019-12-29,75.99195058543145
Delhi,2019-12-30,75.74758191154022
Delhi,2019-12-31,75.92334532720166
Delhi,2020-01-02,75.88918184442828
Delhi,2020-01-03,75.95808202187948
Delhi,2020-01-04,76.52475609789748
Delhi,2020-01-05,76.45379885968234
Delhi,2020-01-06,76.17885743376452
Delhi,2020-01-07,76.32170039680244
Delhi,2020-01-08,75.60694803091182
Delhi,2020-01-09,76.21666732187015
Delhi,2020-01-10,76.24904197353085
Delhi,2020-01-11,76.77861350849403
Delhi,2020-01-12,76.67028666692839
Delhi,2020-01-13,76.35796404166992
Delhi,2020-01-14,76.46361860605519
Delhi,2020-01-16,76.28538354426126
Delhi,2020-01-17,76.28142161355873
Delhi,2020-01-18,76.77528734797968
Delhi,2020-01-19,76.63194330049258
Delhi,2020-01-20,76.28534827729818
Delhi,2020-01-21,76.35753904381882
Delhi,2020-01-22,75.57337427717182
Delhi,2020-01-23,76.11514365188897
Delhi,2020-01-24,76.08071845098347
Delhi,2020-01-25,76.54540492177188
Delhi,2020-01-26,76.3743612694828
Delhi,2020-01-27,76.00177433628258
Delhi,2020-01-28,76.0499383074121
Delhi,2020-01-29,75.24399349774382
Delhi,2020-01-30,75.76652824930484
Delhi,2020-01-31,75.71572055716362
Delhi,2020-02-01,76.16718094319185
Delhi,2020-02-02,75.98635783570118
Delhi,2020-02-03,75.6077019209535
Delhi,2020-02-04,75.65373226572657
Delhi,2020-02-05,74.84976274612465
Delhi,2020-02-06,75.37849230259845
Delhi,2020-02-07,75.33813611924482
Delhi,2020-02-08,75.80425970171264
Delhi,2020-02-09,75.64217752483104
Delhi,2020-02-10,75.28611307208304
Delhi,2020-02-11,75.36019893839106
Delhi,2020-02-12,74.58739780445228
Delhi,2020-02-13,75.14990377879565
Delhi,2020-02-14,75.14534536043882
Delhi,2020-02-15,75.64862984504197
Delhi,2020-02-17,75.20598509063133
Delhi,2020-02-18,75.31493235637869
Delhi,2020-02-19,74.57530492117947
Delhi,2020-02-20,75.16852155770364
Delhi,2020-02-21,75.1914714639302
Delhi,2020-02-24,75.30900800914314
Delhi,2020-02-25,75.42670302082149
Delhi,2020-02-26,74.69016814134719
Delhi,2020-02-27,75.28069795684395
Delhi,2020-02-28,75.29520642790025
Delhi,2020-02-29,75.8080969304056
Delhi,2020-03-01,75.68369491146665
Delhi,2020-03-02,75.35543892325765
Delhi,2020-03-03,75.44497210728164
Delhi,2020-03-04,74.67689193425171
Delhi,2020-03-05,75.23336100857176
Delhi,2020-03-06,75.21225536492986
Delhi,2020-03-07,75.68901162310935
Delhi,2020-03-08,75.52903414657241
Delhi,2020-03-09,75.16685860267383
Delhi,2020-03-10,75.22521470315344
Delhi,2020-03-11,74.42974668893454
Delhi,2020-03-12,74.96359515873347
Delhi,2020-03-13,74.92551746977485
Delhi,2020-03-14,75.39170886490321
Delhi,2020-03-15,75.22818622494029
Delhi,2020-03-16,74.87269661006874
Delhi,2020-03-17,74.94546864004084
Delhi,2020-03-18,74.17221649575264
Delhi,2020-03-19,74.73594985633088
Delhi,2020-03-20,74.73509263255703
Delhi,2020-03-21,75.24530773034559
Delhi,2020-03-22,75.13188975008622
Delhi,2020-03-23,74.82892257887934
Delhi,2020-03-24,74.9583449933216
Delhi,2020-03-25,74.244682942734
Delhi,2020-03-26,74.86965197838684
Delhi,2020-03-27,74.93030668313125
Delhi,2020-03-28,75.5008986485293
Delhi,2020-03-29,75.44530407094882
Delhi,2020-03-30,75.19621703291362
Delhi,2020-03-31,75.37425066387478
Delhi,2020-04-01,74.70270391887098
Delhi,2020-04-02,75.3621965263288
Delhi,2020-04-03,75.44884808733617
Delhi,2020-04-04,76.03616206757734
Delhi,2020-04-05,75.98747503602205
Delhi,2020-04-06,75.73516660800676
Delhi,2020-04-07,75.89977180431443
Delhi,2020-04-08,75.2047532219127
Delhi,2020-04-09,75.83113537529348
Delhi,2020-04-10,75.87567715457419
Delhi,2020-04-11,76.41274326389133
Delhi,2020-04-12,76.30673527239544
Delhi,2020-04-13,75.99127816316852
Delhi,2020-04-14,76.08830465783238
Delhi,2020-04-15,75.32279540291171
Delhi,2020-04-16,75.87737817324512
Delhi,2020-04-17,75.85401549746759
Delhi,2020-04-18,76.32517962637614
Delhi,2020-04-20,75.78436992086789
Delhi,2020-04-21,75.83097176222033
Delhi,2020-04-22,75.02300517110115
Delhi,2020-04-23,75.54424427098954
Delhi,2020-04-24,75.49404827944531
Delhi,2020-04-25,75.94917241093366
Delhi,2020-04-26,75.77614344515217
Delhi,2020-04-27,75.41039723344743
Delhi,2020-04-28,75.47532164025854
Delhi,2020-04-29,74.69696402433914
Delhi,2020-04-30,75.25860720671294
Delhi,2020-05-01,75.25889129714488
Delhi,2020-05-02,75.77364346877704
Delhi,2020-05-03,75.66827730811572
Delhi,2020-05-04,75.37695836376069
Delhi,2020-05-05,75.52167863451139
Delhi,2020-05-06,74.8269982592451
Delhi,2020-05-07,75.474657450253
Delhi,2020-05-08,75.56173509857385
Delhi,2020-05-09,76.16251518542862
Delhi,2020-05-10,76.14092168503943
Delhi,2020-05-11,75.92971767939186
Delhi,2020-05-12,76.14961058596309
Delhi,2020-05-13,75.52402100659914
Delhi,2020-05-14,76.23371759026118
Delhi,2020-05-15,76.37499381110679
Delhi,2020-05-16,77.02154740389507
Delhi,2020-05-17,77.03692289432708
Delhi,2020-05-18,76.8537128467598
Delhi,2020-05-19,77.09635488927107
Delhi,2020-05-20,76.4848066918928
Delhi,2020-05-21,77.20025269533748
Delhi,2020-05-22,77.33956789614436
Delhi,2020-05-23,77.97717554584129
Delhi,2020-05-24,77.97746477523097
Delhi,2020-05-25,77.77396452244747
Delhi,2020-05-26,77.98841652858196
Delhi,2020-05-27,77.34550594981047
Delhi,2020-05-28,78.0274531659036
Delhi,2020-05-29,78.13214398506398
Delhi,2020-05-30,78.73496035870939
Delhi,2020-05-31,78.7011734491391
Delhi,2020-06-01,78.46509607123684
Delhi,2020-06-02,78.64913781432604
Delhi,2020-06-03,77.9785218211275
Delhi,2020-06-04,78.6358671066508
Delhi,2020-06-05,78.71931378768285
Delhi,2020-06-06,79.30435337209624
Delhi,2020-06-07,79.25622585205524
Delhi,2020-06-08,79.0090803938441
Delhi,2020-06-09,79.18504258083814
Delhi,2020-06-10,78.50894672780724
Delhi,2020-06-11,79.16293659645487
Delhi,2020-06-12,79.24461125338816
Delhi,2020-06-13,79.82887753348759
Delhi,2020-06-14,79.78037013084835
Delhi,2020-06-15,79.5326353744453
Delhi,2020-06-16,79.70722091820888
Delhi,2020-06-17,79.02842916704516
Delhi,2020-06-18,79.677937123143
Delhi,2020-06-19,79.7529588180369
Delhi,2020-06-20,80.32811130421955
Delhi,2020-06-21,80.26784483976473
Delhi,2020-06-22,80.00563304566816
Delhi,2020-06-23,80.16306510673719
Delhi,2020-06-24,79.46459780103825
Delhi,2020-06-25,80.0921701280732
Delhi,2020-06-26,80.14335690564243
Delhi,2020-06-27,80.69322262510092
Delhi,2020-06-28,80.60673661529226
Delhi,2020-06-29,80.31794579899021
Delhi,2020-06-30,80.44904768803019
Delhi,2020-07-01,79.72512203067598
Delhi,2020-07-02,80.32872454319559
Delhi,2020-07-03,80.35801977038876
Delhi,2020-07-04,80.8886150314459
Delhi,2020-07-05,80.78595713963185
Delhi,2020-07-06,80.48448876969961
Delhi,2020-07-07,80.60670764333696
Delhi,2020-07-08,79.87788738810406
Delhi,2020-07-09,80.48066384861238
Delhi,2020-07-10,80.5131641355307
Delhi,2020-07-11,81.05084049677478
Delhi,2020-07-12,80.95887071066844
Delhi,2020-07-13,80.67132176954652
Delhi,2020-07-15,80.1002847862919
Delhi,2020-07-16,80.72353334478467
Delhi,2020-07-17,80.7774265115078
Delhi,2020-07-18,81.33672387230409
Delhi,2020-07-19,81.26590522087058
Delhi,2020-07-20,80.99835582197335
Delhi,2020-07-21,81.15545757030861
Delhi,2020-07-22,80.46134391811307
Delhi,2020-07-23,81.09752130031777
Delhi,2020-07-24,81.1610332579167
Delhi,2020-07-25,81.72632825678656
Delhi,2020-07-26,81.65769184596306
Delhi,2020-07-27,81.38843893156289
Delhi,2020-07-28,81.54000821934012
Delhi,2020-07-29,80.83671657905688
Delhi,2020-07-30,81.46037605582464
Delhi,2020-07-31,81.50844984165415
Delhi,2020-08-01,82.05590843056027
Delhi,2020-08-02,81.9676469336973
Delhi,2020-08-03,81.67765976013732
Delhi,2020-08-04,81.80811522959368
Delhi,2020-08-05,81.08408845243406
Delhi,2020-08-06,81.68815583554115
Delhi,2020-08-07,81.71852819323342
Delhi,2020-08-08,82.25088436501204
Delhi,2020-08-09,82.1507669873691
Delhi,2020-08-10,81.8527372680579
Delhi,2020-08-11,81.97943192502389
Delhi,2020-08-12,81.25628115605427
Delhi,2020-08-13,81.86609144766277
Delhi,2020-08-14,81.90717055791988
Delhi,2020-08-15,82.45515682529042
Delhi,2020-08-16,82.37541458828991
Delhi,2020-08-17,82.10219258504006
Delhi,2020-08-18,82.25768839774496
Delhi,2020-08-19,81.56677759620227
Delhi,2020-08-20,82.2116110680959
Delhi,2020-08-21,82.28975745073801
Delhi,2020-08-22,82.87605230946957
Delhi,2020-08-23,82.83501526882154
Delhi,2020-08-24,82.60003133206847
Delhi,2020-08-25,82.79243878493166
Delhi,2020-08-26,82.13628165229417
Delhi,2020-08-27,82.81292951467657
Delhi,2020-08-28,82.91924094292109
Delhi,2020-08-29,83.52943158407997
Delhi,2020-08-30,83.5075075547806
Delhi,2020-08-31,83.28645990662035
Delhi,2020-09-01,83.48736218099734
Delhi,2020-09-02,82.8341287477823
Delhi,2020-09-03,83.50813657256303
Delhi,2020-09-04,83.6063866255578
Delhi,2020-09-05,84.20336603848101
Delhi,2020-09-06,84.16347185488605
Delhi,2020-09-07,83.92019243843734
Delhi,2020-09-08,84.09518895781075
Delhi,2020-09-09,83.41303513364896
Delhi,2020-09-10,84.05581845803096
Delhi,2020-09-11,84.12127972342574
Delhi,2020-09-12,84.68465263038016
Delhi,2020-09-13,84.61106500213369
Delhi,2020-09-14,84.3346983519793
Delhi,2020-09-15,84.47784888228249
Delhi,2020-09-16,83.76564871935655
Delhi,2020-09-17,84.38065115356943
Delhi,2020-09-18,84.42095720395207
Delhi,2020-09-19,84.9620456674608
Delhi,2020-09-20,84.86916846889284
Delhi,2020-09-21,84.5765082331685
Delhi,2020-09-22,84.70624121729476
Delhi,2020-09-23,83.98326434532905
Delhi,2020-09-24,84.58978993701987
Delhi,2020-09-25,84.62348515805652
Delhi,2020-09-26,85.15931795665266
Delhi,2020-09-27,85.06197081443668
Delhi,2020-09-28,84.76501866739888
Delhi,2020-09-29,84.89001350680184
Delhi,2020-09-30,84.1612337334912
Delhi,2020-10-01,84.7603011637006
Delhi,2020-10-02,84.78434201984763
Delhi,2020-10-03,85.30785299553814
Delhi,2020-10-04,85.19513308657676
Delhi,2020-10-05,84.87947696606383
Delhi,2020-10-06,84.9822719120763
Delhi,2020-10-07,84.2277559512158
Delhi,2020-10-08,84.79763981048916
Delhi,2020-10-09,84.78926881899625
Delhi,2020-10-10,85.27748577704817
Delhi,2020-10-11,85.12705553580223
Delhi,2020-10-12,84.77184723907997
Delhi,2020-10-13,84.83391652710046
Delhi,2020-10-14,84.03824576659443
Delhi,2020-10-15,84.56734539944017
Delhi,2020-10-16,84.51939313555738
Delhi,2020-10-17,84.97007265960625
Delhi,2020-10-18,84.78497329563845
Delhi,2020-10-19,84.3987473110425
Delhi,2020-10-20,84.43416789684892
Delhi,2020-10-21,83.61684661213616
Delhi,2020-10-22,84.12981407278936
Delhi,2020-10-23,84.07164124305714
Delhi,2020-10-24,84.51826355790723
Delhi,2020-10-25,84.33536978801577
Delhi,2020-10-26,83.95755269140011
Delhi,2020-10-27,84.00736473543037
Delhi,2020-10-28,83.21003779974868
Delhi,2020-10-29,83.7480706350611
Delhi,2020-10-30,83.71936130219844
Delhi,2020-10-31,84.19904655992599
Delhi,2020-11-01,84.05190973490586
Delhi,2020-11-02,83.71155363080435
Delhi,2020-11-03,83.79948117782251
Delhi,2020-11-04,83.03984207159813
Delhi,2020-11-05,83.61404845375851
Delhi,2020-11-06,83.61893609530797
Delhi,2020-11-07,84.1286322685899
Delhi,2020-11-08,84.00699106114588
Delhi,2020-11-09,83.68679193274944
Delhi,2020-11-10,83.78884350709394
Delhi,2020-11-11,83.0367502026982
Delhi,2020-11-12,83.61154419503933
Delhi,2020-11-13,83.60985871012515
Delhi,2020-11-14,84.10580348704134
Delhi,2020-11-15,83.96340293666795
Delhi,2020-11-16,83.61579270058043
Delhi,2020-11-17,83.68431663542091
Delhi,2020-11-18,82.89328199167187
Delhi,2020-11-19,83.4245755686495
Delhi,2020-11-20,83.37581725338748
Delhi,2020-11-21,83.82221229428242
Delhi,2020-11-22,83.62896344173477
Delhi,2020-11-23,83.23043933946678
Delhi,2020-11-24,83.24924192718902
Delhi,2020-11-25,82.4109313942864
Delhi,2020-11-26,82.89861225089948
Delhi,2020-11-27,82.81105770108643
Delhi,2020-11-28,83.22453441686245
Delhi,2020-11-29,83.00518954401946
Delhi,2020-11-30,82.5881969538439
Delhi,2020-12-01,82.59680604696777
Delhi,2020-12-02,81.75705209513804
Delhi,2020-12-03,82.2523320229836
Delhi,2020-12-04,82.18152303103642
Delhi,2020-12-05,82.62080625198462
Delhi,2020-12-06,82.43605723919191
Delhi,2020-12-07,82.06200014731604
Delhi,2020-12-08,82.12126863996001
Delhi,2020-12-09,81.33913213111823
Delhi,2020-12-10,81.89809078748306
Delhi,2020-12-11,81.89601613649808
Delhi,2020-12-12,82.40799885100608
Delhi,2020-12-13,82.29876484212832
Delhi,2020-12-14,82.0018558256679
Delhi,2020-12-15,82.13871669558594
Delhi,2020-12-16,81.43344762264941
Delhi,2020-12-17,82.06742364874647
Delhi,2020-12-18,82.13745801529207
Delhi,2020-12-19,82.71767025651953
Delhi,2020-12-20,82.67191972974713
Delhi,2020-12-21,82.43300038050374
Delhi,2020-12-22,82.62173880939753
Delhi,2020-12-23,81.9617533986089
Delhi,2020-12-24,82.63407721692943
Delhi,2020-12-25,82.73532099808624
Delhi,2020-12-26,83.33953738314813
Delhi,2020-12-27,83.31064735566069
Delhi,2020-12-28,83.081625010667
Delhi,2020-12-29,83.27358314197737
Delhi,2020-12-30,82.61051788302221
Delhi,2020-12-31,83.27391564146689
Mumbai,2002-11-01,32.157832552503045
Mumbai,2002-11-16,32.231812820909255
Mumbai,2003-01-03,31.021731086531126
Mumbai,2003-02-01,31.317443440877287
Mumbai,2003-03-01,30.956280265164533
Mumbai,2003-04-16,30.175152548446174
Mumbai,2003-04-26,30.59480524732239
Mumbai,2003-06-01,33.09633342499349
Mumbai,2003-10-16,37.289298578425615
Mumbai,2003-12-12,34.2406552158912
Mumbai,2004-06-15,37.78853158528051
Mumbai,2004-11-04,40.332430147427296
Mumbai,2004-11-15,40.245588088113706
Mumbai,2005-09-06,45.51551990401016
Mumbai,2006-06-05,45.46549104681616
Mumbai,2006-11-30,47.61994535833051
Mumbai,2007-03-01,47.2054335252743
Mumbai,2008-02-15,51.26248391722063
Mumbai,2008-06-06,53.83265520585859
Mumbai,2008-12-06,55.809613592621474
Mumbai,2009-01-29,56.06116626492042
Mumbai,2010-02-27,60.148557676234006
Mumbai,2010-06-26,63.915746573101146
Mumbai,2010-09-08,65.95998797528918
Mumbai,2010-10-17,66.87910174303714
Mumbai,2010-12-16,63.30799042038376
Mumbai,2011-03-02,63.47839979050385
Mumbai,2011-07-01,67.94884237812732
Mumbai,2011-11-04,69.59636865196592
Mumbai,2011-11-16,68.93511406237675
Mumbai,2012-04-01,68.00499573670459
Mumbai,2012-05-24,69.60966124530118
Mumbai,2012-06-03,70.66584685917293
Mumbai,2012-06-29,71.63676681918366
Mumbai,2012-07-24,71.74967866712132
Mumbai,2012-07-25,71.22337446553782
Mumbai,2012-10-09,73.58611584207091
Mumbai,2012-10-27,72.63592192063851
Mumbai,2012-11-16,71.44314110677321
Mumbai,2013-01-01,70.06333067375256
Mumbai,2013-01-18,70.40458096041694
Mumbai,2013-02-16,69.31586891747058
Mumbai,2013-03-02,69.29768859295991
Mumbai,2013-03-16,68.52226735254405
Mumbai,2013-04-02,68.16456354331548
Mumbai,2013-04-16,68.5223503128861
Mumbai,2013-05-01,67.21620020419742
Mumbai,2013-06-01,70.36139480295061
Mumbai,2013-06-16,71.091638675157
Mumbai,2013-06-29,71.83665621362026
Mumbai,2013-07-15,71.52165875167384
Mumbai,2013-08-01,71.57988807810658
Mumbai,2013-09-01,73.2512568154935
Mumbai,2013-09-14,73.96592080719793
Mumbai,2013-10-01,73.64314369569284
Mumbai,2013-11-01,71.76132795670236
Mumbai,2013-12-21,69.5234334732254
Mumbai,2014-01-04,70.3516264810831
Mumbai,2014-03-01,69.14002514457046
Mumbai,2014-04-01,67.91908094199262
Mumbai,2014-04-16,67.80783740330405
Mumbai,2014-06-07,70.40935358447409
Mumbai,2014-06-25,70.61197742640749
Mumbai,2014-07-01,71.41011711258558
Mumbai,2014-08-01,71.2810120382731
Mumbai,2014-08-15,71.4694760477205
Mumbai,2014-08-31,72.66320564585484
Mumbai,2014-10-01,72.45652557764059
Mumbai,2014-10-15,71.84982118180586
Mumbai,2014-11-01,71.3558392413801
Mumbai,2014-12-01,69.23550676986633
Mumbai,2014-12-16,68.11657916365782
Mumbai,2015-01-17,69.4438087028656
Mumbai,2015-02-01,68.58980119898833
Mumbai,2015-02-04,67.49050415312917
Mumbai,2015-02-16,67.4447085026812
Mumbai,2015-03-01,67.75209690925249
Mumbai,2015-04-02,66.23860268343707
Mumbai,2015-04-15,66.18396946074901
Mumbai,2015-05-01,65.76557057030973
Mumbai,2015-05-16,66.935074945301
Mumbai,2015-06-16,68.58116217333233
Mumbai,2015-07-01,68.8185013107172
Mumbai,2015-07-15,68.72888581577094
Mumbai,2015-08-01,69.62146347547244
Mumbai,2015-08-15,69.8090880266206
Mumbai,2015-09-01,70.34115067192856
Mumbai,2015-11-01,69.35542460692882
Mumbai,2015-11-16,68.4101508572903
Mumbai,2015-12-01,67.25668685857686
Mumbai,2015-12-16,65.53480627050055
Mumbai,2016-01-01,66.58052263723636
Mumbai,2016-01-16,67.42062328287597
Mumbai,2016-02-01,66.19483788211159
Mumbai,2016-02-17,64.88796123019891
Mumbai,2016-03-01,65.50333339127347
Mumbai,2016-03-17,64.59505248372972
Mumbai,2016-04-05,65.03649820842973
Mumbai,2016-04-09,65.5332172926586
Mumbai,2016-04-16,65.57646684629576
Mumbai,2016-05-01,64.93205449194365
Mumbai,2016-05-17,65.76961117442555
Mumbai,2016-06-01,66.5616420125593
Mumbai,2016-06-16,67.76170906629595
Mumbai,2016-07-01,68.7210073771099
Mumbai,2016-07-15,68.75745628042624
Mumbai,2016-08-01,69.06872485556984
Mumbai,2016-08-15,69.4129657004847
Mumbai,2016-09-01,70.37572329221503
Mumbai,2016-09-15,71.21368792510417
Mumbai,2016-10-01,71.68495383666492
Mumbai,2016-10-05,70.77310861032991
Mumbai,2016-10-15,71.20847361258076
Mumbai,2016-11-06,69.91690903783892
Mumbai,2016-11-16,68.82589721948021
Mumbai,2016-12-17,67.64704230883487
Mumbai,2017-01-01,68.49813169264011
Mumbai,2017-01-16,68.6866673048921
Mumbai,2017-02-23,67.31557798740909
Mumbai,2017-04-01,67.04505937183337
Mumbai,2017-04-16,67.57264257842044
Mumbai,2017-05-01,66.52606345018813
Mumbai,2017-05-16,67.57762858191627
Mumbai,2017-06-01,68.91596005957317
Mumbai,2017-06-16,69.74967645641388
Mumbai,2017-06-19,70.01710222035985
Mumbai,2017-06-20,70.1411954646744
Mumbai,2017-06-21,69.68530727087675
Mumbai,2017-06-22,70.17570798656095
Mumbai,2017-06-23,70.30279631970339
Mumbai,2017-06-26,70.57940232432274
Mumbai,2017-06-27,70.68516522304867
Mumbai,2017-06-28,70.20629817070794
Mumbai,2017-06-29,70.66947786275304
Mumbai,2017-06-30,70.76562701993058
Mumbai,2017-07-03,70.93374575563448
Mumbai,2017-07-04,71.00065904076972
Mumbai,2017-07-05,70.48294974272315
Mumbai,2017-07-06,70.9081060502263
Mumbai,2017-07-07,70.96783072944953
Mumbai,2017-07-10,71.04316283231685
Mumbai,2017-07-11,71.08651384100081
Mumbai,2017-07-12,70.54959868382257
Mumbai,2017-07-13,70.96013184324022
Mumbai,2017-07-14,71.00991730121066
Mumbai,2017-07-17,71.08270126788543
Mumbai,2017-07-18,71.13344274575668
Mumbai,2017-07-19,70.60736391354703
Mumbai,2017-07-20,71.03165533339386
Mumbai,2017-07-21,71.09754148157485
Mumbai,2017-07-24,71.22646072549004
Mumbai,2017-07-25,71.29644854942742
Mumbai,2017-07-26,70.78891161591835
Mumbai,2017-07-27,71.23053482748759
Mumbai,2017-07-28,71.3121101508593
Mumbai,2017-07-31,71.47524829174435
Mumbai,2017-08-01,71.55185598979102
Mumbai,2017-08-02,71.05698356481653
Mumbai,2017-08-04,71.59905397073459
Mumbai,2017-08-07,71.77920322956817
Mumbai,2017-08-08,71.86020430430621
Mumbai,2017-08-09,71.36148898762055
Mumbai,2017-08-10,71.81041260186284
Mumbai,2017-08-11,71.89851476835732
Mumbai,2017-08-14,72.08463878723998
Mumbai,2017-08-16,71.68399441679672
Mumbai,2017-08-17,72.14594078761235
Mumbai,2017-08-18,72.25008360479929
Mumbai,2017-08-21,72.50085823549117
Mumbai,2017-08-22,72.61498038948807
Mumbai,2017-08-23,72.15384477613547
Mumbai,2017-08-24,72.64436345204275
Mumbai,2017-08-28,73.11128536628867
Mumbai,2017-08-29,73.2496670601489
Mumbai,2017-08-30,72.81007786298571
Mumbai,2017-08-31,73.31889564303557
Mumbai,2017-09-01,73.46659814081
Mumbai,2017-09-04,73.81846395050921
Mumbai,2017-09-05,73.95364799386928
Mumbai,2017-09-07,74.00256369483584
Mumbai,2017-09-08,74.13348258429464
Mumbai,2017-09-11,74.41241757994153
Mumbai,2017-09-12,74.51729779314607
Mumbai,2017-09-13,74.03743427152412
Mumbai,2017-09-14,74.49990942516291
Mumbai,2017-09-15,74.59601390176955
Mumbai,2017-09-19,74.8427585591442
Mumbai,2017-09-20,74.33161220615463
Mumbai,2017-09-21,74.76474744954324
Mumbai,2017-09-22,74.83368861602744
Mumbai,2017-09-25,74.94100667299824
Mumbai,2017-09-26,74.99504905222511
Mumbai,2017-09-27,74.46797359455502
Mumbai,2017-09-28,74.88690641457521
Mumbai,2017-09-29,74.94303785012633
Mumbai,2017-10-03,75.05915098096685
Mumbai,2017-10-04,74.52018364084293
Mumbai,2017-10-06,74.9681132790699
Mumbai,2017-10-09,74.98855386841944
Mumbai,2017-10-10,75.00998758162898
Mumbai,2017-10-11,74.44784532636127
Mumbai,2017-10-12,74.82905104660094
Mumbai,2017-10-13,74.84472983043116
Mumbai,2017-10-16,74.78185829169958
Mumbai,2017-10-17,74.77553313666667
Mumbai,2017-10-18,74.18653291587452
Mumbai,2017-10-24,74.40297258756947
Mumbai,2017-10-25,73.80815166222985
Mumbai,2017-10-26,74.16263271400473
Mumbai,2017-10-30,74.07946330278959
Mumbai,2017-10-31,74.08335831564328
Mumbai,2017-11-01,73.51222795564367
Mumbai,2017-11-02,73.89321346039203
Mumbai,2017-11-03,73.91746397468557
Mumbai,2017-11-06,73.93023472741969
Mumbai,2017-11-07,73.96379995215001
Mumbai,2017-11-09,73.82686439465822
Mumbai,2017-11-10,73.87312852004985
Mumbai,2017-11-13,73.92587084859181
Mumbai,2017-11-14,73.96249661950633
Mumbai,2017-11-15,73.41669715998857
Mumbai,2017-11-16,73.81473479755286
Mumbai,2017-11-17,73.84707093590143
Mumbai,2017-11-20,73.82669201134853
Mumbai,2017-11-21,73.83004350650995
Mumbai,2017-11-22,73.24759453140456
Mumbai,2017-11-23,73.60640531587046
Mumbai,2017-11-24,73.59781313835165
Mumbai,2017-11-27,73.4539419338847
Mumbai,2017-11-28,73.41915546405421
Mumbai,2017-11-29,72.80168161195776
Mumbai,2017-11-30,73.12947597119958
Mumbai,2017-12-01,73.09469926648686
Mumbai,2017-12-05,72.87261316383228
Mumbai,2017-12-06,72.26180109447446
Mumbai,2017-12-07,72.60366911769545
Mumbai,2017-12-11,72.50968691357224
Mumbai,2017-12-12,72.52199999868992
Mumbai,2017-12-13,71.96413367709458
Mumbai,2017-12-14,72.36339352183698
Mumbai,2017-12-15,72.41107890473076
Mumbai,2017-12-18,72.52646843180138
Mumbai,2017-12-19,72.60542448974758
Mumbai,2017-12-20,72.11335633855788
Mumbai,2017-12-22,72.6860168165195
Mumbai,2017-12-26,73.08839722684299
Mumbai,2017-12-27,72.63609291863757
Mumbai,2017-12-28,73.13358407129284
Mumbai,2017-12-29,73.27116603627562
Mumbai,2018-01-01,73.59854469115942
Mumbai,2018-01-02,73.72717160987875
Mumbai,2018-01-03,73.27379644744094
Mumbai,2018-01-05,73.89079737450129
Mumbai,2018-01-08,74.15596313182621
Mumbai,2018-01-09,74.25592287659049
Mumbai,2018-01-10,73.77054990116677
Mumbai,2018-01-11,74.22662327110412
Mumbai,2018-01-12,74.31510355434668
Mumbai,2018-01-15,74.45613542363158
Mumbai,2018-01-16,74.51206057979198
Mumbai,2018-01-17,73.98191808541155
Mumbai,2018-01-18,74.39283681205234
Mumbai,2018-01-19,74.43612559496499
Mumbai,2018-01-22,74.44486130554156
Mumbai,2018-01-23,74.45896259053364
Mumbai,2018-01-24,73.88873447902641
Mumbai,2018-01-25,74.26167098076115
Mumbai,2018-01-29,74.19003267565479
Mumbai,2018-01-30,74.18201031184688
Mumbai,2018-02-01,73.95314579167689
Mumbai,2018-02-02,73.95194034482431
Mumbai,2018-02-05,73.87450469813109
Mumbai,2018-02-06,73.87687045115821
Mumbai,2018-02-08,73.68272142415611
Mumbai,2018-02-09,73.70533028955899
Mumbai,2018-02-12,73.72027794414343
Mumbai,2018-02-13,73.7585883263997
Mumbai,2018-02-15,73.64004288584006
Mumbai,2018-02-16,73.7007958718992
Mumbai,2018-02-19,73.82200194240427
Mumbai,2018-02-20,73.8903919246514
Mumbai,2018-02-21,73.38090563052273
Mumbai,2018-02-22,73.81970440520567
Mumbai,2018-02-23,73.89704814719755
Mumbai,2018-02-26,74.03371558462118
Mumbai,2018-02-27,74.09517366505413
Mumbai,2018-03-01,73.99280993195137
Mumbai,2018-03-02,74.0460303612453
Mumbai,2018-03-05,74.08388392002342
Mumbai,2018-03-06,74.10618379431622
Mumbai,2018-03-09,73.93442203116997
Mumbai,2018-03-12,73.86456948323945
Mumbai,2018-03-13,73.85919963562579
Mumbai,2018-03-15,73.63733364706742
Mumbai,2018-03-16,73.64141147324654
Mumbai,2018-03-19,73.59248324751772
Mumbai,2018-03-20,73.60991946906323
Mumbai,2018-03-22,73.45608162290321
Mumbai,2018-03-23,73.50427018177241
Mumbai,2018-03-26,73.61779717231816
Mumbai,2018-03-27,73.69574605792614
Mumbai,2018-03-29,73.66482480382362
Mumbai,2018-03-30,73.77269149873345
Mumbai,2018-04-02,74.04209899269192
Mumbai,2018-04-03,74.16023630684154
Mumbai,2018-04-05,74.1860457088079
Mumbai,2018-04-09,74.56680542633005
Mumbai,2018-04-10,74.66221184132044
Mumbai,2018-04-12,74.61697358125508
Mumbai,2018-04-13,74.69330475916465
Mumbai,2018-04-16,74.78016335198535
Mumbai,2018-04-19,74.64296467786438
Mumbai,2018-04-20,74.66037862687074
Mumbai,2018-04-23,74.60197290331801
Mumbai,2018-04-24,74.59318211757706
Mumbai,2018-05-14,75.23177531898737
Mumbai,2018-05-15,75.39959948520551
Mumbai,2018-05-16,74.99078241945051
Mumbai,2018-05-17,75.53095359619145
Mumbai,2018-05-18,75.70991119217189
Mumbai,2018-05-21,76.14948325798264
Mumbai,2018-05-22,76.31057346335132
Mumbai,2018-05-23,75.88697381877601
Mumbai,2018-05-24,76.40512305139657
Mumbai,2018-05-25,76.55577115841652
Mumbai,2018-05-26,77.0443694192226
Mumbai,2018-05-27,77.16667284503272
Mumbai,2018-05-28,76.88374591154924
Mumbai,2018-05-29,77.00272701080819
Mumbai,2018-05-31,77.01293066608943
Mumbai,2018-06-01,77.12360185754979
Mumbai,2018-06-02,77.57504355695418
Mumbai,2018-06-03,77.66387783856241
Mumbai,2018-06-04,77.35189130235428
Mumbai,2018-06-05,77.4467838486149
Mumbai,2018-06-06,76.96191596873697
Mumbai,2018-06-07,77.42510554128914
Mumbai,2018-06-08,77.52822912252319
Mumbai,2018-06-09,77.97758869393078
Mumbai,2018-06-10,78.06949887767139
Mumbai,2018-06-11,77.76528573890816
Mumbai,2018-06-12,77.87205265372894
Mumbai,2018-06-15,78.00617256539935
Mumbai,2018-06-19,78.42717059854405
Mumbai,2018-06-21,78.4644926792668
Mumbai,2018-06-22,78.5826849642697
Mumbai,2018-06-23,79.04343724431533
Mumbai,2018-06-24,79.14180005639271
Mumbai,2018-06-25,78.83799493542193
Mumbai,2018-06-26,78.93821042354702
Mumbai,2018-07-05,79.12085301436893
Mumbai,2018-07-06,79.1745371909332
Mumbai,2018-07-09,79.22700978643411
Mumbai,2018-07-10,79.26101362645504
Mumbai,2018-07-12,79.11332666766869
Mumbai,2018-07-13,79.15122761821401
Mumbai,2018-07-16,79.1842800096932
Mumbai,2018-07-20,79.14051469081515
Mumbai,2018-07-23,79.22530064792151
Mumbai,2018-07-24,79.28109267736518
Mumbai,2018-07-30,79.3838278366665
Mumbai,2018-07-31,79.4492896457799
Mumbai,2018-08-02,79.36823124887486
Mumbai,2018-08-03,79.43942678704825
Mumbai,2018-08-06,79.56317755608158
Mumbai,2018-08-07,79.62507426522211
Mumbai,2018-08-13,79.72601119806598
Mumbai,2018-08-16,79.71820854343645
Mumbai,2018-08-20,79.97494832912164
Mumbai,2018-08-21,80.0640160789125
Mumbai,2018-08-24,80.15194652885974
Mumbai,2018-08-25,80.60877235479221
Mumbai,2018-08-26,80.70945496773845
Mumbai,2018-08-27,80.41454981723138
Mumbai,2018-08-28,80.53043909342793
Mumbai,2018-08-29,80.06911506673738
Mumbai,2018-08-30,80.5474841374539
Mumbai,2018-08-31,80.66559307295213
Mumbai,2018-09-03,80.93390952794172
Mumbai,2018-09-04,81.04292241641159
Mumbai,2018-09-06,81.04170285704308
Mumbai,2018-09-07,81.14849841006337
Mumbai,2018-09-10,81.357652363995
Mumbai,2018-09-11,81.43976818634201
Mumbai,2018-09-13,81.37692833076954
Mumbai,2018-09-14,81.45013934433197
Mumbai,2018-09-15,81.86262324195151
Mumbai,2018-09-16,81.9103623096356
Mumbai,2018-09-17,81.55453524514108
Mumbai,2018-09-18,81.60228137019065
Mumbai,2018-09-20,81.47446625374194
Mumbai,2018-09-21,81.5178262799063
Mumbai,2018-09-23,81.92489311028272
Mumbai,2018-09-24,81.54600190652135
Mumbai,2018-09-25,81.57303479653321
Mumbai,2018-09-27,81.41034653553191
Mumbai,2018-09-28,81.43910170532503
Mumbai,2018-09-30,81.8210326246428
Mumbai,2018-10-01,81.43083822568263
Mumbai,2018-10-02,81.44685553097274
Mumbai,2018-10-04,81.26132096686514
Mumbai,2018-10-05,81.27745850890133
Mumbai,2018-10-06,81.63522100759775
Mumbai,2018-10-07,81.63011377023746
Mumbai,2018-10-08,81.2227832152598
Mumbai,2018-10-09,81.21980658424908
Mumbai,2018-10-11,80.99064942656827
Mumbai,2018-10-12,80.98235419731346
Mumbai,2018-10-13,81.30975609498606
Mumbai,2018-10-14,81.27313776682684
Mumbai,2018-10-16,80.79799346084336
Mumbai,2018-10-18,80.50488220520712
Mumbai,2018-10-19,80.46631928113624
Mumbai,2018-10-20,80.76981690410602
Mumbai,2018-10-22,80.25370200575883
Mumbai,2018-10-23,80.2031670304969
Mumbai,2018-10-24,79.57336724748153
Mumbai,2018-10-25,79.89202813449093
Mumbai,2018-10-26,79.85099119467294
Mumbai,2018-10-29,79.65832179798784
Mumbai,2018-10-30,79.62323300037843
Mumbai,2018-11-01,79.35438001696843
Mumbai,2018-11-02,79.33920191842483
Mumbai,2018-11-05,79.23523044977792
Mumbai,2018-11-06,79.2308895211899
Mumbai,2018-11-12,78.98398608915967
Mumbai,2018-11-13,78.98939212612683
Mumbai,2018-11-15,78.78223269739988
Mumbai,2018-11-16,78.78624875802947
Mumbai,2018-11-19,78.68508028057356
Mumbai,2018-11-20,78.66240551345739
Mumbai,2018-11-22,78.38705235742174
Mumbai,2018-11-23,78.35240650555062
Mumbai,2018-11-26,78.12742000850997
Mumbai,2018-11-27,78.06405182969357
Mumbai,2018-11-28,77.416979591777
Mumbai,2018-11-29,77.71403939862968
Mumbai,2018-11-30,77.64729467208592
Mumbai,2018-12-01,77.92340582998295
Mumbai,2018-12-02,77.83921562568915
Mumbai,2018-12-03,77.35674131004133
Mumbai,2018-12-04,77.28392926815368
Mumbai,2018-12-06,76.93628556543939
Mumbai,2018-12-07,76.88176023537474
Mumbai,2018-12-10,76.67147226411845
Mumbai,2018-12-11,76.63900226924092
Mumbai,2018-12-13,76.38942003366307
Mumbai,2018-12-17,76.36960161742195
Mumbai,2018-12-18,76.40358005264962
Mumbai,2018-12-21,76.35323868758327
Mumbai,2018-12-24,76.50868564996881
Mumbai,2018-12-25,76.59387248134264
Mumbai,2018-12-27,76.56460481178551
Mumbai,2018-12-28,76.66659786172723
Mumbai,2018-12-31,76.89345865761496
Mumbai,2019-01-02,76.50644608033143
Mumbai,2019-01-04,77.06442268923558
Mumbai,2019-01-07,77.24592809756525
Mumbai,2019-01-10,77.23710811617944
Mumbai,2019-01-11,77.29970976264828
Mumbai,2019-01-14,77.36405705529762
Mumbai,2019-01-16,76.83889172544957
Mumbai,2019-01-17,77.22420405391084
Mumbai,2019-01-18,77.24171466264691
Mumbai,2019-01-21,77.17144100100397
Mumbai,2019-01-22,77.15842822478247
Mumbai,2019-01-29,76.67422931147354
Mumbai,2019-01-31,76.37898692251984
Mumbai,2019-02-01,76.34324589301251
Mumbai,2019-02-05,76.12134388801884
Mumbai,2019-02-08,75.83199731039602
Mumbai,2019-02-11,75.72537510232037
Mumbai,2019-02-14,75.52340546812397
Mumbai,2019-02-15,75.5442327724762
Mumbai,2019-02-18,75.54960031551614
Mumbai,2019-02-19,75.5810941950254
Mumbai,2019-02-22,75.48341935404329
Mumbai,2019-02-25,75.52588357849177
Mumbai,2019-02-26,75.55807287815342
Mumbai,2019-02-28,75.39984907124999
Mumbai,2019-03-01,75.42621594031209
Mumbai,2019-03-04,75.38581415524544
Mumbai,2019-03-05,75.38215680997587
Mumbai,2019-03-11,74.97218372025596
Mumbai,2019-03-12,74.93502971618956
Mumbai,2019-03-14,74.64532419926614
Mumbai,2019-03-15,74.61325628762535
Mumbai,2019-03-18,74.4471941934544
Mumbai,2019-03-21,74.1826612615996
Mumbai,2019-03-22,74.18645193811496
Mumbai,2019-03-23,74.54311340978283
Mumbai,2019-03-24,74.54886106800157
Mumbai,2019-03-28,74.07914142389741
Mumbai,2019-04-01,74.29418520432048
Mumbai,2019-04-05,74.42494389370376
Mumbai,2019-04-08,74.59870855625142
Mumbai,2019-04-09,74.66905133029742
Mumbai,2019-04-12,74.63095129514764
Mumbai,2019-04-15,74.65207005308461
Mumbai,2019-04-16,74.66232697113692
Mumbai,2019-04-20,74.76622185733176
Mumbai,2019-04-22,74.29177923577285
Mumbai,2019-04-25,73.97825045359599
Mumbai,2019-04-27,74.2758503543294
Mumbai,2019-04-30,73.81240289036619
Mumbai,2019-05-02,73.61398720579542
Mumbai,2019-05-04,74.0289753792374
Mumbai,2019-05-05,74.06673314211824
Mumbai,2019-05-06,73.71780456965968
Mumbai,2019-05-09,73.75456921306082
Mumbai,2019-05-10,73.8659789391828
Mumbai,2019-05-11,74.3313587419497
Mumbai,2019-05-12,74.44543484003279
Mumbai,2019-05-13,74.16793735380345
Mumbai,2019-05-14,74.30440627047498
Mumbai,2019-05-17,74.53117766034555
Mumbai,2019-05-18,75.0288237707402
Mumbai,2019-05-20,74.90169846284772
Mumbai,2019-05-21,75.04237556120184
Mumbai,2019-05-23,75.09885088792606
Mumbai,2019-05-24,75.2313961160479
Mumbai,2019-05-25,75.7022086132133
Mumbai,2019-05-26,75.80681488766773
Mumbai,2019-05-27,75.5060587404226
Mumbai,2019-05-28,75.60687136142904
Mumbai,2019-05-30,75.57898924383632
Mumbai,2019-05-31,75.66943950201788
Mumbai,2019-06-01,76.09972060994849
Mumbai,2019-06-02,76.16637869393266
Mumbai,2019-06-03,75.83115788458196
Mumbai,2019-06-04,75.90174937726279
Mumbai,2019-06-06,75.82839781847423
Mumbai,2019-06-07,75.90429030329236
Mumbai,2019-06-10,76.05546379106728
Mumbai,2019-06-13,76.0847537606745
Mumbai,2019-06-14,76.17792784852593
Mumbai,2019-06-15,76.6184846786746
Mumbai,2019-06-16,76.70196935663634
Mumbai,2019-06-24,76.79878258547078
Mumbai,2019-06-27,76.84831366475915
Mumbai,2019-06-28,76.93294558570527
Mumbai,2019-06-29,77.35663657158923
Mumbai,2019-06-30,77.4148883457073
Mumbai,2019-07-01,77.06845624481505
Mumbai,2019-07-02,77.1241288681922
Mumbai,2019-07-06,77.43763929358194
Mumbai,2019-07-09,77.09978021808973
Mumbai,2019-07-13,77.31990949684945
Mumbai,2019-07-14,77.32855667158465
Mumbai,2019-07-15,76.93917790173845
Mumbai,2019-07-16,76.95917026092998
Mumbai,2019-07-18,76.79371075397269
Mumbai,2019-07-23,76.89750013603128
Mumbai,2019-07-25,76.77066231455767
Mumbai,2019-07-26,76.82306175288342
Mumbai,2019-07-27,77.22164741175709
Mumbai,2019-07-28,77.26185870390265
Mumbai,2019-07-29,76.90425431461382
Mumbai,2019-07-30,76.9553037917615
Mumbai,2019-08-01,76.84657907890526
Mumbai,2019-08-02,76.90439118075336
Mumbai,2019-08-03,77.30606623431251
Mumbai,2019-08-04,77.34724456000058
Mumbai,2019-08-05,76.9887733192382
Mumbai,2019-08-06,77.04309489728057
Mumbai,2019-08-08,76.9382646229216
Mumbai,2019-08-09,76.99767880031779
Mumbai,2019-08-11,77.44561443043581
Mumbai,2019-08-18,77.59253184861315
Mumbai,2019-08-19,77.25605531416353
Mumbai,2019-08-24,77.8215802491759
Mumbai,2019-08-25,77.90917180674451
Mumbai,2019-08-26,77.60163886262268
Mumbai,2019-08-27,77.70546855569405
Mumbai,2019-08-29,77.70998717443449
Mumbai,2019-09-05,78.21989663185387
Mumbai,2019-09-06,78.33213554812656
Mumbai,2019-09-07,78.78532914650063
Mumbai,2019-09-08,78.87477275743367
Mumbai,2019-09-10,78.650419870241
Mumbai,2019-09-12,78.6027380402606
Mumbai,2019-09-13,78.6835531625116
Mumbai,2019-09-14,79.10352020703627
Mumbai,2019-09-15,79.15852957723254
Mumbai,2019-09-17,78.86404600009033
Mumbai,2019-09-18,78.3344380015877
Mumbai,2019-09-19,78.7482140381209
Mumbai,2019-09-20,78.79688946043885
Mumbai,2019-09-21,79.18651044101975
Mumbai,2019-09-22,79.21324454651965
Mumbai,2019-09-23,78.83837975815695
Mumbai,2019-09-24,78.8690875330115
Mumbai,2019-09-26,78.71294705534278
Mumbai,2019-09-27,78.744722603787
Mumbai,2019-09-30,78.74547106795558
Mumbai,2019-10-01,78.77316210840111
Mumbai,2019-10-03,78.61174518791208
Mumbai,2019-10-04,78.64042307774135
Mumbai,2019-10-05,79.01108749216041
Mumbai,2019-10-07,78.62556243939615
Mumbai,2019-10-08,78.63656559917604
Mumbai,2019-10-10,78.43620915762038
Mumbai,2019-10-11,78.44260500809027
Mumbai,2019-10-12,78.78924320831162
Mumbai,2019-10-15,78.33470551747266
Mumbai,2019-10-22,77.85740397681313
Mumbai,2019-10-24,77.57295351593304
Mumbai,2019-10-25,77.54398120645745
Mumbai,2019-10-26,77.86082610361017
Mumbai,2019-10-29,77.35704815325501
Mumbai,2019-11-01,77.09853708641606
Mumbai,2019-11-02,77.44055575045849
Mumbai,2019-11-03,77.42734794717545
Mumbai,2019-11-04,77.01977301402596
Mumbai,2019-11-05,77.02447616888968
Mumbai,2019-11-08,76.85591006973138
Mumbai,2019-11-09,77.22462920715877
Mumbai,2019-11-10,77.23517671856301
Mumbai,2019-11-11,76.84770627438016
Mumbai,2019-11-13,76.30844397540156
Mumbai,2019-11-14,76.69450764696226
Mumbai,2019-11-15,76.71675307665336
Mumbai,2019-11-16,77.08006171585205
Mumbai,2019-11-17,77.07949593481298
Mumbai,2019-11-18,76.67533105270476
Mumbai,2019-11-19,76.67384888194022
Mumbai,2019-11-22,76.4290633310763
Mumbai,2019-11-23,76.75800468136912
Mumbai,2019-11-24,76.72092366677434
Mumbai,2019-11-25,76.27900311743318
Mumbai,2019-11-26,76.23947994428767
Mumbai,2019-11-29,75.88866200003429
Mumbai,2019-11-30,76.18447482003235
Mumbai,2019-12-01,76.11869563433224
Mumbai,2019-12-07,75.53914986053537
Mumbai,2019-12-08,75.49114211296474
Mumbai,2019-12-09,75.05079665984424
Mumbai,2019-12-10,75.02577868501481
Mumbai,2019-12-12,74.78908448823354
Mumbai,2019-12-13,74.79667367105614
Mumbai,2019-12-14,75.15811789107029
Mumbai,2019-12-15,75.16942261785402
Mumbai,2019-12-16,74.79159155242763
Mumbai,2019-12-17,74.83140458528958
Mumbai,2019-12-19,74.72768404433447
Mumbai,2019-12-26,75.07719681679052
Mumbai,2019-12-27,75.1935911004022
Mumbai,2019-12-29,75.76255150788978
Mumbai,2019-12-30,75.4701211625411
Mumbai,2019-12-31,75.58578576273462
Mumbai,2020-01-02,75.60284978219461
Mumbai,2020-01-03,75.72096724025339
Mumbai,2020-01-04,76.1806373927666
Mumbai,2020-01-05,76.27704828071458
Mumbai,2020-01-06,75.97057704404278
Mumbai,2020-01-07,76.0675666965084
Mumbai,2020-01-08,75.58009998353427
Mumbai,2020-01-09,76.03482077749078
Mumbai,2020-01-10,76.12534805578713
Mumbai,2020-01-11,76.55429031480645
Mumbai,2020-01-12,76.61722046157732
Mumbai,2020-01-13,76.27489664858294
Mumbai,2020-01-14,76.33403702747918
Mumbai,2020-01-16,76.2210690949043
Mumbai,2020-01-17,76.26715041882689
Mumbai,2020-01-18,76.65108701463228
Mumbai,2020-01-19,76.66880057333907
Mumbai,2020-01-20,76.28139749831767
Mumbai,2020-01-21,76.29594556275174
Mumbai,2020-01-22,75.72524840579796
Mumbai,2020-01-23,76.0966679719415
Mumbai,2020-01-24,76.10174903434032
Mumbai,2020-01-25,76.44660597854505
Mumbai,2020-01-26,76.4275261576719
Mumbai,2020-01-27,76.00598034673769
Mumbai,2020-01-28,75.98939531099208
Mumbai,2020-01-29,75.39092307958865
Mumbai,2020-01-30,75.73825711659198
Mumbai,2020-01-31,75.7232496722982
Mumbai,2020-02-01,76.05229068484266
Mumbai,2020-02-02,76.02190278253593
Mumbai,2020-02-03,75.59374319281896
Mumbai,2020-02-04,75.57536788047295
Mumbai,2020-02-05,74.97999283412591
Mumbai,2020-02-06,75.33530302900435
Mumbai,2020-02-07,75.33306368167997
Mumbai,2020-02-08,75.67949448395697
Mumbai,2020-02-09,75.6708616561443
Mumbai,2020-02-10,75.26847887640083
Mumbai,2020-02-11,75.28267947729749
Mumbai,2020-02-12,74.72296063611657
Mumbai,2020-02-13,75.11641883361018
Mumbai,2020-02-14,75.15416253106687
Mumbai,2020-02-15,75.54169701693384
Mumbai,2020-02-17,75.21318352107944
Mumbai,2020-02-18,75.26398319655381
Mumbai,2020-02-19,74.7388331871843
Mumbai,2020-02-20,75.1640533857079
Mumbai,2020-02-21,75.23001719362749
Mumbai,2020-02-24,75.3461115448427
Mumbai,2020-02-25,75.4050886652659
Mumbai,2020-02-26,74.88215093376581
Mumbai,2020-02-27,75.30348973513375
Mumbai,2020-02-28,75.35949318273694
Mumbai,2020-02-29,75.7551542872729
Mumbai,2020-03-01,75.78569493517108
Mumbai,2020-03-02,75.41159582369337
Mumbai,2020-03-03,75.43938700236143
Mumbai,2020-03-04,74.881433269527
Mumbai,2020-03-05,75.26476430320734
Mumbai,2020-03-06,75.28070353255998
Mumbai,2020-03-07,75.63525588575611
Mumbai,2020-03-08,75.62470877844996
Mumbai,2020-03-09,75.21063701490667
Mumbai,2020-03-10,75.20066684704119
Mumbai,2020-03-11,74.6082340919632
Mumbai,2020-03-12,74.96138687822715
Mumbai,2020-03-13,74.95238773979108
Mumbai,2020-03-14,75.28807590828046
Mumbai,2020-03-15,75.26544486539568
Mumbai,2020-03-16,74.85117534240543
Mumbai,2020-03-17,74.84873534699851
Mumbai,2020-03-18,74.2717711904404
Mumbai,2020-03-19,74.64835198717792
Mumbai,2020-03-20,74.67056695531764
Mumbai,2020-03-21,75.04488773912134
Mumbai,2020-03-22,75.06775091696689
Mumbai,2020-03-23,74.70055200137612
Mumbai,2020-03-24,74.75040662548494
Mumbai,2020-03-25,74.2299140644487
Mumbai,2020-03-26,74.66597369798396
Mumbai,2020-03-27,74.74940895206454
Mumbai,2020-03-28,75.18535917313135
Mumbai,2020-03-29,75.26889388982208
Mumbai,2020-03-30,74.96003999123317
Mumbai,2020-03-31,75.06457668910915
Mumbai,2020-04-01,74.59383255741136
Mumbai,2020-04-02,75.0735343946271
Mumbai,2020-04-03,75.19346160305743
Mumbai,2020-04-04,75.65786573434453
Mumbai,2020-04-05,75.76110891356521
Mumbai,2020-04-06,75.46271101012489
Mumbai,2020-04-07,75.56815986245502
Mumbai,2020-04-08,75.08871840563539
Mumbai,2020-04-09,75.55027813241291
Mumbai,2020-04-10,75.64301240561161
Mumbai,2020-04-11,76.07178923991182
Mumbai,2020-04-12,76.13179738094935
Mumbai,2020-04-13,75.78357581092648
Mumbai,2020-04-14,75.83380138815151
Mumbai,2020-04-15,75.29506900031016
Mumbai,2020-04-16,75.69471430965824
Mumbai,2020-04-17,75.72738964481167
Mumbai,2020-04-18,76.09657204800013
Mumbai,2020-04-20,75.69681453614395
Mumbai,2020-04-21,75.69809923799224
Mumbai,2020-04-22,75.11683579787955
Mumbai,2020-04-23,75.4815884550389
Mumbai,2020-04-24,75.48511501041678
Mumbai,2020-04-25,75.83471808801511
Mumbai,2020-04-26,75.82781309101145
Mumbai,2020-04-27,75.4269044442689
Mumbai,2020-04-28,75.44032617337386
Mumbai,2020-04-29,74.88198238748207
Mumbai,2020-04-30,75.2801387450807
Mumbai,2020-05-01,75.32701995721244
Mumbai,2020-05-02,75.72917433058149
Mumbai,2020-05-03,75.78306037480864
Mumbai,2020-05-04,75.45004657987717
Mumbai,2020-05-05,75.53717980321397
Mumbai,2020-05-06,75.05695711409473
Mumbai,2020-05-07,75.53615136511911
Mumbai,2020-05-08,75.66544466771253
Mumbai,2020-05-09,76.14982985154589
Mumbai,2020-05-10,76.2842339891311
Mumbai,2020-05-11,76.0285541531699
Mumbai,2020-05-12,76.18845993693506
Mumbai,2020-05-13,75.77519672942259
Mumbai,2020-05-14,76.31443923479672
Mumbai,2020-05-15,76.49594872887732
Mumbai,2020-05-16,77.02399356200637
Mumbai,2020-05-17,77.19298654726916
Mumbai,2020-05-18,76.96252909861246
Mumbai,2020-05-19,77.13851245331173
Mumbai,2020-05-20,76.73203016005999
Mumbai,2020-05-21,77.26911107152073
Mumbai,2020-05-22,77.44006701290445
Mumbai,2020-05-23,77.94989486090272
Mumbai,2020-05-24,78.09389125559878
Mumbai,2020-05-25,77.83267046156146
Mumbai,2020-05-26,77.9729404924613
Mumbai,2020-05-27,77.52727229296076
Mumbai,2020-05-28,78.02291246400078
Mumbai,2020-05-29,78.15139418718675
Mumbai,2020-05-30,78.61890715405795
Mumbai,2020-05-31,78.72188153327606
Mumbai,2020-06-01,78.42197729333573
Mumbai,2020-06-02,78.52683472685162
Mumbai,2020-06-03,78.04982161305632
Mumbai,2020-06-04,78.51882804199487
Mumbai,2020-06-05,78.62586397429007
Mumbai,2020-06-06,79.07742063120774
Mumbai,2020-06-07,79.17005090110075
Mumbai,2020-06-08,78.86536009438944
Mumbai,2020-06-09,78.97076277026983
Mumbai,2020-06-10,78.49924081652435
Mumbai,2020-06-11,78.97815342683788
Mumbai,2020-06-12,79.09885355852775
Mumbai,2020-06-13,79.5670713775984
Mumbai,2020-06-14,79.6785192099772
Mumbai,2020-06-15,79.393908604027
Mumbai,2020-06-16,79.51973446179929
Mumbai,2020-06-17,79.06806063770591
Mumbai,2020-06-18,79.56535687172645
Mumbai,2020-06-19,79.70214088982497
Mumbai,2020-06-20,80.18338547615194
Mumbai,2020-06-21,80.30414440065847
Mumbai,2020-06-22,80.02458725621132
Mumbai,2020-06-23,80.15079771043929
Mumbai,2020-06-24,79.6945692290802
Mumbai,2020-06-25,80.18224791473948
Mumbai,2020-06-26,80.30437619404535
Mumbai,2020-06-27,80.76609718287968
Mumbai,2020-06-28,80.86277376096406
Mumbai,2020-06-29,80.55501267422628
Mumbai,2020-06-30,80.64944854217748
Mumbai,2020-07-01,80.1585222947549
Mumbai,2020-07-02,80.60930423106905
Mumbai,2020-07-03,80.69311604576856
Mumbai,2020-07-04,81.1159123109693
Mumbai,2020-07-05,81.17387612932237
Mumbai,2020-07-06,80.82841996672855
Mumbai,2020-07-07,80.88694721781474
Mumbai,2020-07-08,80.36260967062317
Mumbai,2020-07-09,80.78311165303704
Mumbai,2020-07-10,80.84031572804246
Mumbai,2020-07-11,81.24061086416653
Mumbai,2020-07-12,81.28049814018371
Mumbai,2020-07-13,80.92158523237944
Mumbai,2020-07-15,80.44287592661642
Mumbai,2020-07-16,80.86370738705746
Mumbai,2020-07-17,80.92541727231809
Mumbai,2020-07-18,81.33400973216689
Mumbai,2020-07-19,81.38551542326012
Mumbai,2020-07-20,81.04100246951867
Mumbai,2020-07-21,81.10735365454006
Mumbai,2020-07-22,80.59704445324209
Mumbai,2020-07-23,81.03697198594486
Mumbai,2020-07-24,81.11808894529858
Mumbai,2020-07-25,81.54580251373416
Mumbai,2020-07-26,81.6155923581735
Mumbai,2020-07-27,81.28803794390717
Mumbai,2020-07-28,81.36960984092548
Mumbai,2020-07-29,80.87245922400669
Mumbai,2020-07-30,81.32325532841587
Mumbai,2020-07-31,81.4128246834759
Mumbai,2020-08-01,81.84655201310723
Mumbai,2020-08-02,81.91999686371652
Mumbai,2020-08-03,81.59391627740574
Mumbai,2020-08-04,81.67504835891481
Mumbai,2020-08-05,81.17589120587836
Mumbai,2020-08-06,81.62352731668022
Mumbai,2020-08-07,81.70924772360831
Mumbai,2020-08-08,82.13893622532284
Mumbai,2020-08-09,82.20866830843906
Mumbai,2020-08-10,81.87971563361928
Mumbai,2020-08-11,81.95931150321304
Mumbai,2020-08-12,81.46041234224423
Mumbai,2020-08-13,81.91050584613544
Mumbai,2020-08-14,82.00122054253053
Mumbai,2020-08-15,82.43869758656778
Mumbai,2020-08-16,82.5191797572415
Mumbai,2020-08-17,82.20400882961933
Mumbai,2020-08-18,82.3003869519921
Mumbai,2020-08-19,81.82113717878073
Mumbai,2020-08-20,82.29351383526057
Mumbai,2020-08-21,82.4088173876581
Mumbai,2020-08-22,82.87277447041886
Mumbai,2020-08-23,82.98113778249544
Mumbai,2020-08-24,82.69469669146545
Mumbai,2020-08-25,82.82005376911124
Mumbai,2020-08-26,82.36940194686943
Mumbai,2020-08-27,82.86935246198085
Mumbai,2020-08-28,83.01056773554453
Mumbai,2020-08-29,83.49815929081413
Mumbai,2020-08-30,83.62730488562492
Mumbai,2020-08-31,83.35827518157765
Mumbai,2020-09-01,83.49722469471611
Mumbai,2020-09-02,83.05598128877124
Mumbai,2020-09-03,83.56088401904468
Mumbai,2020-09-04,83.70242318030033
Mumbai,2020-09-05,84.18564246293879
Mumbai,2020-09-06,84.30575727662522
Mumbai,2020-09-07,84.02317954202326
Mumbai,2020-09-08,84.14430376626107
Mumbai,2020-09-09,83.68128882474976
Mumbai,2020-09-10,84.16088550418304
Mumbai,2020-09-11,84.27406398452952
Mumbai,2020-09-12,84.72640155608977
Mumbai,2020-09-13,84.81368507814733
Mumbai,2020-09-14,84.49691896864203
Mumbai,2020-09-15,84.58309405614983
Mumbai,2020-09-16,84.0849522432344
Mumbai,2020-09-17,84.5297975573207
Mumbai,2020-09-18,84.60910826732223
Mumbai,2020-09-19,85.0289108262624
Mumbai,2020-09-20,85.08537056037086
Mumbai,2020-09-21,84.73979024531056
Mumbai,2020-09-22,84.79937217860709
Mumbai,2020-09-23,84.27697889347272
Mumbai,2020-09-24,84.69994319864531
Mumbai,2020-09-25,84.75968224013289
Mumbai,2020-09-26,85.162076271473
Mumbai,2020-09-27,85.20306689033012
Mumbai,2020-09-28,84.8436656355191
Mumbai,2020-09-29,84.89072823038818
Mumbai,2020-09-30,84.35672922813133
Mumbai,2020-10-01,84.76858729924358
Mumbai,2020-10-02,84.81729537143352
Mumbai,2020-10-03,85.20831579662278
Mumbai,2020-10-04,85.23719478006832
Mumbai,2020-10-05,84.86458644801398
Mumbai,2020-10-06,84.89704134313415
Mumbai,2020-10-07,84.34679364260484
Mumbai,2020-10-08,84.74059692872906
Mumbai,2020-10-09,84.76936237478745
Mumbai,2020-10-10,85.13855924687645
Mumbai,2020-10-11,85.14383176495328
Mumbai,2020-10-12,84.74602259605882
Mumbai,2020-10-13,84.75195775721961
Mumbai,2020-10-14,84.17422730369465
Mumbai,2020-10-15,84.5400118037039
Mumbai,2020-10-16,84.54070871932257
Mumbai,2020-10-17,84.8823189296453
Mumbai,2020-10-18,84.86104784363323
Mumbai,2020-10-19,84.43831183667858
Mumbai,2020-10-20,84.42150529311027
Mumbai,2020-10-21,83.82376316365547
Mumbai,2020-10-22,84.17276958541612
Mumbai,2020-10-23,84.1603672273709
Mumbai,2020-10-24,84.4929281216163
Mumbai,2020-10-25,84.46694091714546
Mumbai,2020-10-26,84.04400573019642
Mumbai,2020-10-27,84.03159225087259
Mumbai,2020-10-28,83.44279631858458
Mumbai,2020-10-29,83.80514573421856
Mumbai,2020-10-30,83.8102101022879
Mumbai,2020-10-31,84.16397549925226
Mumbai,2020-11-01,84.16243884489168
Mumbai,2020-11-02,83.76661299629914
Mumbai,2020-11-03,83.78329797905714
Mumbai,2020-11-04,83.22485323914758
Mumbai,2020-11-05,83.61802127939738
Mumbai,2020-11-06,83.65355700607786
Mumbai,2020-11-07,84.03662306343978
Mumbai,2020-11-08,84.06240547862856
Mumbai,2020-11-09,83.69114006147252
Mumbai,2020-11-10,83.72890439443351
Mumbai,2020-11-11,83.18740972868748
Mumbai,2020-11-12,83.59284261066709
Mumbai,2020-11-13,83.63551006801771
Mumbai,2020-11-14,84.02024819318859
Mumbai,2020-11-15,84.0420480765673
Mumbai,2020-11-16,83.66108924280013
Mumbai,2020-11-17,83.6835352220493
Mumbai,2020-11-18,83.12132546184765
Mumbai,2020-11-19,83.50101338935029
Mumbai,2020-11-20,83.51340453463008
Mumbai,2020-11-21,83.86395472840054
Mumbai,2020-11-22,83.84838258973544
Mumbai,2020-11-23,83.42768680182604
Mumbai,2020-11-24,83.40892322289008
Mumbai,2020-11-25,82.80497651247805
Mumbai,2020-11-26,83.1433766033036
Mumbai,2020-11-27,83.11591448092058
Mumbai,2020-11-28,83.42901785220617
Mumbai,2020-11-29,83.37934148614897
Mumbai,2020-11-30,82.92876327770472
Mumbai,2020-12-01,82.88514160451837
Mumbai,2020-12-02,82.26206913528317
Mumbai,2020-12-03,82.58767384199113
Mumbai,2020-12-04,82.5542220329625
Mumbai,2020-12-05,82.86848426618691
Mumbai,2020-12-06,82.82731912226257
Mumbai,2020-12-07,82.39266599685773
Mumbai,2020-12-08,82.37230250318241
Mumbai,2020-12-09,81.77960157669516
Mumbai,2020-12-10,82.14233888370245
Mumbai,2020-12-11,82.15230512201748
Mumbai,2020-12-12,82.5156837741229
Mumbai,2020-12-13,82.52864893261838
Mumbai,2020-12-14,82.15237394904928
Mumbai,2020-12-15,82.19380605128066
Mumbai,2020-12-16,81.66544155293995
Mumbai,2020-12-17,82.09415177841326
Mumbai,2020-12-18,82.17081381763364
Mumbai,2020-12-19,82.60070621481032
Mumbai,2020-12-20,82.67912378468472
Mumbai,2020-12-21,82.36640192275361
Mumbai,2020-12-22,82.46870522130244
Mumbai,2020-12-23,81.9978147409659
Mumbai,2020-12-24,82.47996385301295
Mumbai,2020-12-25,82.60547662790715
Mumbai,2020-12-26,83.0791688068614
Mumbai,2020-12-27,83.19596555336238
Mumbai,2020-12-28,82.91592642264779
Mumbai,2020-12-29,83.0450324958948
Mumbai,2020-12-30,82.59497022060349
Mumbai,2020-12-31,83.09196211267324
Bangalore,2002-11-01,32.45220925906717
Bangalore,2002-12-01,31.696480639682598
Bangalore,2003-01-03,31.746937774126188
Bangalore,2003-02-01,31.620712116132857
Bangalore,2003-03-16,30.739664553984955
Bangalore,2003-04-16,30.75304578081159
Bangalore,2003-05-16,31.248954237926327
Bangalore,2003-06-01,33.4662135398541
Bangalore,2003-10-16,37.601630117272954
Bangalore,2003-12-31,35.06710691606407
Bangalore,2004-06-15,37.96723220017669
Bangalore,2004-11-04,40.60957206061808
Bangalore,2005-04-01,38.721502760421764
Bangalore,2005-09-06,45.61798779050988
Bangalore,2006-06-20,46.532020309080224
Bangalore,2007-02-16,47.153133313664995
Bangalore,2007-05-16,47.24354010364923
Bangalore,2008-02-15,51.28796925345648
Bangalore,2008-06-06,53.875441318289134
Bangalore,2008-12-06,55.74899605147564
Bangalore,2009-07-02,59.51104719356321
Bangalore,2010-02-27,60.039511190029195
Bangalore,2010-06-26,63.79917877165534
Bangalore,2010-09-21,67.03953622094818
Bangalore,2010-10-17,66.94160929460315
Bangalore,2010-12-16,63.132110947759266
Bangalore,2011-05-15,64.65618600761746
Bangalore,2011-07-01,67.7265292243493
Bangalore,2011-11-04,69.52223504299413
Bangalore,2011-12-01,68.31620527330473
Bangalore,2012-04-01,68.14228437872603
Bangalore,2012-05-24,69.43771985621397
Bangalore,2012-06-03,70.63897654108962
Bangalore,2012-06-29,71.378698697761
Bangalore,2012-07-24,71.71334015565402
Bangalore,2012-07-25,71.11096519491154
Bangalore,2012-10-09,73.60309106664897
Bangalore,2012-10-27,72.57150529581689
Bangalore,2012-11-16,71.59101634927482
Bangalore,2013-01-01,70.42998824683006
Bangalore,2013-01-18,70.44920657948634
Bangalore,2013-02-16,69.26749169849342
Bangalore,2013-03-02,69.14649606467616
Bangalore,2013-03-16,68.49456057884723
Bangalore,2013-04-02,68.30793861190577
Bangalore,2013-04-16,68.85593498907639
Bangalore,2013-05-01,67.28696259091335
Bangalore,2013-06-01,70.38301049384681
Bangalore,2013-06-16,71.07125783260982
Bangalore,2013-06-29,71.73316612422661
Bangalore,2013-07-15,71.4156687954262
Bangalore,2013-08-01,71.68132905316517
Bangalore,2013-09-01,73.21477048628972
Bangalore,2013-09-14,73.99945072682908
Bangalore,2013-10-01,73.76972737397469
Bangalore,2013-11-01,71.75344403719106
Bangalore,2013-12-21,69.64180868136636
Bangalore,2014-01-04,70.86694116570433
Bangalore,2014-03-01,69.07813692201927
Bangalore,2014-04-01,68.13310032178367
Bangalore,2014-04-16,68.1428124767371
Bangalore,2014-06-07,70.51741662320741
Bangalore,2014-06-25,70.47024583535656
Bangalore,2014-07-01,71.36170702448746
Bangalore,2014-08-01,71.43033551502359
Bangalore,2014-08-15,71.55000925303011
Bangalore,2014-08-31,72.68179314623563
Bangalore,2014-10-01,72.5360958568846
Bangalore,2014-10-15,71.85507143439648
Bangalore,2014-11-01,71.43377716722978
Bangalore,2014-12-01,69.19164362839871
Bangalore,2014-12-16,68.01669280487293
Bangalore,2015-01-17,69.66829449782189
Bangalore,2015-02-04,67.38059786912925
Bangalore,2015-02-06,67.75812395129346
Bangalore,2015-02-16,67.34197555739122
Bangalore,2015-03-01,67.68205338918656
Bangalore,2015-04-02,66.39671517479502
Bangalore,2015-04-15,66.44144366615393
Bangalore,2015-05-01,65.91809339024023
Bangalore,2015-05-16,66.86042622118741
Bangalore,2015-06-16,68.47932663203935
Bangalore,2015-07-01,68.57504754744484
Bangalore,2015-07-15,68.57629939177474
Bangalore,2015-08-01,69.72781531888175
Bangalore,2015-08-15,69.85081587975426
Bangalore,2015-09-01,70.17673118496661
Bangalore,2015-11-01,69.35588995354726
Bangalore,2015-11-16,68.50247354169437
Bangalore,2015-12-01,67.18275869309622
Bangalore,2015-12-16,65.23479580989635
Bangalore,2016-01-01,66.87439300873426
Bangalore,2016-01-16,67.57525776163416
Bangalore,2016-02-01,65.97857941281302
Bangalore,2016-02-17,64.6561400324162
Bangalore,2016-03-01,65.25964484040475
Bangalore,2016-03-17,64.4889278829795
Bangalore,2016-04-05,65.18380226454923
Bangalore,2016-04-16,65.90852400748335
Bangalore,2016-05-01,65.11670730890955
Bangalore,2016-05-17,65.61567513661815
Bangalore,2016-06-01,66.43063290758249
Bangalore,2016-06-16,67.63424279815527
Bangalore,2016-07-01,68.53656157376815
Bangalore,2016-07-15,68.67877052139563
Bangalore,2016-08-01,69.09219919833211
Bangalore,2016-08-15,69.37067063071737
Bangalore,2016-09-01,70.25513570424042
Bangalore,2016-09-15,71.21547005427121
Bangalore,2016-10-01,71.85337976701571
Bangalore,2016-10-05,70.81544644216021
Bangalore,2016-10-15,71.30836257593572
Bangalore,2016-11-06,70.10889170405396
Bangalore,2016-11-16,69.02002744485449
Bangalore,2016-12-01,68.17225453066126
Bangalore,2016-12-17,67.65340091680486
Bangalore,2017-01-01,69.05325041580929
Bangalore,2017-01-16,68.86726828838233
Bangalore,2017-03-07,67.25803578921843
Bangalore,2017-04-01,67.35232867338708
Bangalore,2017-04-16,68.1225458624104
Bangalore,2017-05-01,66.75757586722304
Bangalore,2017-05-16,67.60968017185174
Bangalore,2017-06-01,69.04812443423907
Bangalore,2017-06-16,69.78698922098646
Bangalore,2017-06-19,69.98727872922473
Bangalore,2017-06-20,70.17451741527537
Bangalore,2017-06-21,69.62622354350954
Bangalore,2017-06-22,70.18943931952094
Bangalore,2017-06-23,70.28877101269563
Bangalore,2017-06-26,70.5126818870415
Bangalore,2017-06-27,70.68869779099076
Bangalore,2017-06-28,70.12462559270521
Bangalore,2017-06-29,70.66778064952314
Bangalore,2017-06-30,70.74317373795009
Bangalore,2017-07-03,70.87769821022398
Bangalore,2017-07-04,71.02037717228382
Bangalore,2017-07-05,70.42248599026468
Bangalore,2017-07-06,70.93214186063402
Bangalore,2017-07-07,70.97514248601885
Bangalore,2017-07-10,71.02629292001406
Bangalore,2017-07-11,71.14779032187081
Bangalore,2017-07-12,70.53277768440735
Bangalore,2017-07-13,71.02964912497823
Bangalore,2017-07-14,71.06435085560496
Bangalore,2017-07-17,71.1170517423325
Bangalore,2017-07-18,71.24710472456586
Bangalore,2017-07-19,70.64399967665507
Bangalore,2017-07-20,71.15559145332516
Bangalore,2017-07-21,71.2072186284288
Bangalore,2017-07-24,71.31725384141195
Bangalore,2017-07-25,71.46633284027786
Bangalore,2017-07-26,70.88112774124767
Bangalore,2017-07-27,71.40891808261726
Bangalore,2017-07-28,71.47454273320791
Bangalore,2017-07-31,71.6098010754698
Bangalore,2017-08-01,71.76105906520989
Bangalore,2017-08-04,71.7788836944233
Bangalore,2017-08-07,71.90330139527991
Bangalore,2017-08-08,72.04870542579803
Bangalore,2017-08-09,71.45658664528116
Bangalore,2017-08-10,71.97503701603914
Bangalore,2017-08-11,72.02981564113529
Bangalore,2017-08-14,72.13366969689133
Bangalore,2017-08-16,71.68913076617837
Bangalore,2017-08-17,72.21443779167691
Bangalore,2017-08-18,72.28011428038864
Bangalore,2017-08-21,72.44028564292417
Bangalore,2017-08-22,72.6107784885937
Bangalore,2017-08-23,72.05029959496507
Bangalore,2017-08-24,72.60662346083932
Bangalore,2017-08-28,72.96633311020902
Bangalore,2017-08-29,73.1690984758004
Bangalore,2017-08-30,72.63894497930487
Bangalore,2017-08-31,73.22296207131839
Bangalore,2017-09-01,73.34577392973054
Bangalore,2017-09-04,73.65581828139864
Bangalore,2017-09-05,73.86543410705178
Bangalore,2017-09-07,73.91794389136838
Bangalore,2017-09-08,74.03263086894277
Bangalore,2017-09-11,74.29126706562073
Bangalore,2017-09-12,74.47604958562859
Bangalore,2017-09-13,73.91989098795585
Bangalore,2017-09-14,74.47044092703179
Bangalore,2017-09-15,74.5530231323089
Bangalore,2017-09-19,74.86158339758093
Bangalore,2017-09-20,74.27276855796654
Bangalore,2017-09-21,74.79194777037695
Bangalore,2017-09-22,74.84473900677351
Bangalore,2017-09-25,74.93140621583817
Bangalore,2017-09-26,75.06279426030785
Bangalore,2017-09-27,74.4558106582522
Bangalore,2017-09-28,74.95824436175526
Bangalore,2017-09-29,74.9954099417413
Bangalore,2017-10-03,75.14448512765811
Bangalore,2017-10-04,74.51922063544943
Bangalore,2017-10-05,75.00222799427412
Bangalore,2017-10-06,75.01853359969132
Bangalore,2017-10-09,74.98074502047405
Bangalore,2017-10-10,75.0667337623802
Bangalore,2017-10-11,74.41191957770097
Bangalore,2017-10-12,74.86400548622545
Bangalore,2017-10-13,74.84837273392776
Bangalore,2017-10-16,74.71351586474628
Bangalore,2017-10-17,74.76869168266167
Bangalore,2017-10-18,74.08493173387593
Bangalore,2017-10-24,74.34364309816132
Bangalore,2017-10-25,73.6610668287929
Bangalore,2017-10-26,74.09379239953594
Bangalore,2017-10-30,73.96110213415511
Bangalore,2017-10-31,74.04550990276373
Bangalore,2017-11-01,73.4004509022537
Bangalore,2017-11-02,73.87365249230687
Bangalore,2017-11-03,73.89026149410836
Bangalore,2017-11-06,73.91251351880496
Bangalore,2017-11-07,74.03673965432402
Bangalore,2017-11-09,73.93305019503008
Bangalore,2017-11-10,73.97595964986787
Bangalore,2017-11-13,74.03589666760357
Bangalore,2017-11-14,74.15698660345895
Bangalore,2017-11-15,73.53675214119954
Bangalore,2017-11-16,74.02182466294641
Bangalore,2017-11-17,74.03653888825903
Bangalore,2017-11-20,73.96719360853561
Bangalore,2017-11-21,74.0328549394137
Bangalore,2017-11-22,73.3527402677004
Bangalore,2017-11-23,73.77472789538655
Bangalore,2017-11-24,73.72450864259872
Bangalore,2017-11-27,73.46382958694032
Bangalore,2017-11-28,73.47182296315972
Bangalore,2017-11-29,72.73950441979247
Bangalore,2017-11-30,73.11608634167699
Bangalore,2017-12-05,72.72501263326753
Bangalore,2017-12-06,72.00765474971038
Bangalore,2017-12-07,72.41067968438233
Bangalore,2017-12-08,72.36080411207566
Bangalore,2017-12-11,72.22156024850258
Bangalore,2017-12-12,72.30971988749056
Bangalore,2017-12-13,71.67620981376498
Bangalore,2017-12-15,72.21326758413083
Bangalore,2017-12-18,72.36804347169509
Bangalore,2017-12-19,72.55286528456425
Bangalore,2017-12-20,72.01282611965232
Bangalore,2017-12-21,72.59445116917614
Bangalore,2017-12-22,72.72172969050395
Bangalore,2017-12-26,73.31326349888255
Bangalore,2017-12-27,72.81245490149385
Bangalore,2017-12-28,73.42295032823972
Bangalore,2017-12-29,73.56864170994444
Bangalore,2018-01-01,73.92027431796107
Bangalore,2018-01-02,74.13353194806236
Bangalore,2018-01-03,73.60343556034158
Bangalore,2018-01-05,74.27908008026914
Bangalore,2018-01-08,74.46906491197677
Bangalore,2018-01-09,74.62151524731885
Bangalore,2018-01-10,74.02878795176326
Bangalore,2018-01-11,74.53885357254597
Bangalore,2018-01-12,74.5773628612727
Bangalore,2018-01-15,74.58419290453868
Bangalore,2018-01-16,74.68019377633709
Bangalore,2018-01-17,74.0341443173997
Bangalore,2018-01-18,74.49437325943859
Bangalore,2018-01-19,74.48680202660489
Bangalore,2018-01-22,74.37945619812363
Bangalore,2018-01-23,74.44559580495047
Bangalore,2018-01-24,73.77373798384446
Bangalore,2018-01-25,74.212125041054
Bangalore,2018-01-29,74.04706221079518
Bangalore,2018-01-30,74.10928952778015
Bangalore,2018-02-01,73.8774115795324
Bangalore,2018-02-02,73.85711727225039
Bangalore,2018-02-05,73.74993587769309
Bangalore,2018-02-06,73.82807075102102
Bangalore,2018-02-08,73.63492635460051
Bangalore,2018-02-09,73.63713035285618
Bangalore,2018-02-12,73.60737174084825
Bangalore,2018-02-13,73.7136893320098
Bangalore,2018-02-15,73.57837838136221
Bangalore,2018-02-16,73.60940428628203
Bangalore,2018-02-19,73.66017876459162
Bangalore,2018-02-20,73.78973706360185
Bangalore,2018-02-21,73.18484927316719
Bangalore,2018-02-22,73.69263277199293
Bangalore,2018-02-23,73.73775990920579
Bangalore,2018-02-26,73.80676909228416
Bangalore,2018-02-27,73.93369052350732
Bangalore,2018-03-01,73.81798849068643
Bangalore,2018-03-02,73.8474466917307
Bangalore,2018-03-05,73.84810485968525
Bangalore,2018-03-06,73.94691566865963
Bangalore,2018-03-09,73.77045976230953
Bangalore,2018-03-12,73.69035964277084
Bangalore,2018-03-13,73.76855912105427
Bangalore,2018-03-15,73.5660980358695
Bangalore,2018-03-16,73.56057566790112
Bangalore,2018-03-19,73.50646688910165
Bangalore,2018-03-20,73.60749588238855
Bangalore,2018-03-22,73.47148262549285
Bangalore,2018-03-23,73.50880002680478
Bangalore,2018-03-26,73.61338905177323
Bangalore,2018-03-27,73.77418175443589
Bangalore,2018-03-29,73.76099231667223
Bangalore,2018-03-30,73.85876135157312
Bangalore,2018-04-02,74.1248278870404
Bangalore,2018-04-03,74.32856434391908
Bangalore,2018-04-05,74.37824956345555
Bangalore,2018-04-09,74.75545104200646
Bangalore,2018-04-10,74.93725725433333
Bangalore,2018-04-12,74.91411182558731
Bangalore,2018-04-13,74.98048802791266
Bangalore,2018-04-16,75.05255607859723
Bangalore,2018-04-19,74.9906346179538
Bangalore,2018-04-20,74.98395275802503
Bangalore,2018-04-23,74.86139946843909
Bangalore,2018-04-24,74.91243159084159
Bangalore,2018-05-14,75.07761288170583
Bangalore,2018-05-15,75.31065403678919
Bangalore,2018-05-16,74.81310535011781
Bangalore,2018-05-17,75.43119702919208
Bangalore,2018-05-18,75.58874067701734
Bangalore,2018-05-21,75.99986043425329
Bangalore,2018-05-22,76.24022581550632
Bangalore,2018-05-23,75.74049989604065
Bangalore,2018-05-24,76.34751166786727
Bangalore,2018-05-25,76.48585684061058
Bangalore,2018-05-26,77.05185135736431
Bangalore,2018-05-27,77.21865102667407
Bangalore,2018-05-28,76.80074622619404
Bangalore,2018-05-29,77.00004921194937
Bangalore,2018-05-31,77.01930346922158
Bangalore,2018-06-01,77.1132005366003
Bangalore,2018-06-02,77.63604982247405
Bangalore,2018-06-03,77.76208784239479
Bangalore,2018-06-04,77.3067635973413
Bangalore,2018-06-05,77.47280369685747
Bangalore,2018-06-06,76.90116653474846
Bangalore,2018-06-07,77.44043651877857
Bangalore,2018-06-08,77.51674763325539
Bangalore,2018-06-09,78.02770260213723
Bangalore,2018-06-10,78.14746592979628
Bangalore,2018-06-11,77.69124035515239
Bangalore,2018-06-12,77.86134459391126
Bangalore,2018-06-15,77.9411513377307
Bangalore,2018-06-19,78.35848472373827
Bangalore,2018-06-21,78.37792682169975
Bangalore,2018-06-22,78.46786916971823
Bangalore,2018-06-23,78.99095684843859
Bangalore,2018-06-24,79.11997168420979
Bangalore,2018-06-25,78.66885262594698
Bangalore,2018-06-26,78.83881028936811
Bangalore,2018-07-05,79.04084684135455
Bangalore,2018-07-06,79.07811216065727
Bangalore,2018-07-09,79.10766321250685
Bangalore,2018-07-10,79.22031490189944
Bangalore,2018-07-12,79.08194220806888
Bangalore,2018-07-13,79.10531982788568
Bangalore,2018-07-16,79.12004278291931
Bangalore,2018-07-20,79.15427186758009
Bangalore,2018-07-23,79.22276851078912
Bangalore,2018-07-24,79.35869911168743
Bangalore,2018-07-30,79.43504143806862
Bangalore,2018-07-31,79.57712436619103
Bangalore,2018-08-02,79.49774878302883
Bangalore,2018-08-03,79.54865436312959
Bangalore,2018-08-06,79.62816629946727
Bangalore,2018-08-07,79.75835006260941
Bangalore,2018-08-13,79.74167819380463
Bangalore,2018-08-16,79.7621290382028
Bangalore,2018-08-20,79.89823066212513
Bangalore,2018-08-21,80.0451697597891
Bangalore,2018-08-24,80.06802197482902
Bangalore,2018-08-25,80.58156041198149
Bangalore,2018-08-26,80.70737438065753
Bangalore,2018-08-27,80.25983978420578
Bangalore,2018-08-28,80.44046210565561
Bangalore,2018-08-29,79.88886686614464
Bangalore,2018-08-30,80.44233615972149
Bangalore,2018-08-31,80.5354600445873
Bangalore,2018-09-03,80.76198128471263
Bangalore,2018-09-04,80.945620789075
Bangalore,2018-09-06,80.94878324081476
Bangalore,2018-09-07,81.03996801991994
Bangalore,2018-09-10,81.23168943920084
Bangalore,2018-09-11,81.39500368942385
Bangalore,2018-09-13,81.34702741744015
Bangalore,2018-09-14,81.4084891381573
Bangalore,2018-09-15,81.8988244643324
Bangalore,2018-09-16,81.99159556936814
Bangalore,2018-09-17,81.50157776350505
Bangalore,2018-09-18,81.63084118916056
Bangalore,2018-09-20,81.5162219327074
Bangalore,2018-09-21,81.54596052170979
Bangalore,2018-09-23,82.07039058815708
Bangalore,2018-09-24,81.55377794282417
Bangalore,2018-09-25,81.6583564620049
Bangalore,2018-09-27,81.49978685293546
Bangalore,2018-09-28,81.50989547944641
Bangalore,2018-09-30,81.99832641577323
Bangalore,2018-10-01,81.46462288166175
Bangalore,2018-10-02,81.55218955184031
Bangalore,2018-10-04,81.35823813779274
Bangalore,2018-10-05,81.34923618996277
Bangalore,2018-10-06,81.77045581316631
Bangalore,2018-10-07,81.79510580815045
Bangalore,2018-10-08,81.23755513357044
Bangalore,2018-10-09,81.2994413550265
Bangalore,2018-10-11,81.04884111918165
Bangalore,2018-10-12,81.00923113647292
Bangalore,2018-10-13,81.39464609666652
Bangalore,2018-10-14,81.38280096172846
Bangalore,2018-10-16,80.81417529885886
Bangalore,2018-10-18,80.49476065333168
Bangalore,2018-10-19,80.42397343152822
Bangalore,2018-10-20,80.78535467287186
Bangalore,2018-10-22,80.1429560354925
Bangalore,2018-10-23,80.15740121154312
Bangalore,2018-10-24,79.43750024881543
Bangalore,2018-10-25,79.83185721660415
Bangalore,2018-10-26,79.7666317929957
Bangalore,2018-10-29,79.5371345118647
Bangalore,2018-10-30,79.57958925367925
Bangalore,2018-11-01,79.32335148976595
Bangalore,2018-11-02,79.29794659094019
Bangalore,2018-11-05,79.1973958749203
Bangalore,2018-11-06,79.28243532617851
Bangalore,2018-11-12,79.07507390403815
Bangalore,2018-11-13,79.16711594403382
Bangalore,2018-11-15,78.97822552052364
Bangalore,2018-11-16,78.96801768445283
Bangalore,2018-11-19,78.82952031539493
Bangalore,2018-11-20,78.87324216559546
Bangalore,2018-11-22,78.57133609716269
Bangalore,2018-11-23,78.49872118115113
Bangalore,2018-11-26,78.16555487076306
Bangalore,2018-11-27,78.1467849264618
Bangalore,2018-11-28,77.3860416357839
Bangalore,2018-11-29,77.73236537292624
Bangalore,2018-11-30,77.6125261189799
Bangalore,2018-12-01,77.92493874636659
Bangalore,2018-12-02,77.84474690894889
Bangalore,2018-12-03,77.18828523377162
Bangalore,2018-12-04,77.15913798347101
Bangalore,2018-12-06,76.757497880061
Bangalore,2018-12-07,76.66123984872725
Bangalore,2018-12-10,76.37425221019721
Bangalore,2018-12-11,76.41110468492927
Bangalore,2018-12-13,76.16628723625381
Bangalore,2018-12-17,76.15949447491604
Bangalore,2018-12-18,76.29489797820332
Bangalore,2018-12-21,76.32399318422544
Bangalore,2018-12-24,76.55734235535552
Bangalore,2018-12-25,76.75394585338326
Bangalore,2018-12-27,76.79430040680765
Bangalore,2018-12-28,76.90805570846463
Bangalore,2018-12-31,77.17347517585858
Bangalore,2019-01-02,76.8056401890577
Bangalore,2019-01-04,77.43382529245532
Bangalore,2019-01-07,77.5560269514206
Bangalore,2019-01-10,77.55808177338788
Bangalore,2019-01-11,77.57337055850721
Bangalore,2019-01-14,77.50722207732016
Bangalore,2019-01-16,76.90514967648625
Bangalore,2019-01-17,77.3382555299688
Bangalore,2019-01-18,77.30280755682674
Bangalore,2019-01-21,77.1073862807581
Bangalore,2019-01-22,77.14274512098221
Bangalore,2019-01-29,76.57364254718307
Bangalore,2019-01-31,76.27038144378923
Bangalore,2019-02-01,76.21368136780168
Bangalore,2019-02-05,76.03472450887921
Bangalore,2019-02-08,75.72768236451097
Bangalore,2019-02-11,75.58008782396908
Bangalore,2019-02-14,75.43343481739022
Bangalore,2019-02-15,75.42568033157517
Bangalore,2019-02-18,75.36270841107371
Bangalore,2019-02-19,75.45550224445839
Bangalore,2019-02-22,75.29765274179982
Bangalore,2019-02-25,75.26814654822091
Bangalore,2019-02-26,75.36385422912242
Bangalore,2019-02-28,75.1878681465245
Bangalore,2019-03-01,75.18808371143234
Bangalore,2019-03-04,75.10317495282332
Bangalore,2019-03-05,75.17369321605197
Bangalore,2019-03-11,74.73815995834629
Bangalore,2019-03-12,74.78352083919215
Bangalore,2019-03-14,74.51171066333258
Bangalore,2019-03-15,74.46955180777756
Bangalore,2019-03-18,74.29758178738204
Bangalore,2019-03-21,74.13419711894005
Bangalore,2019-03-22,74.12698259144338
Bangalore,2019-03-23,74.56200378319109
Bangalore,2019-03-24,74.61322149004991
Bangalore,2019-03-28,74.10857669371997
Bangalore,2019-04-01,74.30646128760866
Bangalore,2019-04-05,74.53602085296471
Bangalore,2019-04-08,74.71201186584997
Bangalore,2019-04-09,74.86881024339972
Bangalore,2019-04-12,74.84478274285759
Bangalore,2019-04-15,74.85585843908314
Bangalore,2019-04-16,74.94524428519232
Bangalore,2019-04-20,75.09695486226573
Bangalore,2019-04-22,74.50152618253247
Bangalore,2019-04-25,74.21723227326423
Bangalore,2019-04-27,74.52301577058932
Bangalore,2019-04-30,73.95138389810906
Bangalore,2019-05-02,73.6946234606609
Bangalore,2019-05-04,74.10021892231748
Bangalore,2019-05-05,74.1456403705824
Bangalore,2019-05-06,73.62604163202599
Bangalore,2019-05-09,73.65772047927452
Bangalore,2019-05-10,73.72670087377053
Bangalore,2019-05-11,74.24137718303251
Bangalore,2019-05-12,74.3743424306961
Bangalore,2019-05-13,73.93915234785798
Bangalore,2019-05-14,74.13644633489153
Bangalore,2019-05-17,74.3183445195839
Bangalore,2019-05-18,74.88238185597864
Bangalore,2019-05-20,74.64971685913022
Bangalore,2019-05-21,74.86673903126993
Bangalore,2019-05-23,74.9311967709423
Bangalore,2019-05-24,75.0496354587721
Bangalore,2019-05-25,75.59642121052272
Bangalore,2019-05-26,75.74446920327729
Bangalore,2019-05-27,75.30802885896392
Bangalore,2019-05-28,75.48877751392978
Bangalore,2019-05-30,75.46999313373924
Bangalore,2019-05-31,75.54401830023085
Bangalore,2019-06-01,76.04621095787587
Bangalore,2019-06-02,76.15068246219296
Bangalore,2019-06-03,75.67278952177129
Bangalore,2019-06-04,75.8152008610043
Bangalore,2019-06-06,75.73233874886002
Bangalore,2019-06-07,75.78183994608656
Bangalore,2019-06-10,75.87063167184506
Bangalore,2019-06-13,75.93827043669344
Bangalore,2019-06-14,75.99912016555483
Bangalore,2019-06-15,76.49682403816495
Bangalore,2019-06-16,76.60481463102954
Bangalore,2019-06-24,76.49963757384359
Bangalore,2019-06-27,76.6089772828207
Bangalore,2019-06-28,76.67136124420351
Bangalore,2019-06-29,77.16333557632262
Bangalore,2019-06-30,77.25803534837583
Bangalore,2019-07-01,76.76984925219682
Bangalore,2019-07-02,76.90051920748371
Bangalore,2019-07-06,77.2734301278613
Bangalore,2019-07-09,76.91666929776747
Bangalore,2019-07-13,77.20584867328007
Bangalore,2019-07-14,77.25695406546396
Bangalore,2019-07-15,76.7311714730432
Bangalore,2019-07-16,76.83091614555835
Bangalore,2019-07-18,76.67676170973388
Bangalore,2019-07-23,76.83093729538561
Bangalore,2019-07-25,76.71565267211719
Bangalore,2019-07-26,76.75399745205105
Bangalore,2019-07-27,77.22773612924583
Bangalore,2019-07-28,77.3098990022892
Bangalore,2019-07-29,76.81463805048172
Bangalore,2019-07-30,76.94333782327367
Bangalore,2019-08-01,76.83876104681434
Bangalore,2019-08-02,76.87770158451875
Bangalore,2019-08-03,77.34896143325598
Bangalore,2019-08-04,77.42578858280365
Bangalore,2019-08-05,76.92266002495491
Bangalore,2019-08-06,77.04634062715884
Bangalore,2019-08-08,76.92747638186403
Bangalore,2019-08-09,76.9583364905694
Bangalore,2019-08-11,77.4915953853274
Bangalore,2019-08-18,77.55033440092937
Bangalore,2019-08-19,77.05467367518365
Bangalore,2019-08-24,77.66243503687632
Bangalore,2019-08-25,77.77309869096196
Bangalore,2019-08-26,77.31072588082733
Bangalore,2019-08-27,77.47695455718451
Bangalore,2019-08-29,77.46174802610241
Bangalore,2019-09-05,77.96967647434958
Bangalore,2019-09-06,78.06466970480278
Bangalore,2019-09-07,78.59129425001036
Bangalore,2019-09-08,78.7224183369343
Bangalore,2019-09-10,78.44178670181087
Bangalore,2019-09-12,78.40751667699222
Bangalore,2019-09-13,78.47610165438998
Bangalore,2019-09-14,78.97359276449131
Bangalore,2019-09-15,79.07345076631718
Bangalore,2019-09-17,78.7263154282565
Bangalore,2019-09-18,78.12158856236967
Bangalore,2019-09-19,78.62414253788069
Bangalore,2019-09-20,78.65956562324322
Bangalore,2019-09-21,79.12500099119566
Bangalore,2019-09-22,79.19424694735912
Bangalore,2019-09-23,78.68223765717005
Bangalore,2019-09-24,78.79112228011029
Bangalore,2019-09-26,78.6405045039577
Bangalore,2019-09-27,78.65439807981616
Bangalore,2019-09-30,78.62064295757004
Bangalore,2019-10-01,78.71978546212881
Bangalore,2019-10-03,78.54981975642936
Bangalore,2019-10-04,78.55331105467647
Bangalore,2019-10-05,78.98738643972983
Bangalore,2019-10-07,78.48126186775448
Bangalore,2019-10-08,78.55700836404817
Bangalore,2019-10-10,78.33477904962555
Bangalore,2019-10-11,78.3095090752498
Bangalore,2019-10-12,78.71331054780094
Bangalore,2019-10-15,78.18656549273248
Bangalore,2019-10-22,77.63124841013169
Bangalore,2019-10-24,77.32552624949676
Bangalore,2019-10-25,77.26860622205986
Bangalore,2019-10-26,77.64874816380082
Bangalore,2019-10-29,77.10595033913724
Bangalore,2019-11-01,76.83734144915968
Bangalore,2019-11-02,77.25659118223714
Bangalore,2019-11-03,77.28970302710042
Bangalore,2019-11-04,76.75105943523957
Bangalore,2019-11-05,76.84210785223267
Bangalore,2019-11-08,76.69578212960748
Bangalore,2019-11-09,77.1492445728396
Bangalore,2019-11-10,77.2115327460542
Bangalore,2019-11-11,76.69609353287245
Bangalore,2019-11-13,76.172752329963
Bangalore,2019-11-14,76.65015085372958
Bangalore,2019-11-15,76.65985610869133
Bangalore,2019-11-16,77.09757354397996
Bangalore,2019-11-17,77.1357560198563
Bangalore,2019-11-18,76.58812688120717
Bangalore,2019-11-19,76.65579821040433
Bangalore,2019-11-22,76.35479989998885
Bangalore,2019-11-23,76.7377052001342
Bangalore,2019-11-24,76.71853705557936
Bangalore,2019-11-25,76.11241850161028
Bangalore,2019-11-26,76.12192491622685
Bangalore,2019-11-29,75.66326771503698
Bangalore,2019-11-30,75.99720818017364
Bangalore,2019-12-01,75.93649775900818
Bangalore,2019-12-07,75.17352173572318
Bangalore,2019-12-08,75.1449387264747
Bangalore,2019-12-09,74.54908570116983
Bangalore,2019-12-10,74.58899681911056
Bangalore,2019-12-12,74.34779859127183
Bangalore,2019-12-13,74.34105138738819
Bangalore,2019-12-14,74.7826634158542
Bangalore,2019-12-15,74.84621863167719
Bangalore,2019-12-16,74.34621146962573
Bangalore,2019-12-17,74.48414523119133
Bangalore,2019-12-19,74.43929087782712
Bangalore,2019-12-26,75.07264154312192
Bangalore,2019-12-27,75.20545750078357
Bangalore,2019-12-29,75.94576014801648
Bangalore,2019-12-30,75.53853614347969
Bangalore,2019-12-31,75.75139853314607
Bangalore,2020-01-02,75.80081316610881
Bangalore,2020-01-03,75.90845719641372
Bangalore,2020-01-04,76.44228219092419
Bangalore,2020-01-05,76.57517077179119
Bangalore,2020-01-06,76.12129691867514
Bangalore,2020-01-07,76.28221601772367
Bangalore,2020-01-08,75.69784149763092
Bangalore,2020-01-09,76.21585860230985
Bangalore,2020-01-10,76.26692406960346
Bangalore,2020-01-11,76.74281834793607
Bangalore,2020-01-12,76.81732710003435
Bangalore,2020-01-13,76.30546273052379
Bangalore,2020-01-14,76.40954312464113
Bangalore,2020-01-16,76.23558648957817
Bangalore,2020-01-17,76.23171572581379
Bangalore,2020-01-18,76.6559913945321
Bangalore,2020-01-19,76.68251297446656
Bangalore,2020-01-20,76.12652187225252
Bangalore,2020-01-21,76.19048692674598
Bangalore,2020-01-22,75.51508088358615
Bangalore,2020-01-23,75.94859801029166
Bangalore,2020-01-24,75.91690126702584
Bangalore,2020-01-25,76.31736443207275
Bangalore,2020-01-26,76.32398661352327
Bangalore,2020-01-27,75.75188788728684
Bangalore,2020-01-28,75.80340321631684
Bangalore,2020-01-29,75.11906609943279
Bangalore,2020-01-30,75.54703189202444
Bangalore,2020-01-31,75.51302905606573
Bangalore,2020-02-01,75.91430365557825
Bangalore,2020-02-02,75.92473452235757
Bangalore,2020-02-03,75.35932790086616
Bangalore,2020-02-04,75.42030886729874
Bangalore,2020-02-05,74.74810117698307
Bangalore,2020-02-06,75.19074574475222
Bangalore,2020-02-07,75.17384632463023
Bangalore,2020-02-08,75.59450804793639
Bangalore,2020-02-09,75.62644660849644
Bangalore,2020-02-10,75.0844772743214
Bangalore,2020-02-11,75.17423678645952
Bangalore,2020-02-12,74.53225312545352
Bangalore,2020-02-13,75.00626768395091
Bangalore,2020-02-14,75.02154464020659
Bangalore,2020-02-15,75.47481040426284
Bangalore,2020-02-17,75.029579190507
Bangalore,2020-02-18,75.14698126668908
Bangalore,2020-02-19,74.53124825104064
Bangalore,2020-02-20,75.02962898642393
Bangalore,2020-02-21,75.06690139367727
Bangalore,2020-02-24,75.1222062611147
Bangalore,2020-02-25,75.24784953271737
Bangalore,2020-02-26,74.63611954424815
Bangalore,2020-02-27,75.13409851312043
Bangalore,2020-02-28,75.16649417380435
Bangalore,2020-02-29,75.62960060139966
Bangalore,2020-03-01,75.69642992480551
Bangalore,2020-03-02,75.18122339913214
Bangalore,2020-03-03,75.28555874611627
Bangalore,2020-03-04,74.64934499320633
Bangalore,2020-03-05,75.12025456802976
Bangalore,2020-03-06,75.12368075572331
Bangalore,2020-03-07,75.55668572406478
Bangalore,2020-03-08,75.5931164715664
Bangalore,2020-03-09,75.04809748124781
Bangalore,2020-03-10,75.12411739426784
Bangalore,2020-03-11,74.46200142278153
Bangalore,2020-03-12,74.91031981829873
Bangalore,2020-03-13,74.89532111930927
Bangalore,2020-03-14,75.3148560391821
Bangalore,2020-03-15,75.3434700273033
Bangalore,2020-03-16,74.79895546097725
Bangalore,2020-03-17,74.88217397128466
Bangalore,2020-03-18,74.23425619475142
Bangalore,2020-03-19,74.70391488851074
Bangalore,2020-03-20,74.71736810051048
Bangalore,2020-03-21,75.17225716446781
Bangalore,2020-03-22,75.24273785119341
Bangalore,2020-03-23,74.74395432202759
Bangalore,2020-03-24,74.87811392000548
Bangalore,2020-03-25,74.28545507354244
Bangalore,2020-03-26,74.81365899802425
Bangalore,2020-03-27,74.88779408644375
Bangalore,2020-03-28,75.40425880576018
Bangalore,2020-03-29,75.53590087179907
Bangalore,2020-03-30,75.09652169156274
Bangalore,2020-03-31,75.28698336986915
Bangalore,2020-04-01,74.74620975334093
Bangalore,2020-04-02,75.32063135300847
Bangalore,2020-04-03,75.43416217265722
Bangalore,2020-04-04,75.98217339896794
Bangalore,2020-04-05,76.13664089250236
Bangalore,2020-04-06,75.71067468475705
Bangalore,2020-04-07,75.90464706687219
Bangalore,2020-04-08,75.35721012412455
Bangalore,2020-04-09,75.91475204971636
Bangalore,2020-04-10,76.00137988319804
Bangalore,2020-04-11,76.51289338624764
Bangalore,2020-04-12,76.62192689816295
Bangalore,2020-04-13,76.14246743098273
Bangalore,2020-04-14,76.27596579605586
Bangalore,2020-04-15,75.66233197057934
Bangalore,2020-04-16,76.14936453206391
Bangalore,2020-04-17,76.16278336989735
Bangalore,2020-04-18,76.5999264191071
Bangalore,2020-04-20,76.08396500130006
Bangalore,2020-04-21,76.14963391374805
Bangalore,2020-04-22,75.47360236659438
Bangalore,2020-04-23,75.90515356841115
Bangalore,2020-04-24,75.87127231575485
Bangalore,2020-04-25,76.2705524374186
Bangalore,2020-04-26,76.2782736684653
Bangalore,2020-04-27,75.71085784330465
Bangalore,2020-04-28,75.77192276094338
Bangalore,2020-04-29,75.10322638248358
Bangalore,2020-04-30,75.55405249188323
Bangalore,2020-05-01,75.55112720788644
Bangalore,2020-05-02,75.9925327017649
Bangalore,2020-05-03,76.05279646142259
Bangalore,2020-05-04,75.54736567646053
Bangalore,2020-05-05,75.67868463250753
Bangalore,2020-05-06,75.0871671720819
Bangalore,2020-05-07,75.6206146281624
Bangalore,2020-05-08,75.70416779079194
Bangalore,2020-05-09,76.2342583530356
Bangalore,2020-05-10,76.38373721197303
Bangalore,2020-05-11,75.9663882036946
Bangalore,2020-05-12,76.18304416070802
Bangalore,2020-05-13,75.67259637143722
Bangalore,2020-05-14,76.28144691878438
Bangalore,2020-05-15,76.43349160178694
Bangalore,2020-05-16,77.02409812586149
Bangalore,2020-05-17,77.2252562919181
Bangalore,2020-05-18,76.85010825003572
Bangalore,2020-05-19,77.09912895637282
Bangalore,2020-05-20,76.61097960726593
Bangalore,2020-05-21,77.23211965647677
Bangalore,2020-05-22,77.38672904060006
Bangalore,2020-05-23,77.97067365036872
Bangalore,2020-05-24,78.156637567699
Bangalore,2020-05-25,77.75863067739503
Bangalore,2020-05-26,77.97808883669015
Bangalore,2020-05-27,77.45485823201787
Bangalore,2020-05-28,78.03661418772671
Bangalore,2020-05-29,78.14880313355177
Bangalore,2020-05-30,78.68857360502706
Bangalore,2020-05-31,78.8298743481715
Bangalore,2020-06-01,78.38792904959028
Bangalore,2020-06-02,78.56530574158064
Bangalore,2020-06-03,78.00287330898226
Bangalore,2020-06-04,78.54919606942288
Bangalore,2020-06-05,78.63045573161202
Bangalore,2020-06-06,79.14436707939618
Bangalore,2020-06-07,79.26526579013431
Bangalore,2020-06-08,78.80857810172833
Bangalore,2020-06-09,78.97689042315383
Bangalore,2020-06-10,78.41091121303995
Bangalore,2020-06-11,78.95887585281794
Bangalore,2020-06-12,79.04648343953973
Bangalore,2020-06-13,79.57083134442139
Bangalore,2020-06-14,79.70552533741129
Bangalore,2020-06-15,79.26517429570025
Bangalore,2020-06-16,79.45148682739746
Bangalore,2020-06-17,78.90426132629071
Bangalore,2020-06-18,79.47081935442209
Bangalore,2020-06-19,79.57597045035706
Bangalore,2020-06-20,80.11597340825465
Bangalore,2020-06-21,80.26367107598124
Bangalore,2020-06-22,79.833007008031
Bangalore,2020-06-23,80.02514071102742
Bangalore,2020-06-24,79.47945250899707
Bangalore,2020-06-25,80.04298755408202
Bangalore,2020-06-26,80.14042683647577
Bangalore,2020-06-27,80.66805012714974
Bangalore,2020-06-28,80.79886792438533
Bangalore,2020-06-29,80.34713089464428
Bangalore,2020-06-30,80.51443382631368
Bangalore,2020-07-01,79.94070552073323
Bangalore,2020-07-02,80.47363464666557
Bangalore,2020-07-03,80.5386200001675
Bangalore,2020-07-04,81.03271076083638
Bangalore,2020-07-05,81.12971452210161
Bangalore,2020-07-06,80.64468232052394
Bangalore,2020-07-07,80.77998842301075
Bangalore,2020-07-08,80.1762970204402
Bangalore,2020-07-09,80.68196654069472
Bangalore,2020-07-10,80.72298065240128
Bangalore,2020-07-11,81.19687210421158
Bangalore,2020-07-12,81.27781763985263
Bangalore,2020-07-13,80.78111357239169
Bangalore,2020-07-15,80.30287608424682
Bangalore,2020-07-16,80.8102066617333
Bangalore,2020-07-17,80.85695988034593
Bangalore,2020-07-18,81.34029102818833
Bangalore,2020-07-19,81.43390089355438
Bangalore,2020-07-20,80.9525276479516
Bangalore,2020-07-21,81.09803974987685
Bangalore,2020-07-22,80.51042154850481
Bangalore,2020-07-23,81.03720165950492
Bangalore,2020-07-24,81.10341239312096
Bangalore,2020-07-25,81.60554546262864
Bangalore,2020-07-26,81.71668119996255
Bangalore,2020-07-27,81.25099978306713
Bangalore,2020-07-28,81.40989136717039
Bangalore,2020-07-29,80.83295628325664
Bangalore,2020-07-30,81.36744494370163
Bangalore,2020-07-31,81.43822539890839
Bangalore,2020-08-01,81.9417435426301
Bangalore,2020-08-02,82.051153074187
Bangalore,2020-08-03,81.58082371861812
Bangalore,2020-08-04,81.73244470772714
Bangalore,2020-08-05,81.1460149065511
Bangalore,2020-08-06,81.66926954947252
Bangalore,2020-08-07,81.72763194687819
Bangalore,2020-08-08,82.2181556566691
Bangalore,2020-08-09,82.31463478969907
Bangalore,2020-08-10,81.83209155778472
Bangalore,2020-08-11,81.97285870328021
Bangalore,2020-08-12,81.3775488393965
Bangalore,2020-08-13,81.89446129953963
Bangalore,2020-08-14,81.94951546065752
Bangalore,2020-08-15,82.44017659090197
Bangalore,2020-08-16,82.54055238191886
Bangalore,2020-08-17,82.0658696864294
Bangalore,2020-08-18,82.2185494204308
Bangalore,2020-08-19,81.63917187889066
Bangalore,2020-08-20,82.17588317572752
Bangalore,2020-08-21,82.2543317755678
Bangalore,2020-08-22,82.7716010604268
Bangalore,2020-08-23,82.90131587854118
Bangalore,2020-08-24,82.45813228374116
Bangalore,2020-08-25,82.64382802332194
Bangalore,2020-08-26,82.09828554526686
Bangalore,2020-08-27,82.66891769567547
Bangalore,2020-08-28,82.78062448895052
Bangalore,2020-08-29,83.32974628167935
Bangalore,2020-08-30,83.48919067682382
Bangalore,2020-08-31,83.07294175657039
Bangalore,2020-09-01,83.2821686208546
Bangalore,2020-09-02,82.75622446809842
Bangalore,2020-09-03,83.34208591780562
Bangalore,2020-09-04,83.46432056317812
Bangalore,2020-09-05,84.01904777940054
Bangalore,2020-09-06,84.17906990670265
Bangalore,2020-09-07,83.75838230316059
Bangalore,2020-09-08,83.95827924752636
Bangalore,2020-09-09,83.41834703845741
Bangalore,2020-09-10,83.98589420216908
Bangalore,2020-09-11,84.08590710503948
Bangalore,2020-09-12,84.61499639111861
Bangalore,2020-09-13,84.74651183183403
Bangalore,2020-09-14,84.29503460979709
Bangalore,2020-09-15,84.46246458677086
Bangalore,2020-09-16,83.88899449657671
Bangalore,2020-09-17,84.42252157565848
Bangalore,2020-09-18,84.48858551619129
Bangalore,2020-09-19,84.98429871919504
Bangalore,2020-09-20,85.08344694432498
Bangalore,2020-09-21,84.6009698236147
Bangalore,2020-09-22,84.73903915649527
Bangalore,2020-09-23,84.13802720464457
Bangalore,2020-09-24,84.64591567873259
Bangalore,2020-09-25,84.68823437715386
Bangalore,2020-09-26,85.16199542266969
Bangalore,2020-09-27,85.24080105605064
Bangalore,2020-09-28,84.73933421447876
Bangalore,2020-09-29,84.85944947753319
Bangalore,2020-09-30,84.24115618022718
Bangalore,2020-10-01,84.73204389406604
Bangalore,2020-10-02,84.75723868827303
Bangalore,2020-10-03,85.21335552919795
Bangalore,2020-10-04,85.2736241673214
Bangalore,2020-10-05,84.75239712714333
Bangalore,2020-10-06,84.85125678681858
Bangalore,2020-10-07,84.2100127860401
Bangalore,2020-10-08,84.6761394554736
Bangalore,2020-10-09,84.67474124134897
Bangalore,2020-10-10,85.10251112855835
Bangalore,2020-10-11,85.13285915242048
Bangalore,2020-10-12,84.58041945985603
Bangalore,2020-10-13,84.64715286269326
Bangalore,2020-10-14,83.97333619069077
Bangalore,2020-10-15,84.40698831887107
Bangalore,2020-10-16,84.37382113222668
Bangalore,2020-10-17,84.77118082104613
Bangalore,2020-10-18,84.77315707695772
Bangalore,2020-10-19,84.19506920664811
Bangalore,2020-10-20,84.23954672292487
Bangalore,2020-10-21,83.547496380244
Bangalore,2020-10-22,83.96750621229411
Bangalore,2020-10-23,83.92577552090012
Bangalore,2020-10-24,84.32003687838096
Bangalore,2020-10-25,84.3246483448768
Bangalore,2020-10-26,83.75506549221701
Bangalore,2020-10-27,83.8139112940339
Bangalore,2020-10-28,83.14193625888099
Bangalore,2020-10-29,83.58741966989555
Bangalore,2020-10-30,83.57610107207235
Bangalore,2020-10-31,84.00510813983537
Bangalore,2020-11-01,84.04805907193284
Bangalore,2020-11-02,83.51954892562064
Bangalore,2020-11-03,83.62123764849503
Bangalore,2020-11-04,82.9928317689022
Bangalore,2020-11-05,83.48151008818874
Bangalore,2020-11-06,83.51188190503338
Bangalore,2020-11-07,83.97994321902559
Bangalore,2020-11-08,84.05820831897951
Bangalore,2020-11-09,83.5602253904388
Bangalore,2020-11-10,83.68669310895945
Bangalore,2020-11-11,83.07646939556452
Bangalore,2020-11-12,83.5760219228493
Bangalore,2020-11-13,83.60940819767667
Bangalore,2020-11-14,84.07225003425606
Bangalore,2020-11-15,84.13687927838777
Bangalore,2020-11-16,83.61686297749583
Bangalore,2020-11-17,83.71312464053884
Bangalore,2020-11-18,83.06495256925814
Bangalore,2020-11-19,83.5194447877025
Bangalore,2020-11-20,83.5014784707481
Bangalore,2020-11-21,83.90766889505886
Bangalore,2020-11-22,83.91149511311978
Bangalore,2020-11-23,83.32780100631769
Bangalore,2020-11-24,83.3588889322388
Bangalore,2020-11-25,82.64549761356386
Bangalore,2020-11-26,83.03621453858186
Bangalore,2020-11-27,82.95741157478079
Bangalore,2020-11-28,83.30716965593933
Bangalore,2020-11-29,83.26037059439612
Bangalore,2020-11-30,82.63316551687592
Bangalore,2020-12-01,82.62903795053472
Bangalore,2020-12-02,81.88975396543988
Bangalore,2020-12-03,82.2647503300154
Bangalore,2020-12-04,82.18104997663782
Bangalore,2020-12-05,82.53717112767401
Bangalore,2020-12-06,82.50820850475395
Bangalore,2020-12-07,81.91029636303783
Bangalore,2020-12-08,81.94667148670372
Bangalore,2020-12-09,81.25862852586276
Bangalore,2020-12-10,81.69491847116073
Bangalore,2020-12-11,81.68167927415821
Bangalore,2020-12-12,82.1163645543987
Bangalore,2020-12-13,82.17284829838505
Bangalore,2020-12-14,81.66591468092668
Bangalore,2020-12-15,81.79735045754322
Bangalore,2020-12-16,81.20693156312599
Bangalore,2020-12-17,81.74185393122991
Bangalore,2020-12-18,81.82669674448756
Bangalore,2020-12-19,82.3573832651497
Bangalore,2020-12-20,82.50631638566858
Bangalore,2020-12-21,82.08689731111436
Bangalore,2020-12-22,82.29964416838774
Bangalore,2020-12-23,81.78320160510238
Bangalore,2020-12-24,82.3837909152948
Bangalore,2020-12-25,82.5251885314723
Bangalore,2020-12-26,83.1026977750083
Bangalore,2020-12-27,83.28829086641488
Bangalore,2020-12-28,82.89512958864182
Bangalore,2020-12-29,83.12368149719993
Bangalore,2020-12-30,82.61272295089074
Bangalore,2020-12-31,83.20877881462202
Hyderabad,2002-11-01,32.931352346982536
Hyderabad,2002-12-01,31.967219942348073
Hyderabad,2003-01-16,32.54443251559339
Hyderabad,2003-02-01,32.04235585839865
Hyderabad,2003-03-16,31.074826945288347
Hyderabad,2003-04-16,30.96924172977443
Hyderabad,2003-05-16,31.79625386422719
Hyderabad,2003-08-31,37.69113635664777
Hyderabad,2003-10-16,38.01910153069842
Hyderabad,2003-12-31,35.441661571173896
Hyderabad,2004-07-31,40.38257956064584
Hyderabad,2004-11-04,41.11036639261961
Hyderabad,2005-06-20,42.80477183429468
Hyderabad,2005-09-06,46.175012500086574
Hyderabad,2006-06-20,47.01111722181123
Hyderabad,2007-02-16,47.62920284955525
Hyderabad,2007-05-16,47.72146188581901
Hyderabad,2008-05-24,53.85806672440026
Hyderabad,2008-06-06,54.35712075244188
Hyderabad,2008-12-06,56.14530639033001
Hyderabad,2009-07-02,59.8058065637322
Hyderabad,2010-04-01,59.85656647562453
Hyderabad,2010-06-26,64.11698460657202
Hyderabad,2010-09-21,67.35962384727307
Hyderabad,2010-11-09,65.90348577196185
Hyderabad,2010-12-16,63.672549980038035
Hyderabad,2011-05-15,65.05040398056329
Hyderabad,2011-09-16,71.25276615139326
Hyderabad,2011-11-04,69.94511812239573
Hyderabad,2011-12-01,68.66598358206913
Hyderabad,2012-04-01,68.53666500204864
Hyderabad,2012-05-24,69.92357710847764
Hyderabad,2012-06-03,70.9693910325184
Hyderabad,2012-06-29,71.62780277584464
Hyderabad,2012-07-24,72.05058347583106
Hyderabad,2012-07-25,71.39918228187523
Hyderabad,2012-10-09,73.8106453496717
Hyderabad,2012-10-27,72.82935181561919
Hyderabad,2012-11-16,71.76148724101654
Hyderabad,2013-01-01,70.62993073426053
Hyderabad,2013-01-18,70.71635361881036
Hyderabad,2013-02-16,69.48971846902079
Hyderabad,2013-03-02,69.36946426757929
Hyderabad,2013-03-16,68.63023840058159
Hyderabad,2013-04-02,68.57268895139208
Hyderabad,2013-04-16,68.81524427361636
Hyderabad,2013-05-01,67.24163257119697
Hyderabad,2013-06-01,70.5103593765663
Hyderabad,2013-06-16,71.16153282721717
Hyderabad,2013-06-29,71.68907996610768
Hyderabad,2013-07-15,71.41633233759234
Hyderabad,2013-08-01,71.74474333049211
Hyderabad,2013-09-01,73.3175837291022
Hyderabad,2013-09-14,74.00865290328036
Hyderabad,2013-10-01,73.69389036734974
Hyderabad,2013-11-01,71.78874488795118
Hyderabad,2013-12-21,69.65665142047132
Hyderabad,2014-01-04,70.75887919048655
Hyderabad,2014-03-01,69.04519181540105
Hyderabad,2014-04-01,68.1395228904111
Hyderabad,2014-04-16,67.79076715702925
Hyderabad,2014-06-07,70.40325470513537
Hyderabad,2014-06-25,70.22183451560818
Hyderabad,2014-07-01,71.03186018209968
Hyderabad,2014-08-01,71.20419613824284
Hyderabad,2014-08-15,71.31821804646837
Hyderabad,2014-08-31,72.56761740026701
Hyderabad,2014-10-01,72.23227256752587
Hyderabad,2014-10-15,71.60098691157224
Hyderabad,2014-11-01,71.29944542253385
Hyderabad,2014-12-01,69.0093874440891
Hyderabad,2014-12-16,68.01473915499419
Hyderabad,2015-01-17,69.58932582113755
Hyderabad,2015-02-04,67.24236621509685
Hyderabad,2015-02-16,67.32969968372376
Hyderabad,2015-03-01,67.59024221937774
Hyderabad,2015-04-02,66.48129960231695
Hyderabad,2015-04-15,66.18503375469881
Hyderabad,2015-05-01,65.7256970314694
Hyderabad,2015-05-16,66.89966392803598
Hyderabad,2015-06-16,68.55615271397093
Hyderabad,2015-07-01,68.38937326272342
Hyderabad,2015-07-15,68.42661120193846
Hyderabad,2015-08-01,69.66404845026406
Hyderabad,2015-08-15,69.77652330478914
Hyderabad,2015-09-01,70.35995899373845
Hyderabad,2015-10-01,70.84038442913106
Hyderabad,2015-11-01,69.33955527085736
Hyderabad,2015-11-16,68.49702502015138
Hyderabad,2015-12-01,67.1783816646294
Hyderabad,2015-12-16,65.37376939969668
Hyderabad,2016-01-01,66.93303564625248
Hyderabad,2016-01-16,67.67829127014136
Hyderabad,2016-02-01,66.10042734153748
Hyderabad,2016-02-17,64.78374140418504
Hyderabad,2016-03-01,65.4478775877834
Hyderabad,2016-03-17,64.62891026682898
Hyderabad,2016-04-05,65.34267384169388
Hyderabad,2016-04-16,65.77242354879209
Hyderabad,2016-05-01,64.97104431206219
Hyderabad,2016-05-17,65.80583373244397
Hyderabad,2016-06-01,66.5078215545241
Hyderabad,2016-06-16,67.83175756223083
Hyderabad,2016-07-01,68.46694707652394
Hyderabad,2016-07-15,68.65297682020942
Hyderabad,2016-08-01,69.1207149250472
Hyderabad,2016-08-15,69.39226881368356
Hyderabad,2016-09-01,70.50026551167333
Hyderabad,2016-09-15,71.28191272611497
Hyderabad,2016-10-01,71.76131625960066
Hyderabad,2016-10-05,70.71705898751098
Hyderabad,2016-10-15,71.25597496135111
Hyderabad,2016-11-06,70.05967847861052
Hyderabad,2016-11-16,68.91629795168296
Hyderabad,2016-12-01,68.1674541174405
Hyderabad,2016-12-17,67.74811176706339
Hyderabad,2017-01-01,68.93789213830634
Hyderabad,2017-01-16,68.9366054610795
Hyderabad,2017-04-01,67.42064888094544
Hyderabad,2017-04-16,67.81263302655329
Hyderabad,2017-04-22,67.4794787761178
Hyderabad,2017-05-01,66.61337977460357
Hyderabad,2017-05-16,67.69454851044907
Hyderabad,2017-06-01,69.09896947573026
Hyderabad,2017-06-16,69.84223879081848
Hyderabad,2017-06-19,70.02664073592528
Hyderabad,2017-06-21,69.58297588444647
Hyderabad,2017-06-22,70.21307224233647
Hyderabad,2017-06-23,70.25993477561538
Hyderabad,2017-06-26,70.44684958550191
Hyderabad,2017-06-27,70.59775761229179
Hyderabad,2017-06-28,69.96871161262297
Hyderabad,2017-06-29,70.57865270098496
Hyderabad,2017-06-30,70.60398780652531
Hyderabad,2017-07-03,70.72317985474388
Hyderabad,2017-07-04,70.85225273156271
Hyderabad,2017-07-05,70.20261623665496
Hyderabad,2017-07-06,70.79368975799046
Hyderabad,2017-07-07,70.80230533898303
Hyderabad,2017-07-10,70.88741652290008
Hyderabad,2017-07-11,71.01113251173646
Hyderabad,2017-07-12,70.35923396858611
Hyderabad,2017-07-13,70.95105554192139
Hyderabad,2017-07-14,70.96325430634707
Hyderabad,2017-07-17,71.07317633777136
Hyderabad,2017-07-18,71.20854119270889
Hyderabad,2017-07-19,70.56921071143265
Hyderabad,2017-07-20,71.17402025056106
Hyderabad,2017-07-21,71.19912588364654
Hyderabad,2017-07-24,71.34259416360925
Hyderabad,2017-07-25,71.48606972086704
Hyderabad,2017-07-26,70.85279662724255
Hyderabad,2017-07-27,71.46141614765105
Hyderabad,2017-07-28,71.4879787692995
Hyderabad,2017-07-31,71.62203624902895
Hyderabad,2017-08-01,71.75835069624667
Hyderabad,2017-08-02,71.11640119815476
Hyderabad,2017-08-04,71.74615027562417
Hyderabad,2017-08-07,71.87239429225593
Hyderabad,2017-08-08,72.00832291347986
Hyderabad,2017-08-09,71.36795975504617
Hyderabad,2017-08-10,71.97081772305872
Hyderabad,2017-08-11,71.99381737305868
Hyderabad,2017-08-14,72.13846148610075
Hyderabad,2017-08-16,71.66423662644686
Hyderabad,2017-08-17,72.28743769977818
Hyderabad,2017-08-18,72.33396566990858
Hyderabad,2017-08-21,72.56432953420294
Hyderabad,2017-08-22,72.74545552397062
Hyderabad,2017-08-23,72.15452189975322
Hyderabad,2017-08-24,72.81021589334807
Hyderabad,2017-08-28,73.2030967695796
Hyderabad,2017-08-29,73.40652372110105
Hyderabad,2017-08-30,72.83411121957208
Hyderabad,2017-08-31,73.50412729896792
Hyderabad,2017-09-01,73.59222269463459
Hyderabad,2017-09-04,73.90737167213328
Hyderabad,2017-09-05,74.10135930172372
Hyderabad,2017-09-07,74.16672651028873
Hyderabad,2017-09-08,74.23272477384586
Hyderabad,2017-09-11,74.46344044706197
Hyderabad,2017-09-12,74.62514001109064
Hyderabad,2017-09-13,74.00538697978143
Hyderabad,2017-09-14,74.62336298734687
Hyderabad,2017-09-15,74.65569541855982
Hyderabad,2017-09-19,74.92467195479932
Hyderabad,2017-09-20,74.27872356704493
Hyderabad,2017-09-21,74.87281304440553
Hyderabad,2017-09-22,74.8836244947319
Hyderabad,2017-09-25,74.96804542445011
Hyderabad,2017-09-26,75.08806935829145
Hyderabad,2017-09-27,74.43013451978558
Hyderabad,2017-09-28,75.01317261263684
Hyderabad,2017-09-29,75.01343126002665
Hyderabad,2017-10-03,75.17169501803069
Hyderabad,2017-10-04,74.49916799271442
Hyderabad,2017-10-05,75.06573822715586
Hyderabad,2017-10-06,75.04744707412762
Hyderabad,2017-10-09,75.02983817626694
Hyderabad,2017-10-10,75.10976383882719
Hyderabad,2017-10-11,74.40843819606332
Hyderabad,2017-10-12,74.94487446822362
Hyderabad,2017-10-13,74.89556316202268
Hyderabad,2017-10-16,74.78506465850447
Hyderabad,2017-10-17,74.83613699432425
Hyderabad,2017-10-18,74.10808851559108
Hyderabad,2017-10-24,74.45213836684981
Hyderabad,2017-10-25,73.72674364508408
Hyderabad,2017-10-26,74.24709103087697
Hyderabad,2017-10-30,74.10974388140826
Hyderabad,2017-10-31,74.18808976587921
Hyderabad,2017-11-02,74.04992301656272
Hyderabad,2017-11-03,74.02839375371116
Hyderabad,2017-11-06,74.05082846131498
Hyderabad,2017-11-07,74.15918517257826
Hyderabad,2017-11-09,74.06924372812337
Hyderabad,2017-11-10,74.0643744900679
Hyderabad,2017-11-13,74.09998270171248
Hyderabad,2017-11-14,74.1993231567778
Hyderabad,2017-11-15,73.51688238535894
Hyderabad,2017-11-16,74.07085352166845
Hyderabad,2017-11-17,74.03692805252251
Hyderabad,2017-11-20,73.95234111615547
Hyderabad,2017-11-21,74.00317065814478
Hyderabad,2017-11-22,73.2695842089729
Hyderabad,2017-11-23,73.77087007400057
Hyderabad,2017-11-24,73.68387726982805
Hyderabad,2017-11-27,73.44976321217612
Hyderabad,2017-11-28,73.4579082332938
Hyderabad,2017-11-29,72.68706215832056
Hyderabad,2017-11-30,73.15749609254152
Hyderabad,2017-12-01,73.04692706858091
Hyderabad,2017-12-05,72.81176699231004
Hyderabad,2017-12-06,72.06156443283122
Hyderabad,2017-12-07,72.5618742529009
Hyderabad,2017-12-08,72.49013387689128
Hyderabad,2017-12-11,72.40047336817963
Hyderabad,2017-12-12,72.4885815075669
Hyderabad,2017-12-13,71.81232315100851
Hyderabad,2017-12-15,72.40028427835207
Hyderabad,2017-12-18,72.56089818308536
Hyderabad,2017-12-19,72.73066270193272
Hyderabad,2017-12-20,72.13327457670984
Hyderabad,2017-12-21,72.78677544945702
Hyderabad,2017-12-22,72.86649797949613
Hyderabad,2017-12-26,73.41417788758348
Hyderabad,2017-12-27,72.85238060774259
Hyderabad,2017-12-28,73.5332999173348
Hyderabad,2017-12-29,73.63215767709991
Hyderabad,2018-01-01,73.97498134780818
Hyderabad,2018-01-02,74.17554850852133
Hyderabad,2018-01-03,73.59390336014978
Hyderabad,2018-01-05,74.31466663180966
Hyderabad,2018-01-08,74.52974664243965
Hyderabad,2018-01-09,74.67990292456219
Hyderabad,2018-01-10,74.04506050506782
Hyderabad,2018-01-11,74.64419070689726
Hyderabad,2018-01-12,74.65372967404333
Hyderabad,2018-01-15,74.69581761940283
Hyderabad,2018-01-16,74.78931341145132
Hyderabad,2018-01-17,74.09916831582213
Hyderabad,2018-01-18,74.6448121988499
Hyderabad,2018-01-19,74.60310309996198
Hyderabad,2018-01-22,74.50856594768447
Hyderabad,2018-01-23,74.5632885574786
Hyderabad,2018-01-24,73.83820588438189
Hyderabad,2018-01-25,74.3529724480996
Hyderabad,2018-01-29,74.13722719254154
Hyderabad,2018-01-30,74.1836408106166
Hyderabad,2018-02-01,73.97085622071174
Hyderabad,2018-02-02,73.90827276169723
Hyderabad,2018-02-05,73.80444546247351
Hyderabad,2018-02-06,73.8734109554409
Hyderabad,2018-02-08,73.71580430591384
Hyderabad,2018-02-09,73.68499421749144
Hyderabad,2018-02-12,73.68702119246254
Hyderabad,2018-02-13,73.79280830946277
Hyderabad,2018-02-15,73.70729712771441
Hyderabad,2018-02-16,73.71043635477433
Hyderabad,2018-02-19,73.79826595832766
Hyderabad,2018-02-20,73.9253935593479
Hyderabad,2018-02-21,73.27619822404041
Hyderabad,2018-02-22,73.86788025159464
Hyderabad,2018-02-23,73.87703917045387
Hyderabad,2018-02-26,73.95140094443425
Hyderabad,2018-02-27,74.06376285065443
Hyderabad,2018-03-01,73.96401073695829
Hyderabad,2018-03-02,73.94668287245587
Hyderabad,2018-03-05,73.92622653478006
Hyderabad,2018-03-06,74.00461014438515
Hyderabad,2018-03-09,73.79139634450033
Hyderabad,2018-03-12,73.70300436356605
Hyderabad,2018-03-13,73.76889126885618
Hyderabad,2018-03-15,73.59709951345
Hyderabad,2018-03-16,73.55690076084879
Hyderabad,2018-03-19,73.5327312693506
Hyderabad,2018-03-20,73.63357282953564
Hyderabad,2018-03-22,73.54912595711575
Hyderabad,2018-03-23,73.55979619973884
Hyderabad,2018-03-26,73.7051395219419
Hyderabad,2018-03-27,73.86425298519907
Hyderabad,2018-03-29,73.89150710807763
Hyderabad,2018-03-30,73.95309362161375
Hyderabad,2018-04-02,74.21755159166636
Hyderabad,2018-04-03,74.4018961844996
Hyderabad,2018-04-05,74.4535888397415
Hyderabad,2018-04-09,74.71749913124937
Hyderabad,2018-04-10,74.86419017473582
Hyderabad,2018-04-12,74.81851176510499
Hyderabad,2018-04-13,74.82081234489064
Hyderabad,2018-04-16,74.83080556972338
Hyderabad,2018-04-19,74.73713625936502
Hyderabad,2018-04-20,74.68134337062709
Hyderabad,2018-04-23,74.54013691752738
Hyderabad,2018-04-24,74.58643197848448
Hyderabad,2018-05-14,75.11613311176843
Hyderabad,2018-05-15,75.34466183939092
Hyderabad,2018-05-16,74.79964711252072
Hyderabad,2018-05-17,75.49878529859296
Hyderabad,2018-05-18,75.6171988050968
Hyderabad,2018-05-21,76.02602979983592
Hyderabad,2018-05-22,76.25099283616193
Hyderabad,2018-05-23,75.69502838360397
Hyderabad,2018-05-24,76.37657172389883
Hyderabad,2018-05-25,76.47159701735725
Hyderabad,2018-05-26,77.00199623987918
Hyderabad,2018-05-27,77.09223007368088
Hyderabad,2018-05-28,76.7851692150339
Hyderabad,2018-05-29,76.97342777566266
Hyderabad,2018-05-31,77.024254658559
Hyderabad,2018-06-01,77.083095541959
Hyderabad,2018-06-02,77.57920704883698
Hyderabad,2018-06-03,77.63774363731514
Hyderabad,2018-06-04,77.3021458020242
Hyderabad,2018-06-05,77.46546329219602
Hyderabad,2018-06-06,76.85097448442517
Hyderabad,2018-06-07,77.47823507689601
Hyderabad,2018-06-08,77.52412827027185
Hyderabad,2018-06-09,78.01122894962056
Hyderabad,2018-06-10,78.06444668010879
Hyderabad,2018-06-11,77.72686601774934
Hyderabad,2018-06-12,77.89108565496657
Hyderabad,2018-06-15,77.96422400319025
Hyderabad,2018-06-19,78.35495130212826
Hyderabad,2018-06-21,78.37954574301298
Hyderabad,2018-06-22,78.4183595850073
Hyderabad,2018-06-23,78.8961815163127
Hyderabad,2018-06-24,78.93717345400296
Hyderabad,2018-06-25,78.58380577179243
Hyderabad,2018-06-26,78.7282140052358
Hyderabad,2018-07-05,78.86195834577123
Hyderabad,2018-07-06,78.86169147888859
Hyderabad,2018-07-09,78.91665123187187
Hyderabad,2018-07-10,79.02919558128976
Hyderabad,2018-07-12,78.9453532285934
Hyderabad,2018-07-13,78.94509485565449
Hyderabad,2018-07-16,79.01637079602206
Hyderabad,2018-07-20,79.09129946006966
Hyderabad,2018-07-23,79.1996885374326
Hyderabad,2018-07-24,79.33234120637586
Hyderabad,2018-07-30,79.41194168670758
Hyderabad,2018-07-31,79.53979419873205
Hyderabad,2018-08-02,79.47979577658914
Hyderabad,2018-08-03,79.48730398586324
Hyderabad,2018-08-06,79.56356717433145
Hyderabad,2018-08-07,79.68189449276878
Hyderabad,2018-08-13,79.6928853149294
Hyderabad,2018-08-16,79.77385283475171
Hyderabad,2018-08-20,79.95552620972673
Hyderabad,2018-08-21,80.11281314784235
Hyderabad,2018-08-24,80.18631163640633
Hyderabad,2018-08-25,80.68672411253914
Hyderabad,2018-08-26,80.7560767084306
Hyderabad,2018-08-27,80.43664332336951
Hyderabad,2018-08-28,80.6202406540671
Hyderabad,2018-08-29,80.02888168745848
Hyderabad,2018-08-30,80.67046351158199
Hyderabad,2018-08-31,80.73103484383634
Hyderabad,2018-09-03,80.96879968690774
Hyderabad,2018-09-04,81.13853692131121
Hyderabad,2018-09-06,81.1572205364858
Hyderabad,2018-09-07,81.20057785662247
Hyderabad,2018-09-10,81.36480884304692
Hyderabad,2018-09-11,81.50444518150752
Hyderabad,2018-09-13,81.4580620244029
Hyderabad,2018-09-14,81.46767858989477
Hyderabad,2018-09-15,81.91372413311755
Hyderabad,2018-09-16,81.92104270528496
Hyderabad,2018-09-17,81.53278352166181
Hyderabad,2018-09-18,81.64173120454174
Hyderabad,2018-09-20,81.53974036271387
Hyderabad,2018-09-21,81.524884106293
Hyderabad,2018-09-23,81.93636869933806
Hyderabad,2018-09-24,81.53057989180242
Hyderabad,2018-09-25,81.62404083689118
Hyderabad,2018-09-27,81.49604886015206
Hyderabad,2018-09-28,81.46994733840498
Hyderabad,2018-09-30,81.86032050277703
Hyderabad,2018-10-01,81.44376012974328
Hyderabad,2018-10-02,81.52571303350194
Hyderabad,2018-10-04,81.37090140370078
Hyderabad,2018-10-05,81.32882350265352
Hyderabad,2018-10-06,81.72410668609476
Hyderabad,2018-10-07,81.68098783208083
Hyderabad,2018-10-08,81.2420056231235
Hyderabad,2018-10-09,81.29935931704429
Hyderabad,2018-10-11,81.08951726284342
Hyderabad,2018-10-12,81.0123006209392
Hyderabad,2018-10-13,81.37143931722154
Hyderabad,2018-10-14,81.29167477417046
Hyderabad,2018-10-16,80.83756298435202
Hyderabad,2018-10-18,80.56052125165957
Hyderabad,2018-10-19,80.45859727827175
Hyderabad,2018-10-20,80.7962462638452
Hyderabad,2018-10-22,80.20975828312905
Hyderabad,2018-10-23,80.22243082986624
Hyderabad,2018-10-24,79.4602409233977
Hyderabad,2018-10-25,79.9429307597668
Hyderabad,2018-10-26,79.84757662506415
Hyderabad,2018-10-29,79.64842358908626
Hyderabad,2018-10-30,79.68654069719479
Hyderabad,2018-11-01,79.46795306534534
Hyderabad,2018-11-02,79.40659059699793
Hyderabad,2018-11-05,79.31312199215822
Hyderabad,2018-11-06,79.38456218917933
Hyderabad,2018-11-12,79.1288323729713
Hyderabad,2018-11-13,79.19980252831739
Hyderabad,2018-11-15,79.01787409531718
Hyderabad,2018-11-16,78.9586058105487
Hyderabad,2018-11-19,78.8015051976118
Hyderabad,2018-11-20,78.82866436244309
Hyderabad,2018-11-22,78.54845852717995
Hyderabad,2018-11-23,78.43678335999743
Hyderabad,2018-11-26,78.12317382992933
Hyderabad,2018-11-27,78.10238869007487
Hyderabad,2018-11-28,77.30114291016868
Hyderabad,2018-11-29,77.7395950652447
Hyderabad,2018-11-30,77.59537983273393
Hyderabad,2018-12-01,77.8919625085589
Hyderabad,2018-12-02,77.75526809116522
Hyderabad,2018-12-03,77.2295037551843
Hyderabad,2018-12-04,77.20847667312854
Hyderabad,2018-12-06,76.8729716205196
Hyderabad,2018-12-07,76.75634365306442
Hyderabad,2018-12-10,76.5256753006983
Hyderabad,2018-12-11,76.56532189996292
Hyderabad,2018-12-13,76.36971381539378
Hyderabad,2018-12-17,76.346729193647
Hyderabad,2018-12-18,76.46993501823457
Hyderabad,2018-12-21,76.47284321157971
Hyderabad,2018-12-24,76.68665234894371
Hyderabad,2018-12-25,76.86275612786187
Hyderabad,2018-12-27,76.9120506571845
Hyderabad,2018-12-28,76.97819528727423
Hyderabad,2018-12-31,77.23088487724873
Hyderabad,2019-01-02,76.79544138647665
Hyderabad,2019-01-04,77.46536133689798
Hyderabad,2019-01-07,77.60861985900847
Hyderabad,2019-01-10,77.65367387614704
Hyderabad,2019-01-11,77.64010292550108
Hyderabad,2019-01-14,77.61157535357047
Hyderabad,2019-01-16,76.96596888866733
Hyderabad,2019-01-17,77.48636220244066
Hyderabad,2019-01-18,77.4188098707783
Hyderabad,2019-01-21,77.24270013501967
Hyderabad,2019-01-22,77.26874846861665
Hyderabad,2019-01-29,76.66513150026964
Hyderabad,2019-01-31,76.38079866451629
Hyderabad,2019-02-01,76.28128024280092
Hyderabad,2019-02-05,76.09220636289295
Hyderabad,2019-02-08,75.78358639460419
Hyderabad,2019-02-11,75.66465479478431
Hyderabad,2019-02-14,75.56646622074989
Hyderabad,2019-02-15,75.53122094787648
Hyderabad,2019-02-18,75.50858466844409
Hyderabad,2019-02-19,75.60069036323078
Hyderabad,2019-02-22,75.45515786533663
Hyderabad,2019-02-25,75.4417484731622
Hyderabad,2019-02-26,75.52641542976303
Hyderabad,2019-02-28,75.37293508006607
Hyderabad,2019-03-01,75.32928402230924
Hyderabad,2019-03-04,75.23002748319955
Hyderabad,2019-03-05,75.28161044245515
Hyderabad,2019-03-11,74.80210482172966
Hyderabad,2019-03-12,74.8343414514937
Hyderabad,2019-03-14,74.5912569755705
Hyderabad,2019-03-15,74.51343982372133
Hyderabad,2019-03-18,74.36934993932005
Hyderabad,2019-03-21,74.25808682746693
Hyderabad,2019-03-22,74.22535343367672
Hyderabad,2019-03-23,74.64218271418673
Hyderabad,2019-03-24,74.63319846931817
Hyderabad,2019-03-28,74.30369214204066
Hyderabad,2019-04-01,74.48299997821839
Hyderabad,2019-04-05,74.65926308790017
Hyderabad,2019-04-08,74.79005354572072
Hyderabad,2019-04-09,74.91479778750522
Hyderabad,2019-04-12,74.809706415619
Hyderabad,2019-04-15,74.75849963013138
Hyderabad,2019-04-16,74.81678532244318
Hyderabad,2019-04-20,74.86934961779792
Hyderabad,2019-04-22,74.30400839683186
Hyderabad,2019-04-25,74.0517183918349
Hyderabad,2019-04-27,74.31394759229356
Hyderabad,2019-04-30,73.83207342713635
Hyderabad,2019-05-02,73.65385401942781
Hyderabad,2019-05-04,74.04214137911701
Hyderabad,2019-05-05,74.04039260204877
Hyderabad,2019-05-06,73.65918555854172
Hyderabad,2019-05-09,73.77766020551535
Hyderabad,2019-05-10,73.82698995928456
Hyderabad,2019-05-11,74.32667540272723
Hyderabad,2019-05-12,74.40022113685347
Hyderabad,2019-05-13,74.08928796614292
Hyderabad,2019-05-14,74.28506547836739
Hyderabad,2019-05-17,74.46910506696287
Hyderabad,2019-05-18,75.00133754049973
Hyderabad,2019-05-20,74.80272311986536
Hyderabad,2019-05-21,75.00499489353314
Hyderabad,2019-05-23,75.08773812358619
Hyderabad,2019-05-24,75.16223730291718
Hyderabad,2019-05-25,75.6724448216769
Hyderabad,2019-05-26,75.74262986411937
Hyderabad,2019-05-27,75.41548035625765
Hyderabad,2019-05-28,75.58344084581962
Hyderabad,2019-05-30,75.59245439225111
Hyderabad,2019-05-31,75.62953969808336
Hyderabad,2019-06-02,76.1385638256823
Hyderabad,2019-06-03,75.77901098857839
Hyderabad,2019-06-04,75.91759821659723
Hyderabad,2019-06-06,75.87869596494342
Hyderabad,2019-06-07,75.89775821092886
Hyderabad,2019-06-10,76.01978053930466
Hyderabad,2019-06-13,76.12233436154266
Hyderabad,2019-06-14,76.14694081907123
Hyderabad,2019-06-15,76.61350856976784
Hyderabad,2019-06-16,76.64641374320509
Hyderabad,2019-06-24,76.56068716638386
Hyderabad,2019-06-27,76.64094105576555
Hyderabad,2019-06-28,76.64952530623296
Hyderabad,2019-06-29,77.0956319036081
Hyderabad,2019-06-30,77.1038040262654
Hyderabad,2019-07-01,76.71693239615135
Hyderabad,2019-07-02,76.8275976924147
Hyderabad,2019-07-06,77.14317660583725
Hyderabad,2019-07-09,76.82894417894116
Hyderabad,2019-07-13,77.12311819385125
Hyderabad,2019-07-14,77.11564041040499
Hyderabad,2019-07-15,76.71817099202958
Hyderabad,2019-07-16,76.82331424119569
Hyderabad,2019-07-18,76.72878974522663
Hyderabad,2019-07-23,76.90065638407211
Hyderabad,2019-07-25,76.82582137873885
Hyderabad,2019-07-26,76.82860930040196
Hyderabad,2019-07-27,77.27198288949475
Hyderabad,2019-07-28,77.28015555606719
Hyderabad,2019-07-29,76.89563838648237
Hyderabad,2019-07-30,77.01059726293192
Hyderabad,2019-08-01,76.92521243048586
Hyderabad,2019-08-02,76.92003471509524
Hyderabad,2019-08-03,77.35412316240978
Hyderabad,2019-08-04,77.35212838202006
Hyderabad,2019-08-05,76.9570479781243
Hyderabad,2019-08-06,77.06525639250798
Hyderabad,2019-08-08,76.9688981425759
Hyderabad,2019-08-09,76.96055761291986
Hyderabad,2019-08-11,77.3933947137016
Hyderabad,2019-08-18,77.51880376503702
Hyderabad,2019-08-19,77.15343295937394
Hyderabad,2019-08-24,77.80111105355091
Hyderabad,2019-08-25,77.85500341452328
Hyderabad,2019-08-26,77.52078175448969
Hyderabad,2019-08-27,77.69034780455739
Hyderabad,2019-08-29,77.72542675270628
Hyderabad,2019-09-05,78.22296988661861
Hyderabad,2019-09-06,78.27075772253315
Hyderabad,2019-09-07,78.75544407118403
Hyderabad,2019-09-08,78.80120682785518
Hyderabad,2019-09-10,78.5957941105571
Hyderabad,2019-09-12,78.56046858236961
Hyderabad,2019-09-13,78.5753622459752
Hyderabad,2019-09-14,79.02640168244653
Hyderabad,2019-09-15,79.03836208692393
Hyderabad,2019-09-17,78.76708559456989
Hyderabad,2019-09-18,78.09962666013726
Hyderabad,2019-09-19,78.67132311031968
Hyderabad,2019-09-20,78.65891838452568
Hyderabad,2019-09-21,79.08490375827856
Hyderabad,2019-09-22,79.07415933366498
Hyderabad,2019-09-23,78.66979055117396
Hyderabad,2019-09-24,78.76446197457322
Hyderabad,2019-09-26,78.63859518873173
Hyderabad,2019-09-27,78.61358268763144
Hyderabad,2019-09-30,78.59176955527526
Hyderabad,2019-10-01,78.67578545047387
Hyderabad,2019-10-03,78.53969775142735
Hyderabad,2019-10-04,78.50762632984764
Hyderabad,2019-10-05,78.91334400746197
Hyderabad,2019-10-07,78.45327721055664
Hyderabad,2019-10-08,78.5221248640533
Hyderabad,2019-10-10,78.33583309496623
Hyderabad,2019-10-11,78.27577336921141
Hyderabad,2019-10-12,78.65197360852042
Hyderabad,2019-10-15,78.16749163260094
Hyderabad,2019-10-19,78.18354640296842
Hyderabad,2019-10-22,77.64345394991265
Hyderabad,2019-10-24,77.38160429235191
Hyderabad,2019-10-25,77.2937251157035
Hyderabad,2019-10-26,77.64977319820132
Hyderabad,2019-10-29,77.15576490068169
Hyderabad,2019-11-01,76.8899226710642
Hyderabad,2019-11-02,77.27951664830536
Hyderabad,2019-11-03,77.23969807956468
Hyderabad,2019-11-04,76.81294951651768
Hyderabad,2019-11-05,76.89122449621217
Hyderabad,2019-11-08,76.71899082090809
Hyderabad,2019-11-09,77.13279510934456
Hyderabad,2019-11-10,77.11232760623001
Hyderabad,2019-11-11,76.69939281741478
Hyderabad,2019-11-13,76.09196483488499
Hyderabad,2019-11-14,76.63712805147331
Hyderabad,2019-11-15,76.59632139360464
Hyderabad,2019-11-16,76.99083305140968
Hyderabad,2019-11-17,76.94447203345956
Hyderabad,2019-11-18,76.49943729237921
Hyderabad,2019-11-19,76.5476798598778
Hyderabad,2019-11-22,76.23917450984956
Hyderabad,2019-11-23,76.58830602067655
Hyderabad,2019-11-24,76.49559780064186
Hyderabad,2019-11-25,76.00442799538266
Hyderabad,2019-11-26,76.00795040994099
Hyderabad,2019-11-29,75.5655629145207
Hyderabad,2019-11-30,75.88052248716951
Hyderabad,2019-12-01,75.76049964877029
Hyderabad,2019-12-07,75.15984472309995
Hyderabad,2019-12-08,75.07421980691223
Hyderabad,2019-12-09,74.60654323471445
Hyderabad,2019-12-12,74.46059982942225
Hyderabad,2019-12-13,74.42381491418726
Hyderabad,2019-12-14,74.84024832610653
Hyderabad,2019-12-15,74.8344647732841
Hyderabad,2019-12-16,74.4491182266057
Hyderabad,2019-12-17,74.57630220151542
Hyderabad,2019-12-19,74.55315515643183
Hyderabad,2019-12-26,75.1069029328519
Hyderabad,2019-12-27,75.19011245182764
Hyderabad,2019-12-29,75.8053955153741
Hyderabad,2019-12-30,75.50253659720313
Hyderabad,2019-12-31,75.69793032064526
Hyderabad,2020-01-02,75.76657573717104
Hyderabad,2020-01-03,75.83344301445987
Hyderabad,2020-01-04,76.33525294927347
Hyderabad,2020-01-05,76.39591761900232
Hyderabad,2020-01-06,76.05771348905333
Hyderabad,2020-01-07,76.2126262268258
Hyderabad,2020-01-08,75.58298925125115
Hyderabad,2020-01-09,76.18754883213445
Hyderabad,2020-01-10,76.20811269603901
Hyderabad,2020-01-11,76.66116906902671
Hyderabad,2020-01-12,76.67129158548167
Hyderabad,2020-01-13,76.28139775945043
Hyderabad,2020-01-14,76.38408793380049
Hyderabad,2020-01-16,76.25526812817924
Hyderabad,2020-01-17,76.2197907802144
Hyderabad,2020-01-18,76.61839764326716
Hyderabad,2020-01-19,76.57610249190597
Hyderabad,2020-01-20,76.13622671144938
Hyderabad,2020-01-21,76.19173930911455
Hyderabad,2020-01-22,75.46589227586459
Hyderabad,2020-01-23,75.97828383087999
Hyderabad,2020-01-24,75.90592112051799
Hyderabad,2020-01-25,76.27159435413112
Hyderabad,2020-01-26,76.20052673679163
Hyderabad,2020-01-27,75.7362183424196
Hyderabad,2020-01-28,75.77178519709265
Hyderabad,2020-01-29,75.03059306971566
Hyderabad,2020-01-30,75.53231853903308
Hyderabad,2020-01-31,75.45400899070587
Hyderabad,2020-02-01,75.81845365080325
Hyderabad,2020-02-02,75.75083017696429
Hyderabad,2020-02-03,75.29454514331817
Hyderabad,2020-02-04,75.34256990495909
Hyderabad,2020-02-05,74.61807157048445
Hyderabad,2020-02-06,75.14047188824705
Hyderabad,2020-02-07,75.08650593262462
Hyderabad,2020-02-08,75.47859291474737
Hyderabad,2020-02-09,75.44148383299692
Hyderabad,2020-02-10,75.01810445993733
Hyderabad,2020-02-11,75.10499704319227
Hyderabad,2020-02-12,74.42065165554607
Hyderabad,2020-02-13,74.98387774247675
Hyderabad,2020-02-14,74.97076998444273
Hyderabad,2020-02-15,75.40308955930412
Hyderabad,2020-02-17,75.01854101954069
Hyderabad,2020-02-18,75.13574634766861
Hyderabad,2020-02-19,74.47853053452731
Hyderabad,2020-02-20,75.06515170479497
Hyderabad,2020-02-21,75.07121700297823
Hyderabad,2020-02-24,75.14753414590372
Hyderabad,2020-02-25,75.26387563181324
Hyderabad,2020-02-26,74.60052365003924
Hyderabad,2020-02-27,75.17586644344135
Hyderabad,2020-02-28,75.16576483585594
Hyderabad,2020-02-29,75.5919458750768
Hyderabad,2020-03-01,75.57867053049557
Hyderabad,2020-03-02,75.16859327889989
Hyderabad,2020-03-03,75.25411457144288
Hyderabad,2020-03-04,74.5580254407797
Hyderabad,2020-03-05,75.09957662251706
Hyderabad,2020-03-06,75.05554369733714
Hyderabad,2020-03-07,75.44860026368639
Hyderabad,2020-03-08,75.403963619461
Hyderabad,2020-03-09,74.96523130102881
Hyderabad,2020-03-10,75.02571003375535
Hyderabad,2020-03-11,74.30903694651211
Hyderabad,2020-03-12,74.83522603424045
Hyderabad,2020-03-13,74.78171198527335
Hyderabad,2020-03-14,75.17170397685092
Hyderabad,2020-03-15,75.13081447737933
Hyderabad,2020-03-16,74.70288191397454
Hyderabad,2020-03-17,74.78425456643576
Hyderabad,2020-03-18,74.09550909734564
Hyderabad,2020-03-19,74.65639059510899
Hyderabad,2020-03-20,74.64389280345252
Hyderabad,2020-03-21,75.08061801616044
Hyderabad,2020-03-22,75.09141626815364
Hyderabad,2020-03-23,74.71922252246243
Hyderabad,2020-03-24,74.85639358158718
Hyderabad,2020-03-25,74.2253445642475
Hyderabad,2020-03-26,74.84461773027326
Hyderabad,2020-03-27,74.88995538017059
Hyderabad,2020-03-28,75.38268885999813
Hyderabad,2020-03-29,75.44640796595189
Hyderabad,2020-03-30,75.12282870802296
Hyderabad,2020-03-31,75.30316039826494
Hyderabad,2020-04-01,74.70877113879386
Hyderabad,2020-04-02,75.35728374353135
Hyderabad,2020-04-03,75.423673108739
Hyderabad,2020-04-04,75.9286764080058
Hyderabad,2020-04-05,75.99547982557817
Hyderabad,2020-04-06,75.66559929768592
Hyderabad,2020-04-07,75.83025584255094
Hyderabad,2020-04-08,75.21104428529229
Hyderabad,2020-04-09,75.82602726765042
Hyderabad,2020-04-10,75.85082554294326
Hyderabad,2020-04-11,76.30701604887565
Hyderabad,2020-04-12,76.31880171862556
Hyderabad,2020-04-13,75.92887087097672
Hyderabad,2020-04-14,76.02974724702304
Hyderabad,2020-04-15,75.34443009081109
Hyderabad,2020-04-16,75.89245684440041
Hyderabad,2020-04-17,75.85168824948775
Hyderabad,2020-04-18,76.24448796165913
Hyderabad,2020-04-20,75.75195537696708
Hyderabad,2020-04-21,75.80457088864304
Hyderabad,2020-04-22,75.0785774301762
Hyderabad,2020-04-23,75.5945459599469
Hyderabad,2020-04-24,75.53046266480787
Hyderabad,2020-04-25,75.9100731732119
Hyderabad,2020-04-26,75.85950295956151
Hyderabad,2020-04-27,75.42307299209554
Hyderabad,2020-04-28,75.49461276361414
Hyderabad,2020-04-29,74.79807100626392
Hyderabad,2020-04-30,75.35355737335998
Hyderabad,2020-05-01,75.33838734430056
Hyderabad,2020-05-02,75.77544293118528
Hyderabad,2020-05-03,75.7898140361422
Hyderabad,2020-05-04,75.42463896843226
Hyderabad,2020-05-05,75.57244562010513
Hyderabad,2020-05-06,74.95579288069408
Hyderabad,2020-05-07,75.59334479211931
Hyderabad,2020-05-08,75.66094887778151
Hyderabad,2020-05-09,76.18003038381704
Hyderabad,2020-05-10,76.2742664444807
Hyderabad,2020-05-11,75.98545786931554
Hyderabad,2020-05-12,76.20489928627364
Hyderabad,2020-05-13,75.6540465232527
Hyderabad,2020-05-14,76.35061311583766
Hyderabad,2020-05-15,76.46966686200302
Hyderabad,2020-05-16,77.03203776140839
Hyderabad,2020-05-17,77.16100107354308
Hyderabad,2020-05-18,76.89815304351659
Hyderabad,2020-05-19,77.13478001285016
Hyderabad,2020-05-20,76.59251990894548
Hyderabad,2020-05-21,77.28944824546349
Hyderabad,2020-05-22,77.40115990822947
Hyderabad,2020-05-23,77.94915853261807
Hyderabad,2020-05-24,78.05751776612064
Hyderabad,2020-05-25,77.76873260229851
Hyderabad,2020-05-26,77.97506219979171
Hyderabad,2020-05-27,77.39916391882075
Hyderabad,2020-05-28,78.06015145830786
Hyderabad,2020-05-29,78.13464912656201
Hyderabad,2020-05-30,78.64515478038768
Hyderabad,2020-05-31,78.71667641578036
Hyderabad,2020-06-01,78.39256122471798
Hyderabad,2020-06-02,78.56581908277201
Hyderabad,2020-06-03,77.95974065966922
Hyderabad,2020-06-04,78.5939433927685
Hyderabad,2020-06-05,78.64541760178321
Hyderabad,2020-06-06,79.1368854085192
Hyderabad,2020-06-07,79.19343745512602
Hyderabad,2020-06-08,78.85836612875744
Hyderabad,2020-06-09,79.0244970384567
Hyderabad,2020-06-10,78.41481861316379
Hyderabad,2020-06-11,79.04854264399067
Hyderabad,2020-06-12,79.10216755198466
Hyderabad,2020-06-13,79.5978564832596
Hyderabad,2020-06-14,79.66009461537169
Hyderabad,2020-06-15,79.33154374374651
Hyderabad,2020-06-16,79.50439524450762
Hyderabad,2020-06-17,78.90102064146633
Hyderabad,2020-06-18,79.54005198640549
Hyderabad,2020-06-19,79.59746326433384
Hyderabad,2020-06-20,80.09496441659392
Hyderabad,2020-06-21,80.15667193131554
Hyderabad,2020-06-22,79.82497372197994
Hyderabad,2020-06-23,79.99188913779318
Hyderabad,2020-06-24,79.37972318252898
Hyderabad,2020-06-25,80.0071471045576
Hyderabad,2020-06-26,80.05027662797683
Hyderabad,2020-06-27,80.53105957750492
Hyderabad,2020-06-28,80.57393710193749
Hyderabad,2020-06-29,80.22169655884518
Hyderabad,2020-06-30,80.36681732143177
Hyderabad,2020-07-01,79.73210906341231
Hyderabad,2020-07-02,80.33677521040251
Hyderabad,2020-07-03,80.35747338393162
Hyderabad,2020-07-04,80.81668516000121
Hyderabad,2020-07-05,80.83935991203231
Hyderabad,2020-07-06,80.46875134449313
Hyderabad,2020-07-07,80.59774848413579
Hyderabad,2020-07-08,79.94950113774716
Hyderabad,2020-07-09,80.54347289201897
Hyderabad,2020-07-10,80.55649379125134
Hyderabad,2020-07-11,81.01112523825164
Hyderabad,2020-07-12,81.03230201927946
Hyderabad,2020-07-13,80.66317009468044
Hyderabad,2020-07-15,80.15492874076347
Hyderabad,2020-07-16,80.75780392766534
Hyderabad,2020-07-17,80.7814671081309
Hyderabad,2020-07-18,81.24802330310933
Hyderabad,2020-07-19,81.28192028530799
Hyderabad,2020-07-20,80.9258027176794
Hyderabad,2020-07-21,81.0718641972843
Hyderabad,2020-07-22,80.44249652495402
Hyderabad,2020-07-23,81.05636850391879
Hyderabad,2020-07-24,81.08950557132954
Hyderabad,2020-07-25,81.56368194247376
Hyderabad,2020-07-26,81.60308929626258
Hyderabad,2020-07-27,81.25019979148168
Hyderabad,2020-07-28,81.397124314071
Hyderabad,2020-07-29,80.76626507526105
Hyderabad,2020-07-30,81.37639475224604
Hyderabad,2020-07-31,81.40373345595819
Hyderabad,2020-08-01,81.8703352794498
Hyderabad,2020-08-02,81.90074861946063
Hyderabad,2020-08-03,81.53786831026969
Hyderabad,2020-08-04,81.67428079737743
Hyderabad,2020-08-05,81.03290186606377
Hyderabad,2020-08-06,81.63303956738153
Hyderabad,2020-08-07,81.65145411921603
Hyderabad,2020-08-08,82.11072705600384
Hyderabad,2020-08-09,82.13590435119238
Hyderabad,2020-08-10,81.77033207812148
Hyderabad,2020-08-11,81.90698634291958
Hyderabad,2020-08-12,81.26909747421597
Hyderabad,2020-08-13,81.87620153183278
Hyderabad,2020-08-14,81.90519126862715
Hyderabad,2020-08-15,82.37867910175201
Hyderabad,2020-08-16,82.42163701766171
Hyderabad,2020-08-17,82.07723208832796
Hyderabad,2020-08-18,82.2381593518936
Hyderabad,2020-08-19,81.62727196968108
Hyderabad,2020-08-20,82.26364155815986
Hyderabad,2020-08-21,82.32362058073538
Hyderabad,2020-08-22,82.82921902798711
Hyderabad,2020-08-23,82.9047599144522
Hyderabad,2020-08-24,82.59273181630476
Hyderabad,2020-08-25,82.7851397068524
Hyderabad,2020-08-26,82.20415347701055
Hyderabad,2020-08-27,82.86818650172107
Hyderabad,2020-08-28,82.95297560299612
Hyderabad,2020-08-29,83.47997412319432
Hyderabad,2020-08-30,83.57302215631294
Hyderabad,2020-08-31,83.27421173044844
Hyderabad,2020-09-01,83.47524782910956
Hyderabad,2020-09-02,82.89810434225902
Hyderabad,2020-09-03,83.56110709394125
Hyderabad,2020-09-04,83.64001517114772
Hyderabad,2020-09-05,84.1564122339321
Hyderabad,2020-09-06,84.23437191401189
Hyderabad,2020-09-07,83.91631524607695
Hyderabad,2020-09-08,84.0943612573908
Hyderabad,2020-09-09,83.49097012452872
Hyderabad,2020-09-10,84.12501143232336
Hyderabad,2020-09-11,84.1728292068332
Hyderabad,2020-09-12,84.65661589475988
Hyderabad,2020-09-13,84.7010599198486
Hyderabad,2020-09-14,84.34918529849116
Hyderabad,2020-09-15,84.49368497721574
Hyderabad,2020-09-16,83.8575478205064
Hyderabad,2020-09-17,84.46011227067228
Hyderabad,2020-09-18,84.47811879066849
Hyderabad,2020-09-19,84.93407364034982
Hyderabad,2020-09-20,84.95288892236643
Hyderabad,2020-09-21,84.57771760389738
Hyderabad,2020-09-22,84.70128531213412
Hyderabad,2020-09-23,84.04651887437119
Hyderabad,2020-09-24,84.63260457236719
Hyderabad,2020-09-25,84.6360480767694
Hyderabad,2020-09-26,85.07904837803063
Hyderabad,2020-09-27,85.08615033376215
Hyderabad,2020-09-28,84.70009414965755
Hyderabad,2020-09-29,84.81316314129417
Hyderabad,2020-09-30,84.14782924912545
Hyderabad,2020-10-01,84.72282874448929
Hyderabad,2020-10-02,84.71423954327011
Hyderabad,2020-10-03,85.1438718935979
Hyderabad,2020-10-04,85.13593652316084
Hyderabad,2020-10-05,84.7329080606956
Hyderabad,2020-10-06,84.82688462361607
Hyderabad,2020-10-07,84.14024264957766
Hyderabad,2020-10-08,84.69171908883948
Hyderabad,2020-10-09,84.65749213618358
Hyderabad,2020-10-10,85.05957212212293
Hyderabad,2020-10-11,85.02246659822502
Hyderabad,2020-10-12,84.58903747873399
Hyderabad,2020-10-13,84.65185127553528
Hyderabad,2020-10-14,83.93382174350339
Hyderabad,2020-10-15,84.45427737990441
Hyderabad,2020-10-16,84.39002536228757
Hyderabad,2020-10-17,84.76372401761368
Hyderabad,2020-10-18,84.70052838470565
Hyderabad,2020-10-19,84.2439272984402
Hyderabad,2020-10-20,84.28707362200137
Hyderabad,2020-10-21,83.55340753933564
Hyderabad,2020-10-22,84.0627059352876
Hyderabad,2020-10-23,83.99213000332645
Hyderabad,2020-10-24,84.36458368439425
Hyderabad,2020-10-25,84.30534795003238
Hyderabad,2020-10-26,83.85790973599809
Hyderabad,2020-10-27,83.91528744583894
Hyderabad,2020-10-28,83.20065313593325
Hyderabad,2020-10-29,83.73338450864799
Hyderabad,2020-10-30,83.69011884879298
Hyderabad,2020-10-31,84.09312139768514
Hyderabad,2020-11-01,84.06693296642564
Hyderabad,2020-11-02,83.65421528598148
Hyderabad,2020-11-03,83.7470956156544
Hyderabad,2020-11-04,83.06781024500116
Hyderabad,2020-11-05,83.63477947323474
Hyderabad,2020-11-06,83.62368560752317
Hyderabad,2020-11-07,84.05586584536158
Hyderabad,2020-11-08,84.05498419547355
Hyderabad,2020-11-09,83.66290028718286
Hyderabad,2020-11-10,83.77103595972775
Hyderabad,2020-11-11,83.10103867084122
Hyderabad,2020-11-12,83.6708737641878
Hyderabad,2020-11-13,83.65591665835656
Hyderabad,2020-11-14,84.07735642323952
Hyderabad,2020-11-15,84.05887458883286
Hyderabad,2020-11-16,83.6425168258646
Hyderabad,2020-11-17,83.72005828339212
Hyderabad,2020-11-18,83.0136616239762
Hyderabad,2020-11-19,83.54195990448265
Hyderabad,2020-11-20,83.4811355782619
Hyderabad,2020-11-21,83.85330739611557
Hyderabad,2020-11-22,83.78318945296041
Hyderabad,2020-11-23,83.31394050072849
Hyderabad,2020-11-24,83.33850486012702
Hyderabad,2020-11-25,82.58024457102383
Hyderabad,2020-11-26,83.0589955641385
Hyderabad,2020-11-27,82.95211978319449
Hyderabad,2020-11-28,83.2828656896182
Hyderabad,2020-11-29,83.17700203556699
Hyderabad,2020-11-30,82.67864363214484
Hyderabad,2020-12-01,82.6815710037025
Hyderabad,2020-12-02,81.90984406378237
Hyderabad,2020-12-03,82.38384301673604
Hyderabad,2020-12-04,82.28130875039713
Hyderabad,2020-12-05,82.62569539565612
Hyderabad,2020-12-06,82.5428000844705
Hyderabad,2020-12-07,82.07658867872874
Hyderabad,2020-12-08,82.12051930621904
Hyderabad,2020-12-09,81.3981636877028
Hyderabad,2020-12-10,81.92925921599685
Hyderabad,2020-12-11,81.89076372589035
Hyderabad,2020-12-12,82.30522523075778
Hyderabad,2020-12-13,82.29743119612903
Hyderabad,2020-12-14,81.91025561320373
Hyderabad,2020-12-15,82.03600516579652
Hyderabad,2020-12-16,81.3970639134271
Hyderabad,2020-12-17,82.01196888711375
Hyderabad,2020-12-18,82.05648798432273
Hyderabad,2020-12-19,82.55201191294223
Hyderabad,2020-12-20,82.62222426820695
Hyderabad,2020-12-21,82.30896757085863
Hyderabad,2020-12-22,82.5036061870325
Hyderabad,2020-12-23,81.9276852495618
Hyderabad,2020-12-24,82.59901775003381
Hyderabad,2020-12-25,82.69277104039986
Hyderabad,2020-12-26,83.22986442708972
Hyderabad,2020-12-27,83.33364195431304
Hyderabad,2020-12-28,83.04573829392011
Hyderabad,2020-12-29,83.25743882213067
Hyderabad,2020-12-30,82.69033322611212
Hyderabad,2020-12-31,83.36239508730321
